{
"type": "FeatureCollection",
"name": "Management Regime",
"crs": { "type": "name", "properties": { "name": "urn:ogc:def:crs:OGC:1.3:CRS84" } },
"features": [
{ "type": "Feature", "properties": { "OBJECTID": 3, "Name": "Dhanushadham", "code": " ", "regime": "PF", "area_ha": 359.93546541000001 }, "geometry": { "type": "MultiPolygon", "coordinates": [ [ [ [ 86.039432999731218, 26.852022999865824 ], [ 86.039891999712893, 26.851977000222291 ], [ 86.041121999369921, 26.852129999916372 ], [ 86.042266000045288, 26.852208999441075 ], [ 86.046273999914717, 26.852536999949109 ], [ 86.049149000567979, 26.852263000391133 ], [ 86.055371999870943, 26.850999999953672 ], [ 86.055451000294909, 26.850885999546733 ], [ 86.058801999996547, 26.846019000019226 ], [ 86.058556000065153, 26.844953999767881 ], [ 86.058393999912937, 26.843949999923552 ], [ 86.058145999879741, 26.842827999468682 ], [ 86.05788900028773, 26.841653000812641 ], [ 86.057572000339576, 26.840201999798808 ], [ 86.057409000136431, 26.837222000096062 ], [ 86.056654000376227, 26.835107999508409 ], [ 86.055572999310357, 26.833522999767581 ], [ 86.055474999717887, 26.832232000602858 ], [ 86.055451000294909, 26.831137999774626 ], [ 86.054152999874532, 26.831048999740972 ], [ 86.052896000641795, 26.830922000470991 ], [ 86.051835999745606, 26.830903000403168 ], [ 86.051106999510182, 26.83069200045469 ], [ 86.050433000275746, 26.830442999471245 ], [ 86.050170999529939, 26.831242999723429 ], [ 86.049536000482021, 26.831515999230533 ], [ 86.048856000042861, 26.831614999773194 ], [ 86.047963000452739, 26.83155599946798 ], [ 86.047125999216462, 26.831520999485008 ], [ 86.047084000675909, 26.831163999299406 ], [ 86.044847000122502, 26.831039000131227 ], [ 86.044456000004914, 26.831017999961659 ], [ 86.044077000498078, 26.832144999771685 ], [ 86.043745999837313, 26.834406999798944 ], [ 86.043560999413614, 26.834520999306505 ], [ 86.043576999328764, 26.835413999795946 ], [ 86.043604999854665, 26.837009000045782 ], [ 86.042233999315727, 26.84156499993054 ], [ 86.042309999587019, 26.84168099953996 ], [ 86.042153999740208, 26.842267999741807 ], [ 86.041447000624601, 26.841699999607783 ], [ 86.041200999793887, 26.843385999993075 ], [ 86.039939000306674, 26.844904999971618 ], [ 86.039783999611416, 26.845496999528677 ], [ 86.039828000052466, 26.845675999646971 ], [ 86.039836999611282, 26.845795999459938 ], [ 86.039758000086636, 26.846043999493133 ], [ 86.039626999713676, 26.846375999305508 ], [ 86.039474000019595, 26.846799000152714 ], [ 86.03936400071558, 26.847171000202479 ], [ 86.039271999629875, 26.847571999929812 ], [ 86.039182000444669, 26.847927000013613 ], [ 86.039119999986667, 26.84816600048805 ], [ 86.038914000292721, 26.848819999603734 ], [ 86.03858599978463, 26.849826999600793 ], [ 86.038471999377748, 26.850095000652061 ], [ 86.037988999973038, 26.850196999548814 ], [ 86.037657000160664, 26.850272000668497 ], [ 86.037393000212376, 26.850330000023519 ], [ 86.036954000349397, 26.850443000379528 ], [ 86.036935000281574, 26.850634000209254 ], [ 86.036971999466971, 26.850742999462341 ], [ 86.0373540000258, 26.850975000479764 ], [ 86.037443000059511, 26.851056999257764 ], [ 86.037773999820956, 26.85136500054648 ], [ 86.038086000413955, 26.851549000019929 ], [ 86.038103999531529, 26.85175000035872 ], [ 86.038157999582268, 26.852005999899802 ], [ 86.038179999802821, 26.852366000238078 ], [ 86.038216999887538, 26.852583999643571 ], [ 86.038415000073599, 26.852523000135818 ], [ 86.038620000615992, 26.852459999626944 ], [ 86.039432999731218, 26.852022999865824 ] ] ] ] } },
{ "type": "Feature", "properties": { "OBJECTID": 4, "Name": "Jalaidh", "code": " ", "regime": "CFM", "area_ha": 2113.8292074000001 }, "geometry": { "type": "MultiPolygon", "coordinates": [ [ [ [ 86.000156999694241, 27.021594000587925 ], [ 86.00049799996475, 27.021481999383525 ], [ 86.000561999625177, 27.021406000011552 ], [ 86.000903999946559, 27.021234000249649 ], [ 86.000904999997488, 27.021234000249649 ], [ 86.00090600004836, 27.021234000249649 ], [ 86.001388000301461, 27.021118999791838 ], [ 86.001431000691639, 27.021108999282774 ], [ 86.001575999978513, 27.020659000658554 ], [ 86.001701000046012, 27.020313000133569 ], [ 86.002030999756585, 27.02055199970863 ], [ 86.003700000175911, 27.020974999656517 ], [ 86.00434799988551, 27.02007300050758 ], [ 86.006655000404749, 27.018999000697363 ], [ 86.009295999938786, 27.018902000256503 ], [ 86.011902000389284, 27.018806000765835 ], [ 86.012043999523485, 27.018801000511303 ], [ 86.012183999455203, 27.018708000274046 ], [ 86.012269000184574, 27.018690000257095 ], [ 86.012439999895605, 27.018690999408705 ], [ 86.012608999504835, 27.018768999781742 ], [ 86.012625000319247, 27.018780000341678 ], [ 86.013293999299208, 27.018754999968451 ], [ 86.014134999839712, 27.019337999966751 ], [ 86.015246999785518, 27.020164999794645 ], [ 86.015279999666632, 27.020166999896446 ], [ 86.015690999902972, 27.020031000168331 ], [ 86.015962999359203, 27.019941000083747 ], [ 86.016217999748733, 27.019887000033009 ], [ 86.016985000119746, 27.01981499996532 ], [ 86.017837999472476, 27.019628999490749 ], [ 86.018349000302408, 27.019632999694352 ], [ 86.01894500006307, 27.019577999592741 ], [ 86.01931600006202, 27.019571000135727 ], [ 86.019618000145954, 27.019408999983511 ], [ 86.019978000484286, 27.018794000155026 ], [ 86.027963999595329, 27.013850000305297 ], [ 86.028045000121153, 27.013799999558842 ], [ 86.027952999934769, 27.013586999508561 ], [ 86.027933000715336, 27.013432999763552 ], [ 86.028083000256743, 27.013241999933825 ], [ 86.028317999628257, 27.013129000477136 ], [ 86.028361000018378, 27.013071000222737 ], [ 86.028384999441414, 27.012784000003023 ], [ 86.028450000052032, 27.012630999409566 ], [ 86.028770000152917, 27.012441999681641 ], [ 86.028879000305324, 27.012194000547765 ], [ 86.028858000135699, 27.012117000225601 ], [ 86.02864700018722, 27.011962000429662 ], [ 86.028626000017596, 27.011867000090547 ], [ 86.028650000339951, 27.011637000074302 ], [ 86.028822000101854, 27.011331999837637 ], [ 86.028909000033764, 27.011104000822456 ], [ 86.028888999915011, 27.01095099932968 ], [ 86.028805000135833, 27.01079699958467 ], [ 86.027916000749315, 27.010214999637299 ], [ 86.027788999680695, 27.010158000333149 ], [ 86.027469999630739, 27.010096999926077 ], [ 86.027343000360759, 27.010019999603912 ], [ 86.027174000751529, 27.009884999926726 ], [ 86.02709100012396, 27.009616000623225 ], [ 86.027242999767168, 27.009234000064396 ], [ 86.027374000140071, 27.008774000031792 ], [ 86.027336000004425, 27.008238999778882 ], [ 86.027592999596436, 27.008028999881276 ], [ 86.027976999357747, 27.007898000407693 ], [ 86.028106000528169, 27.007784000000811 ], [ 86.028170999340205, 27.00761300028978 ], [ 86.028129999951204, 27.007458999645394 ], [ 86.028088000511275, 27.007381999323229 ], [ 86.027960999442655, 27.00728399973076 ], [ 86.027577999732216, 27.007186999289843 ], [ 86.027324000292936, 27.007069999629607 ], [ 86.027283000004616, 27.006877999748951 ], [ 86.027305000225113, 27.006725000054814 ], [ 86.027498000156697, 27.006516000208137 ], [ 86.027415999580001, 27.00620900076899 ], [ 86.027310000479645, 27.006092999360988 ], [ 86.026863999361012, 27.00605199997193 ], [ 86.026673999582158, 27.005878999259778 ], [ 86.026528000244355, 27.005474000228162 ], [ 86.026402000125984, 27.005243000160988 ], [ 86.026001000398651, 27.00487700041657 ], [ 86.025854000110598, 27.004569000027232 ], [ 86.025875999431832, 27.004415999433775 ], [ 86.026005000602254, 27.00428299985839 ], [ 86.026431000702814, 27.004247999875474 ], [ 86.026687000243896, 27.004190999672005 ], [ 86.02754400069955, 27.003449999725092 ], [ 86.027800999392184, 27.003280000064933 ], [ 86.028056999832643, 27.003166999708981 ], [ 86.028228000442994, 27.003129999624207 ], [ 86.028421000374522, 27.002959999964105 ], [ 86.028422000425451, 27.002824000235989 ], [ 86.028274000086526, 27.002593000168815 ], [ 86.027831000019944, 27.002150000102233 ], [ 86.027323000242006, 27.001782999407624 ], [ 86.027049999835583, 27.001358999408865 ], [ 86.027115000446258, 27.001205999714728 ], [ 86.027308000377843, 27.001036000054626 ], [ 86.027521000428123, 27.000998999969852 ], [ 86.027775999918276, 27.001001000071653 ], [ 86.027926000359059, 27.000904999681666 ], [ 86.027968999849861, 27.00082899941043 ], [ 86.027948999731109, 27.000733999970635 ], [ 86.027885000070683, 27.000674999665421 ], [ 86.027629999681153, 27.000633999377044 ], [ 86.027461000071924, 27.000538999937305 ], [ 86.027418999732674, 27.00046199961514 ], [ 86.027432999546022, 27.000333000243302 ], [ 86.027434999647824, 27.000109999684014 ], [ 86.027678000325807, 26.999827000567223 ], [ 86.027835000223547, 26.999775999769838 ], [ 86.028080000104069, 26.999698999447673 ], [ 86.028170999340205, 26.999593000347318 ], [ 86.028125000595992, 26.999312999584561 ], [ 86.027916999900924, 26.998979999721314 ], [ 86.027911000494839, 26.998930999925051 ], [ 86.027926000359059, 26.998888000434249 ], [ 86.028053000528359, 26.998666999976763 ], [ 86.028161999781389, 26.998554999671626 ], [ 86.028592000085553, 26.998330000809176 ], [ 86.028691000628271, 26.998215999502975 ], [ 86.028635000475731, 26.997936000538857 ], [ 86.028346999305768, 26.997397000082287 ], [ 86.028387999594088, 26.996944000406017 ], [ 86.028737999423356, 26.996485999575953 ], [ 86.029119999982186, 26.996293999695297 ], [ 86.029450999743688, 26.996263000815304 ], [ 86.02958300016752, 26.99618500044221 ], [ 86.029908999674433, 26.995073999647957 ], [ 86.030420999655973, 26.994628999479573 ], [ 86.030520000198692, 26.994297999718128 ], [ 86.030526000504096, 26.993941000431846 ], [ 86.030765999230766, 26.993459999330298 ], [ 86.031090000434574, 26.993065000807746 ], [ 86.031174999365305, 26.992780999841386 ], [ 86.031110000553269, 26.99242899991026 ], [ 86.030782000045178, 26.991926000386854 ], [ 86.030170000369367, 26.991587999369756 ], [ 86.029608000540748, 26.991360000354632 ], [ 86.029494000133809, 26.991147000304352 ], [ 86.029457000049092, 26.990733999966153 ], [ 86.02960900059162, 26.990556999949717 ], [ 86.029777000149977, 26.99046099955973 ], [ 86.029843999963134, 26.990367000170863 ], [ 86.02969199942055, 26.99019500040896 ], [ 86.028732000017271, 26.989107999937005 ], [ 86.02772700012207, 26.987968000364617 ], [ 86.02735700017405, 26.987331000315578 ], [ 86.027103999886322, 26.98689499970601 ], [ 86.026951000192241, 26.986856000418754 ], [ 86.026232000465825, 26.986537999520408 ], [ 86.025678000145092, 26.986159000013572 ], [ 86.025628000297957, 26.985833999658212 ], [ 86.025740999754589, 26.985396999897034 ], [ 86.025697999364468, 26.985229999490286 ], [ 86.025259000400808, 26.984793000628486 ], [ 86.025139999739395, 26.984569000018269 ], [ 86.024926000537562, 26.983743999392857 ], [ 86.024785999706523, 26.983532999444378 ], [ 86.024154999962889, 26.982892000091113 ], [ 86.023804000082691, 26.982384999464728 ], [ 86.023729999913257, 26.98202299992397 ], [ 86.023830999658401, 26.981578999806516 ], [ 86.02371900025264, 26.98114700029987 ], [ 86.023452999303174, 26.980709999639373 ], [ 86.023387000440266, 26.980457000250965 ], [ 86.023437999439011, 26.980351999402899 ], [ 86.023230000542526, 26.979935999811346 ], [ 86.023235000797058, 26.97992700025253 ], [ 86.023257999269845, 26.979888000066012 ], [ 86.023091999813346, 26.979834000015273 ], [ 86.02302399994926, 26.979706999845973 ], [ 86.021460172149432, 26.979176692277917 ], [ 86.018579999470262, 26.978200000478239 ], [ 86.019022000385291, 26.974437000489331 ], [ 86.018929999299587, 26.96926399977491 ], [ 86.019398999790269, 26.966973999221693 ], [ 86.020032000535025, 26.96437700012865 ], [ 86.021502999868915, 26.961160000053326 ], [ 86.024171000777358, 26.958381999840924 ], [ 86.027534845557284, 26.956377789014198 ], [ 86.0281997660922, 26.955981622266677 ], [ 86.028753000186896, 26.955652000273176 ], [ 86.02904400061027, 26.955420000155073 ], [ 86.028974582508567, 26.955265615498377 ], [ 86.02891902932123, 26.955142066943608 ], [ 86.028159999679588, 26.953453999906344 ], [ 86.028439000391472, 26.950102000153777 ], [ 86.028566119271829, 26.948807573656325 ], [ 86.028574864321286, 26.948718524159688 ], [ 86.028624999966723, 26.948207999972681 ], [ 86.02762599947755, 26.947294000212935 ], [ 86.027071129508215, 26.947460131870457 ], [ 86.026614000125335, 26.947597000347798 ], [ 86.025538999364926, 26.947918000499556 ], [ 86.025517098070281, 26.947924550293408 ], [ 86.024488999877065, 26.948231999395716 ], [ 86.024337000233857, 26.948588999581318 ], [ 86.024063999827433, 26.94922999983396 ], [ 86.023851999828025, 26.949729000053026 ], [ 86.022963999593117, 26.948325000532293 ], [ 86.022936822850113, 26.948281756424706 ], [ 86.022826999814072, 26.948107000227537 ], [ 86.02227500049446, 26.948114999735424 ], [ 86.021694000597961, 26.94812300014263 ], [ 86.021527000191213, 26.94812600029536 ], [ 86.020736000397164, 26.948136999955921 ], [ 86.020336999872313, 26.948143000261325 ], [ 86.019772999941893, 26.947884999719122 ], [ 86.01975299982314, 26.947876000160306 ], [ 86.019257000656069, 26.947649999448288 ], [ 86.018756999486698, 26.947422000433164 ], [ 86.018429999928856, 26.947271999992438 ], [ 86.017491999846811, 26.946844000689396 ], [ 86.017500000254017, 26.947267999788835 ], [ 86.017505999660102, 26.947618000517423 ], [ 86.017515000118237, 26.948116999837225 ], [ 86.017518373491328, 26.948291946691597 ], [ 86.017522000474514, 26.948480000328232 ], [ 86.015870000021266, 26.948949999970523 ], [ 86.014708000228268, 26.948966999936545 ], [ 86.014623159579003, 26.948926353982756 ], [ 86.013200999961214, 26.948245000057398 ], [ 86.011879000117858, 26.94856099995468 ], [ 86.011350000170296, 26.946634999943399 ], [ 86.011347000017622, 26.946634999943399 ], [ 86.010032000530543, 26.947397000059937 ], [ 86.009025669632308, 26.947411829052101 ], [ 86.00853900007678, 26.947419000280433 ], [ 86.007696999485347, 26.947514999771101 ], [ 86.007048000624195, 26.947588999940592 ], [ 86.005724999830534, 26.947904999837817 ], [ 86.003274000075351, 26.952617000468763 ], [ 86.002995999414395, 26.953149999720551 ], [ 86.002966999736884, 26.953353000161144 ], [ 86.002838999516655, 26.953525999973976 ], [ 86.002404999908208, 26.95355899985509 ], [ 86.002009000435407, 26.953960000481743 ], [ 86.001855999841951, 26.954040000057319 ], [ 86.001433999944993, 26.954234000039776 ], [ 86.001318999487182, 26.954359000107274 ], [ 86.001114999895037, 26.954691999970578 ], [ 86.000885000778055, 26.954829999800438 ], [ 86.000424999846189, 26.95498899979998 ], [ 85.999975999474202, 26.955056000512457 ], [ 85.999630999899409, 26.955150999952252 ], [ 85.999199999544317, 26.955297000189375 ], [ 85.998893000105227, 26.955352999442596 ], [ 85.998280999530095, 26.955306000647511 ], [ 85.997873000345749, 26.955260000104659 ], [ 85.997532000075296, 26.955137999290514 ], [ 85.997227999889503, 26.955097999952386 ], [ 85.996908999839548, 26.955102000155989 ], [ 85.996499000553456, 26.955184999884239 ], [ 85.995935999774531, 26.955532999611762 ], [ 85.995577000386447, 26.955714999882673 ], [ 85.995062000252233, 26.955885000442152 ], [ 85.994586000304537, 26.956056000153183 ], [ 85.994402999982697, 26.956201000339433 ], [ 85.994089000187216, 26.956455999829586 ], [ 85.993920000577987, 26.956629000541795 ], [ 85.9936990001205, 26.956721999879733 ], [ 85.993489000222951, 26.95694600048995 ], [ 85.993079000037483, 26.957302999776232 ], [ 85.992702999784058, 26.95763799974128 ], [ 85.992466999462351, 26.957859000198766 ], [ 85.992365999717208, 26.957940000724591 ], [ 85.993127999833746, 26.960976999731429 ], [ 85.9930899996981, 26.961061000409927 ], [ 85.993005999918921, 26.961299999985044 ], [ 85.993043000003638, 26.961606000272582 ], [ 85.993067999477546, 26.96181700022106 ], [ 85.993103000359838, 26.961920999219615 ], [ 85.993198999850506, 26.96214299972803 ], [ 85.993293000138692, 26.962419000287184 ], [ 85.993312000206515, 26.962659999964046 ], [ 85.993296000291366, 26.962914000302646 ], [ 85.993269999867266, 26.963221999792722 ], [ 85.993280000376274, 26.963325999690596 ], [ 85.993339000681544, 26.963498000351876 ], [ 85.993440999578297, 26.96375599999476 ], [ 85.993565999645796, 26.964020999993977 ], [ 85.993764999882728, 26.964319000773628 ], [ 85.99402499962747, 26.964696000178662 ], [ 85.994212000152913, 26.96496100017788 ], [ 85.994336999321092, 26.965138999345868 ], [ 85.994521999744791, 26.96537200041422 ], [ 85.994570999540997, 26.965376999769376 ], [ 85.99543999970814, 26.967091999832235 ], [ 85.996330000044907, 26.967476000492866 ], [ 85.996323999739445, 26.967493000458887 ], [ 85.996449999857873, 26.967663000118989 ], [ 85.996518999772832, 26.967782999932012 ], [ 85.996640999687656, 26.967868999812936 ], [ 85.997169999635162, 26.967341000815622 ], [ 85.997293000500179, 26.966987999934304 ], [ 85.997420999821088, 26.966702999816391 ], [ 85.998243000293769, 26.966011000565061 ], [ 85.998762999783196, 26.965746999717396 ], [ 85.998776000444934, 26.965761000430007 ], [ 85.999071000172535, 26.965806000022667 ], [ 85.999273999713807, 26.965866999530363 ], [ 85.999439000018754, 26.966061999563749 ], [ 85.999541000714146, 26.966233999325709 ], [ 85.999828000034597, 26.966544999867779 ], [ 86.000150999388836, 26.966947000545304 ], [ 86.000330999558003, 26.967222000154209 ], [ 86.00048300010053, 26.967539999253972 ], [ 86.000581999743872, 26.967815999813126 ], [ 86.000738999641612, 26.968244000015488 ], [ 86.000864000608431, 26.968675999522134 ], [ 86.000969999708786, 26.969058000080963 ], [ 86.001042000675795, 26.969317999825648 ], [ 86.001157000234286, 26.969662000248832 ], [ 86.001499999707278, 26.970624999804841 ], [ 86.001697999893338, 26.971009999617024 ], [ 86.001860000045554, 26.971397000430386 ], [ 86.001920000401697, 26.9715310000567 ], [ 86.001848999485617, 26.971633999903645 ], [ 86.001779000419106, 26.971853000259387 ], [ 86.00158700053845, 26.972036000581227 ], [ 86.001582000283918, 26.97206599941029 ], [ 85.999881000034406, 26.973117999899273 ], [ 85.999889000441613, 26.973237999712296 ], [ 85.999773999983859, 26.973559999914983 ], [ 85.999710000323375, 26.974017999845728 ], [ 85.99951800044272, 26.974383999590145 ], [ 85.99923699962909, 26.974681999470477 ], [ 85.999106000155507, 26.974940000012737 ], [ 85.999031999986016, 26.975185999944131 ], [ 85.99899400074969, 26.97546399970571 ], [ 85.999018999324278, 26.975713999840764 ], [ 85.9990359992903, 26.975723000298842 ], [ 85.999021999477009, 26.975727000502502 ], [ 85.999087000087684, 26.976007999517492 ], [ 85.999146000392898, 26.976449000381592 ], [ 85.999093999544641, 26.976644999566531 ], [ 85.998940999850561, 26.976746999362604 ], [ 85.998350000344374, 26.976753999718881 ], [ 85.997649000634908, 26.976823999684768 ], [ 85.997510999905671, 26.976727000143171 ], [ 85.997398999600534, 26.976737000652236 ], [ 85.996987999364194, 26.976805999667818 ], [ 85.996597999297478, 26.976834000193776 ], [ 85.996196999570145, 26.976969999921891 ], [ 85.996087000266186, 26.977041999989524 ], [ 85.996133999960591, 26.977108000651128 ], [ 85.995980000215582, 26.977205000192669 ], [ 85.995859999503296, 26.977372999751026 ], [ 85.995855000148083, 26.977543999462057 ], [ 85.995976000011979, 26.977789000241899 ], [ 85.996111999740094, 26.977940999885107 ], [ 85.996261000129948, 26.978081999867698 ], [ 85.996400000010738, 26.978195000223707 ], [ 85.996560000061152, 26.978353000172319 ], [ 85.996721000162495, 26.978609000612778 ], [ 85.996815999602291, 26.978761000255986 ], [ 85.996871999754831, 26.979002999983777 ], [ 85.996869999653029, 26.979105999830779 ], [ 85.99698500011084, 26.979522000321595 ], [ 85.997101000619523, 26.979895000422346 ], [ 85.997173999838765, 26.980065000082448 ], [ 85.997259000568192, 26.980202999912365 ], [ 85.997405999956868, 26.980413999860843 ], [ 85.997604000142928, 26.980625999860194 ], [ 85.997761000040668, 26.980769999995516 ], [ 85.997762000091541, 26.980771000046445 ], [ 85.997787999616378, 26.980839999961404 ], [ 85.997825999752024, 26.980942999808349 ], [ 85.997802000328988, 26.981040000249266 ], [ 85.997748999429859, 26.981195000045204 ], [ 85.997649000634908, 26.981261999858361 ], [ 85.997622000159879, 26.981337000078724 ], [ 85.997397999549662, 26.981495000027337 ], [ 85.997253000262731, 26.981627999602722 ], [ 85.997099000517721, 26.981771000586491 ], [ 85.996873999856632, 26.981899999958273 ], [ 85.996733999924913, 26.981968999873231 ], [ 85.99651700057035, 26.982060000008687 ], [ 85.996278000095913, 26.98215000009327 ], [ 85.996001000385206, 26.982224999414314 ], [ 85.995702999605555, 26.982282999668655 ], [ 85.995451999419629, 26.982334000466039 ], [ 85.995215999997242, 26.982400999379877 ], [ 85.995137999624205, 26.98243400016031 ], [ 85.995112000099368, 26.982449000024531 ], [ 85.995023000065714, 26.982497999820737 ], [ 85.994942999590819, 26.982647000210591 ], [ 85.994973000218579, 26.982922000718816 ], [ 85.99504600033714, 26.98302599971737 ], [ 85.995167000201036, 26.983133999818904 ], [ 85.995245000574073, 26.983207999988338 ], [ 85.995348999572684, 26.983353000174588 ], [ 85.995609000216689, 26.983423000140419 ], [ 85.995861999605097, 26.983505999868669 ], [ 85.996108000435811, 26.983619000224678 ], [ 85.996274999943239, 26.983725999375963 ], [ 85.99650199980681, 26.983876000716009 ], [ 85.996578999229655, 26.983943999680776 ], [ 85.996656999602749, 26.983970000104875 ], [ 85.996698999941998, 26.984024000155614 ], [ 85.99671499985709, 26.984019999952011 ], [ 85.99685399973788, 26.984107999934793 ], [ 85.996993999669598, 26.984169000341865 ], [ 85.997125000042558, 26.984195999917574 ], [ 85.9972840000421, 26.98420100017205 ], [ 85.997398999600534, 26.984195999917574 ], [ 85.997649000634908, 26.984114999391807 ], [ 85.997822000447741, 26.98411799954448 ], [ 85.998020999785354, 26.984083999612437 ], [ 85.998089999700312, 26.984072999951877 ], [ 85.998192000395761, 26.984107999934793 ], [ 85.998293999292514, 26.984152999527396 ], [ 85.998421000361134, 26.984246000664029 ], [ 85.998497999783979, 26.984302999968179 ], [ 85.998592000072165, 26.98440300056177 ], [ 85.998637999715697, 26.984450999407784 ], [ 85.99868300020762, 26.984543999645041 ], [ 85.998726999749351, 26.984633999729624 ], [ 85.998648999376258, 26.98471300015359 ], [ 85.99855600003832, 26.984806000390904 ], [ 85.998476999614354, 26.984883999864621 ], [ 85.998361000004934, 26.985003000526035 ], [ 85.998268999818606, 26.985108000474838 ], [ 85.998242000242897, 26.985139000254151 ], [ 85.998196999750917, 26.985224000084202 ], [ 85.998160999717072, 26.985269999727734 ], [ 85.997999000464176, 26.985596999285633 ], [ 85.99796100032853, 26.985781999709275 ], [ 85.997922000142012, 26.985932000150001 ], [ 85.997884000006366, 26.986079000438053 ], [ 85.997755999786136, 26.986354000046958 ], [ 85.997754999735264, 26.986400999741363 ], [ 85.997682000516022, 26.986530000012522 ], [ 85.997649000634908, 26.986580999910529 ], [ 85.997608000346531, 26.986710999333241 ], [ 85.997500000245054, 26.986836000300059 ], [ 85.99742299992289, 26.986923999383521 ], [ 85.997277000585086, 26.987105999654489 ], [ 85.997276000534157, 26.987139999586475 ], [ 85.997143000059452, 26.987341999976195 ], [ 85.997019000042826, 26.987647999364412 ], [ 85.99699999997506, 26.987864999618296 ], [ 85.997020000093755, 26.988060999702554 ], [ 85.997020000093755, 26.988335000159907 ], [ 85.997020000093755, 26.98850799997274 ], [ 85.997029999703443, 26.988514000278144 ], [ 85.997025000348287, 26.988527000040563 ], [ 85.997036000008848, 26.988566000227081 ], [ 85.997050999873068, 26.988618999327628 ], [ 85.997062000433004, 26.988657000362593 ], [ 85.997080000449898, 26.988719999972091 ], [ 85.997095000314118, 26.988774999174439 ], [ 85.997107000025608, 26.988818999615489 ], [ 85.997116000483743, 26.988853999598405 ], [ 85.997122000789147, 26.98887799992076 ], [ 85.997120000687346, 26.988878999971632 ], [ 85.997123999991629, 26.988885000277037 ], [ 85.997157999923672, 26.989016999801549 ], [ 85.997216000178014, 26.989209999733134 ], [ 85.997297000703782, 26.989439999749379 ], [ 85.997352999957002, 26.989576999528424 ], [ 85.997433000431897, 26.98975399954486 ], [ 85.997485000380834, 26.98988100061348 ], [ 85.997524999718962, 26.990000000375574 ], [ 85.997595999735722, 26.990241000052492 ], [ 85.997620000058077, 26.990453000051843 ], [ 85.997619000007148, 26.990746999728572 ], [ 85.997612999701744, 26.990953000321895 ], [ 85.997608000346531, 26.991135999744415 ], [ 85.997608000346531, 26.99146699950586 ], [ 85.997607000295659, 26.99158299911528 ], [ 85.997631999769567, 26.991775999946128 ], [ 85.997649000634908, 26.991902000064556 ], [ 85.997722999905022, 26.991982999691004 ], [ 85.997811999938733, 26.99213300013173 ], [ 85.997844000668238, 26.992198999894015 ], [ 85.997850000074322, 26.992210999605504 ], [ 85.997910999582075, 26.992335999673003 ], [ 85.997967999785544, 26.992454000283487 ], [ 85.998029000192616, 26.992568999841978 ], [ 85.998090999751241, 26.992680000096186 ], [ 85.998125999734157, 26.992755999468159 ], [ 85.998142999700178, 26.99279899985828 ], [ 85.998122999581426, 26.992870999925969 ], [ 85.998104999564532, 26.992935999637268 ], [ 85.998054000565844, 26.992969999569311 ], [ 85.997937000006232, 26.992988999637134 ], [ 85.99784900002345, 26.993004000400674 ], [ 85.997735999667441, 26.992995999993468 ], [ 85.997649000634908, 26.992988999637134 ], [ 85.997590000329637, 26.993061000604143 ], [ 85.997471000567543, 26.993090999433207 ], [ 85.997367999821222, 26.993115999806435 ], [ 85.997180000144169, 26.993132999772456 ], [ 85.997048999771266, 26.993161000298414 ], [ 85.996948999177675, 26.993182999619592 ], [ 85.996832999568312, 26.993216000400025 ], [ 85.996704000196473, 26.993269000399891 ], [ 85.996606999755613, 26.993357000382673 ], [ 85.996530000332768, 26.993428000399433 ], [ 85.996511000264945, 26.993448000518129 ], [ 85.996507000061342, 26.993448000518129 ], [ 85.996454000061476, 26.993515999482838 ], [ 85.996425999535575, 26.99361900022916 ], [ 85.996421000180362, 26.99379099999112 ], [ 85.996458000265079, 26.994001999939599 ], [ 85.996483999789916, 26.994251000023667 ], [ 85.996504999959541, 26.99441199922569 ], [ 85.996562000162953, 26.994564000667594 ], [ 85.996635000281515, 26.994758000650052 ], [ 85.996666000060884, 26.994997999376665 ], [ 85.996692000484984, 26.995220999936009 ], [ 85.996703000145601, 26.995326000784075 ], [ 85.996716999958892, 26.995472000121879 ], [ 85.996724000315226, 26.995677000664273 ], [ 85.996675999670572, 26.995736999221776 ], [ 85.996586999636861, 26.995834000562013 ], [ 85.996526000129165, 26.995879000154616 ], [ 85.996373000435028, 26.995908999883056 ], [ 85.996221999943373, 26.99590100037517 ], [ 85.99607599970625, 26.995892999967964 ], [ 85.995944000181794, 26.995879000154616 ], [ 85.995839999384543, 26.995859000035921 ], [ 85.995747000046606, 26.995823000002076 ], [ 85.99564100004693, 26.995801999832452 ], [ 85.99546899938565, 26.995806000036055 ], [ 85.995387000607593, 26.995864000290453 ], [ 85.995312999538839, 26.995916999390943 ], [ 85.995348000421075, 26.996021000188136 ], [ 85.995422000590565, 26.99612600013694 ], [ 85.995543999606014, 26.996235000289346 ], [ 85.995705999758286, 26.99638000047554 ], [ 85.995870000012303, 26.996527999915145 ], [ 85.995972999859305, 26.996670999999594 ], [ 85.996050000181469, 26.996756999880574 ], [ 85.996067000147491, 26.996772999795667 ], [ 85.996037999570603, 26.996896999812293 ], [ 85.995965000351362, 26.997048999455501 ], [ 85.995939999978134, 26.99710199945531 ], [ 85.995929000317574, 26.997123999675864 ], [ 85.995927000215772, 26.997149000049092 ], [ 85.995914999604906, 26.997277000269321 ], [ 85.995883999825594, 26.997383000268997 ], [ 85.995842999537274, 26.997467000048175 ], [ 85.995629999486994, 26.997622999894986 ], [ 85.995403000522742, 26.997749000013357 ], [ 85.995206000387554, 26.997841000199742 ], [ 85.995056999997701, 26.997903999809296 ], [ 85.994974000269451, 26.997939000691588 ], [ 85.994790999947611, 26.998081999876661 ], [ 85.994613999931175, 26.998232999468939 ], [ 85.994554999625905, 26.998284000266324 ], [ 85.994520999693862, 26.998293999876012 ], [ 85.99450399972784, 26.998386000062396 ], [ 85.994471000746046, 26.998440000113135 ], [ 85.994447000423747, 26.998486000655987 ], [ 85.994445000321946, 26.998555999722555 ], [ 85.994467000542443, 26.998586999501867 ], [ 85.994500999575166, 26.998635000146521 ], [ 85.994567000236714, 26.99872999958626 ], [ 85.99469099935402, 26.998813000213886 ], [ 85.99474699950656, 26.998851000349532 ], [ 85.995080999420736, 26.998836000485312 ], [ 85.995336999861138, 26.998895999942135 ], [ 85.995522000284836, 26.998959999602562 ], [ 85.995646999453015, 26.998940999534739 ], [ 85.995760999859897, 26.998918999314242 ], [ 85.995871000063175, 26.998911999857228 ], [ 85.99596700045322, 26.998913999959029 ], [ 85.996118000045499, 26.998962999755292 ], [ 85.996218999790699, 26.999034999822925 ], [ 85.996239999960324, 26.999123999856636 ], [ 85.996379999892042, 26.999188000416382 ], [ 85.996454000061476, 26.999270000093759 ], [ 85.996479000434704, 26.99931399963549 ], [ 85.996516000519478, 26.999380000297037 ], [ 85.996569999670896, 26.999423999838768 ], [ 85.996610999959216, 26.999499000059132 ], [ 85.996610999959216, 26.999547999855395 ], [ 85.996659999755423, 26.999663999464758 ], [ 85.996634000230642, 26.999769000312881 ], [ 85.996601999501081, 26.99990500004094 ], [ 85.996559000010279, 26.999933999718507 ], [ 85.996496000400725, 27.000038999667254 ], [ 85.996409999620425, 27.000111999785815 ], [ 85.996333000197581, 27.000177000396491 ], [ 85.996260000079019, 27.000237999904243 ], [ 85.996074999655377, 27.000330000090628 ], [ 85.995991000775518, 27.000450999954523 ], [ 85.995863999706899, 27.000553999801525 ], [ 85.995830999825785, 27.000625999869158 ], [ 85.995801000097345, 27.000690999580513 ], [ 85.995827999673054, 27.000873999902353 ], [ 85.995943000130865, 27.000987999409972 ], [ 85.996216999688897, 27.001108000122258 ], [ 85.99626300023175, 27.00112500008828 ], [ 85.996606999755613, 27.001122999986478 ], [ 85.996760999500623, 27.001202999562054 ], [ 85.99690200038259, 27.001328000528872 ], [ 85.996991999567797, 27.001384999832965 ], [ 85.997170999686091, 27.001543999832506 ], [ 85.997338000092839, 27.00169300022236 ], [ 85.9973509998552, 27.001782999407624 ], [ 85.99733700004191, 27.001859000578179 ], [ 85.997322999329299, 27.001975000187599 ], [ 85.997315000720732, 27.002092000747211 ], [ 85.997378999481839, 27.002275000169732 ], [ 85.997444000092514, 27.002353999694378 ], [ 85.997444000092514, 27.002424000559586 ], [ 85.997342999447994, 27.002654000575831 ], [ 85.997355000058803, 27.002807000269968 ], [ 85.997357000160662, 27.002836999998408 ], [ 85.997280999889369, 27.00301000071056 ], [ 85.997165999431559, 27.00323499957301 ], [ 85.997121000738275, 27.003376000454978 ], [ 85.997119000636474, 27.003562000030172 ], [ 85.996942000619981, 27.00412900011338 ], [ 85.996854999788809, 27.004240999519141 ], [ 85.996845000179121, 27.004263999790567 ], [ 85.996855999839738, 27.004414999382902 ], [ 85.997024000297358, 27.004782000077512 ], [ 85.997077000297224, 27.004968999703635 ], [ 85.997129000246161, 27.005305999770542 ], [ 85.997155999821871, 27.005488999193062 ], [ 85.997332999838306, 27.005686999379122 ], [ 85.997614999803545, 27.005826000159288 ], [ 85.997649000634908, 27.005788000023642 ], [ 85.997709999243284, 27.005791000176316 ], [ 85.997838000362833, 27.005830000362891 ], [ 85.998410000700517, 27.006102999869995 ], [ 85.998981000087952, 27.006605000241791 ], [ 85.999298000036163, 27.006816999341879 ], [ 85.999410999492795, 27.006852000224114 ], [ 85.999630999899409, 27.006819999494553 ], [ 85.999796999355908, 27.006809999884865 ], [ 86.000012999558919, 27.006901000020378 ], [ 86.000151999439709, 27.007121000426935 ], [ 86.00019900003349, 27.007338000680818 ], [ 86.000225999609199, 27.0074670000526 ], [ 86.000249999931498, 27.00763899981456 ], [ 86.000324999252541, 27.007881000441671 ], [ 86.000436000406069, 27.00802100037339 ], [ 86.000480999998729, 27.008079000627731 ], [ 86.000583999845674, 27.008238999778882 ], [ 86.000577999540269, 27.008248000236961 ], [ 86.000628000286724, 27.008411000440105 ], [ 86.000549999913687, 27.0085709995912 ], [ 86.00036699959179, 27.008671000184847 ], [ 86.000281000610187, 27.008717999879252 ], [ 86.000138999677347, 27.008842999946751 ], [ 86.000099000339219, 27.008921999471397 ], [ 86.000237000169136, 27.009102999691493 ], [ 86.000492000558665, 27.009164000098508 ], [ 86.000500000066552, 27.009168000302111 ], [ 86.000582999794801, 27.009187000369934 ], [ 86.000660000116966, 27.009226000556509 ], [ 86.000762999963968, 27.009319999945376 ], [ 86.000873000167246, 27.009396000216611 ], [ 86.001063999996973, 27.009569000029444 ], [ 86.001378999843382, 27.009954999892557 ], [ 86.00144800065766, 27.010106000384212 ], [ 86.001483999792129, 27.010185999959788 ], [ 86.001483999792129, 27.010247999518413 ], [ 86.001493999401816, 27.010402999314351 ], [ 86.001415999928099, 27.010539999992659 ], [ 86.001325999843516, 27.010642999839661 ], [ 86.001160000387017, 27.010743000433251 ], [ 86.001070000302434, 27.01075599929635 ], [ 86.000953999793694, 27.010798999686472 ], [ 86.00089099928482, 27.010823000008827 ], [ 86.000810999709302, 27.010882000314041 ], [ 86.000736999539811, 27.010936999516389 ], [ 86.000685000490193, 27.01104000026271 ], [ 86.000697000201683, 27.011154999821144 ], [ 86.000797999946883, 27.01123500029604 ], [ 86.001091999623611, 27.011215000177344 ], [ 86.001123999453853, 27.011240000550572 ], [ 86.001180999657265, 27.011285000143175 ], [ 86.001141999470747, 27.011455999854206 ], [ 86.001063999996973, 27.011615999904677 ], [ 86.000961000150028, 27.011663000498402 ], [ 86.000897999641154, 27.011604000193131 ], [ 86.000859000353955, 27.011734999666771 ], [ 86.000831999878926, 27.011828999954957 ], [ 86.000744999947017, 27.011965999733945 ], [ 86.00067800013386, 27.012071999733621 ], [ 86.000660000116966, 27.012109999869267 ], [ 86.001056000489086, 27.01238400032662 ], [ 86.000750000201549, 27.013875999830134 ], [ 86.000943000133077, 27.015360999876634 ], [ 86.001121999352051, 27.016101999823547 ], [ 86.001640999689869, 27.01728500068549 ], [ 86.000591000202007, 27.01753599997204 ], [ 86.000466000134509, 27.017644000073517 ], [ 86.000360000134833, 27.017755999479334 ], [ 86.00022499955827, 27.017918999682479 ], [ 86.000114000203439, 27.018055000309914 ], [ 85.999992999440224, 27.01820200059791 ], [ 85.999958999508181, 27.018275999868081 ], [ 85.99992900067906, 27.018342999681238 ], [ 85.999818999576462, 27.01858400025742 ], [ 85.999643999661828, 27.019194000730749 ], [ 85.999383000765533, 27.019805999507241 ], [ 85.999167000562522, 27.020188000066071 ], [ 85.999100999900975, 27.020571999827382 ], [ 85.999285000273744, 27.021414000418758 ], [ 85.999410999492795, 27.021645999637542 ], [ 85.999765999576596, 27.021506999756753 ], [ 86.000025000169728, 27.021696999535607 ], [ 86.000156999694241, 27.021594000587925 ] ] ] ] } },
{ "type": "Feature", "properties": { "OBJECTID": 753, "Name": "Aurahibaba", "code": "DNS/BI/21/01", "regime": "CF", "area_ha": 220.41656341300001 }, "geometry": { "type": "MultiPolygon", "coordinates": [ [ [ [ 85.984799069598466, 26.952187207908992 ], [ 85.984757074655192, 26.952157209079871 ], [ 85.984567104554117, 26.951982221755827 ], [ 85.984400132026451, 26.951750240523552 ], [ 85.984126172938147, 26.951536254811629 ], [ 85.983811220756081, 26.951227276854524 ], [ 85.983594253777255, 26.951076287154763 ], [ 85.983368279145736, 26.951249268081767 ], [ 85.983121308841191, 26.951391251028099 ], [ 85.982927333140537, 26.951489238929298 ], [ 85.982732355590372, 26.951621223165262 ], [ 85.982551376054801, 26.951791204838855 ], [ 85.982483383385386, 26.951856198254916 ], [ 85.982300403748013, 26.952024178927388 ], [ 85.981950447086376, 26.952197157156377 ], [ 85.981858458591262, 26.952251151811197 ], [ 85.981651484027509, 26.952374136488345 ], [ 85.981457505628896, 26.95249612291326 ], [ 85.9812355321003, 26.952650104671761 ], [ 85.981118545929917, 26.952751093625011 ], [ 85.980958562067315, 26.952987069664914 ], [ 85.98090256551211, 26.953158053188019 ], [ 85.980882562695399, 26.953433028515178 ], [ 85.980810566225045, 26.953694003129613 ], [ 85.980795566360825, 26.953761996698404 ], [ 85.980701575065893, 26.953932979322246 ], [ 85.98056958993061, 26.954100962692678 ], [ 85.980437603896007, 26.954234947929763 ], [ 85.980190632692143, 26.954400927601114 ], [ 85.980007654853466, 26.954556911260056 ], [ 85.979941661386476, 26.954630903335556 ], [ 85.979549705284967, 26.954968865681678 ], [ 85.979263740189822, 26.955144844962717 ], [ 85.979013770631923, 26.955269829741667 ], [ 85.978979775196535, 26.955287827959921 ], [ 85.978668812426179, 26.955429810006876 ], [ 85.978630816787188, 26.955449807427669 ], [ 85.978604819960367, 26.95548780396598 ], [ 85.978281860176423, 26.955613786097842 ], [ 85.977863912644068, 26.955748765989881 ], [ 85.977791920670313, 26.955772762714901 ], [ 85.97721399646997, 26.955908740859172 ], [ 85.976892035837636, 26.956014726469618 ], [ 85.976815046307365, 26.956036722193517 ], [ 85.976659064447119, 26.956123711333476 ], [ 85.976555076240459, 26.956224701186045 ], [ 85.976501082485015, 26.956291692905268 ], [ 85.976419089102933, 26.956496673662514 ], [ 85.976390089425422, 26.95663166164843 ], [ 85.976357088644932, 26.956883637603426 ], [ 85.976351084742248, 26.957089618411544 ], [ 85.976233088628362, 26.957636567114434 ], [ 85.976093096790578, 26.958102524284755 ], [ 85.976064098911706, 26.958206513390735 ], [ 85.975916112062691, 26.958476486664665 ], [ 85.975665140655224, 26.958758456952125 ], [ 85.975498159134304, 26.958910439508145 ], [ 85.975370173303304, 26.959024427324437 ], [ 85.975340168178946, 26.959415392368385 ], [ 85.975218178156751, 26.959687364844797 ], [ 85.975076197009059, 26.959729358888751 ], [ 85.974923217999446, 26.959714358125211 ], [ 85.974823230895765, 26.959700357412601 ], [ 85.974719244487744, 26.959708354222471 ], [ 85.97457626149054, 26.959808343124848 ], [ 85.974523266886649, 26.959898333316858 ], [ 85.974452271366545, 26.960126312546834 ], [ 85.974444265563363, 26.960401286974616 ], [ 85.974540248866163, 26.960632268155905 ], [ 85.974597235579722, 26.960862248387059 ], [ 85.974580235613701, 26.961000235626386 ], [ 85.974478246609522, 26.961078227006169 ], [ 85.974334265360085, 26.96112022105018 ], [ 85.974115292883482, 26.961184209918656 ], [ 85.973960311973428, 26.961259202045085 ], [ 85.973882320593589, 26.961326194663627 ], [ 85.973815327975046, 26.961416184855636 ], [ 85.973810325022555, 26.961599168090288 ], [ 85.973741329604252, 26.961770150714131 ], [ 85.973583347642148, 26.961938134084562 ], [ 85.97315339680091, 26.962271097075472 ], [ 85.972979418521049, 26.962326088183886 ], [ 85.973009414652154, 26.9623830838907 ], [ 85.973046408441576, 26.962417081124727 ], [ 85.973180385584726, 26.962662061220044 ], [ 85.973310359826257, 26.96299703420533 ], [ 85.973322358638427, 26.963031030540037 ], [ 85.973347344622482, 26.963479990442352 ], [ 85.973345343621304, 26.963546984859533 ], [ 85.973304347829639, 26.963650973965514 ], [ 85.973293348169022, 26.963681971046867 ], [ 85.973192354719117, 26.96397994214874 ], [ 85.973191354668245, 26.964012939331894 ], [ 85.973106359334793, 26.964321910993704 ], [ 85.972814390336964, 26.964691872270691 ], [ 85.972746394969533, 26.964862855793854 ], [ 85.972819383396882, 26.964967846749346 ], [ 85.972908370839946, 26.965003845883871 ], [ 85.972959363543396, 26.96500484683412 ], [ 85.973149339040447, 26.965021848598781 ], [ 85.97320033174384, 26.9650218494981 ], [ 85.973519289525484, 26.965042853265004 ], [ 85.973569282178005, 26.965053852925621 ], [ 85.973873239196109, 26.965152848971684 ], [ 85.9739742254514, 26.965189847257761 ], [ 85.974109203544742, 26.96534483536243 ], [ 85.97421818481132, 26.965552818070989 ], [ 85.974217183861072, 26.9656208125391 ], [ 85.974273171423079, 26.965862791582367 ], [ 85.974354154861658, 26.966140767961519 ], [ 85.974399142762991, 26.966348750670079 ], [ 85.974423128696117, 26.966865703241808 ], [ 85.974241150908313, 26.966985689564922 ], [ 85.974466118294345, 26.967129681606309 ], [ 85.974526108757914, 26.96722467295217 ], [ 85.974576099611795, 26.967303667080841 ], [ 85.974610092349224, 26.967441655219488 ], [ 85.974554095793962, 26.96762463755482 ], [ 85.974381113967638, 26.967848614782554 ], [ 85.974174139403942, 26.967957600545731 ], [ 85.9739161703381, 26.968066587208227 ], [ 85.973812183930136, 26.968122579266833 ], [ 85.973773188240216, 26.968166574311908 ], [ 85.973585211046327, 26.968258563706399 ], [ 85.97352721708728, 26.968286558836382 ], [ 85.973475223433638, 26.968318555968608 ], [ 85.973167263513915, 26.968381544786268 ], [ 85.972856301642878, 26.968543525153279 ], [ 85.972701321632144, 26.968599517211942 ], [ 85.972598334375732, 26.968618513682429 ], [ 85.972467348392058, 26.968764498631003 ], [ 85.972271371690283, 26.968907481628207 ], [ 85.97208839205291, 26.969075464099376 ], [ 85.972076393240741, 26.969088462063098 ], [ 85.97213638370431, 26.969135459059544 ], [ 85.972255365479896, 26.969243451067086 ], [ 85.972444339127378, 26.969352445823574 ], [ 85.972589317729728, 26.969425440546161 ], [ 85.972737294686169, 26.969588429957355 ], [ 85.972847279600956, 26.969633425952679 ], [ 85.973146236364528, 26.969761420776933 ], [ 85.973395201374899, 26.96985241641579 ], [ 85.973566178602766, 26.969854419215608 ], [ 85.973816146362026, 26.969802428259925 ], [ 85.973946128697548, 26.969838427394393 ], [ 85.97399512039982, 26.969920419877155 ], [ 85.973964122419147, 26.970018410476371 ], [ 85.973924125779035, 26.970098402857332 ], [ 85.973702150451743, 26.970312379576001 ], [ 85.973369188360209, 26.970597348217495 ], [ 85.973187210572405, 26.970748331621962 ], [ 85.973046225878363, 26.970899315925749 ], [ 85.973054220889594, 26.971043303470481 ], [ 85.973124210063531, 26.971106298583379 ], [ 85.97338417473452, 26.971126301400091 ], [ 85.973484160938881, 26.971162299635239 ], [ 85.97353315264121, 26.971270290743519 ], [ 85.973621137335442, 26.971450276523399 ], [ 85.973690124659811, 26.971585265408692 ], [ 85.973760113833748, 26.971649260572519 ], [ 85.973948085631662, 26.971829248151096 ], [ 85.974167054510929, 26.971930241601001 ], [ 85.974367026919708, 26.971958243026279 ], [ 85.974576998938176, 26.971960246725359 ], [ 85.974706980374322, 26.972032242296393 ], [ 85.974895953122484, 26.972150234813 ], [ 85.975035934168318, 26.972133238444258 ], [ 85.975146921831993, 26.972071246080247 ], [ 85.975256904948083, 26.97211724392514 ], [ 85.97532589586973, 26.972162241719104 ], [ 85.975395883245028, 26.972261233268512 ], [ 85.975474871977781, 26.972343227549914 ], [ 85.975633847695519, 26.972478217334526 ], [ 85.975723835189513, 26.972479219184095 ], [ 85.97578482930129, 26.97237223082476 ], [ 85.975765834629442, 26.972228243279972 ], [ 85.975687849544897, 26.972048257500035 ], [ 85.975528872927839, 26.971895268597848 ], [ 85.975389896429533, 26.971741280544109 ], [ 85.975370901757685, 26.971607292609008 ], [ 85.97541189754935, 26.971517301517736 ], [ 85.975451892390879, 26.971517301517736 ], [ 85.975491887232351, 26.971518302467928 ], [ 85.975820841026348, 26.971655296850997 ], [ 85.975950822462494, 26.971691294186826 ], [ 85.976135796805693, 26.971738292981968 ], [ 85.97635476478564, 26.971892282834403 ], [ 85.976442749479872, 26.972072268614284 ], [ 85.976532735175226, 26.972162262403629 ], [ 85.976641719139764, 26.972244255785654 ], [ 85.97680169760639, 26.972245258534542 ], [ 85.976971674783329, 26.972291258178075 ], [ 85.977030664296649, 26.972345254631534 ], [ 85.977090655659595, 26.972408249744433 ], [ 85.977299625828493, 26.972535241819799 ], [ 85.977378614561189, 26.972599237882946 ], [ 85.97748859677796, 26.972680232113419 ], [ 85.977677570425442, 26.972744229975206 ], [ 85.977847547602437, 26.972763230942348 ], [ 85.977998527409568, 26.972747235523912 ], [ 85.978248495168828, 26.972722241445922 ], [ 85.978408472736078, 26.972768240190135 ], [ 85.978487461468831, 26.972831235303033 ], [ 85.978466461299206, 26.972956224578638 ], [ 85.978295483172019, 26.973045212921079 ], [ 85.978175496848905, 26.973080207508076 ], [ 85.978084507505343, 26.973151200330221 ], [ 85.977993517262462, 26.973267188248315 ], [ 85.977992514513573, 26.973401175284096 ], [ 85.978080500107126, 26.973554163286963 ], [ 85.978239474925545, 26.973717151798837 ], [ 85.978358455801754, 26.97385214158345 ], [ 85.978408449353594, 26.973889138970208 ], [ 85.978666410325502, 26.974115122595038 ], [ 85.978846384414169, 26.974170121797329 ], [ 85.978957372077787, 26.974090131215064 ], [ 85.979117350544414, 26.974037137510493 ], [ 85.979332321918037, 26.974057139427885 ], [ 85.979412311601038, 26.974066140785339 ], [ 85.979542293037184, 26.97413013684843 ], [ 85.979611283059569, 26.974202131520144 ], [ 85.979710267414362, 26.9743021240198 ], [ 85.979740261746826, 26.974382117300081 ], [ 85.979809249970515, 26.974508106626558 ], [ 85.979928231746101, 26.974626099143165 ], [ 85.980077209652791, 26.974672097887378 ], [ 85.980358173594027, 26.97466510292702 ], [ 85.98043716142746, 26.974737096699357 ], [ 85.980536146681629, 26.974846089657149 ], [ 85.980615132716366, 26.974972078983626 ], [ 85.98065412390963, 26.975142065153875 ], [ 85.980712112472759, 26.975322049135173 ], [ 85.980861089480129, 26.975440040752403 ], [ 85.981100054880812, 26.975603031062974 ], [ 85.981190041475486, 26.975657026617057 ], [ 85.981460004856842, 26.975668031673649 ], [ 85.981669978673949, 26.97564303669634 ], [ 85.981809958820463, 26.975653039004044 ], [ 85.981929942445561, 26.975654039954293 ], [ 85.982019930838931, 26.975708037307015 ], [ 85.982099918723236, 26.975736036034334 ], [ 85.982229901058702, 26.975781034727618 ], [ 85.982519861860794, 26.975810036203768 ], [ 85.982679841226741, 26.975758044348765 ], [ 85.982900813805088, 26.97567905471675 ], [ 85.983247770314051, 26.975556071838241 ], [ 85.983397751868893, 26.975512079491125 ], [ 85.983577727756256, 26.975522080899452 ], [ 85.983838693377436, 26.9754880890614 ], [ 85.984029671623375, 26.975364103434003 ], [ 85.984161657657978, 26.975203120419849 ], [ 85.984495622498457, 26.97478416384331 ], [ 85.984667605173172, 26.974508191163238 ], [ 85.984992570454835, 26.974071237267765 ], [ 85.984467654348236, 26.973457282456479 ], [ 85.984123704287299, 26.973284292536221 ], [ 85.983478802756963, 26.972643339048545 ], [ 85.983041867747318, 26.972281363789591 ], [ 85.982994884240782, 26.971895398100855 ], [ 85.982937898426542, 26.971554428407444 ], [ 85.982829918110212, 26.971311447514609 ], [ 85.982831922708669, 26.971104466655618 ], [ 85.983007901989708, 26.970971482368782 ], [ 85.983279869070145, 26.970812501255068 ], [ 85.983491844787693, 26.970607523195838 ], [ 85.983694825443138, 26.970277556760379 ], [ 85.983565844057864, 26.970204560239097 ], [ 85.983465856954126, 26.970212558847663 ], [ 85.9833358764173, 26.970122564159055 ], [ 85.983337880116437, 26.969951579736573 ], [ 85.983509861891832, 26.969701605682019 ], [ 85.983541863520713, 26.969486625315142 ], [ 85.983622853254587, 26.96940663473282 ], [ 85.983743838729254, 26.969353641028249 ], [ 85.983804832841031, 26.969228652652021 ], [ 85.98385582824244, 26.969112664733871 ], [ 85.98385582914176, 26.969076667398042 ], [ 85.983934827767087, 26.968682704000059 ], [ 85.984036819469225, 26.968450728163759 ], [ 85.984028825357314, 26.968243745506129 ], [ 85.983968835793064, 26.968153752616161 ], [ 85.983819856087734, 26.968062758775943 ], [ 85.983580891586371, 26.967962763578328 ], [ 85.983452912050666, 26.967746780462505 ], [ 85.983502906501826, 26.967719784484132 ], [ 85.983692881099557, 26.967694790406199 ], [ 85.983843861806008, 26.967677793138137 ], [ 85.984023838592691, 26.967624801232262 ], [ 85.984215815990183, 26.967500816504185 ], [ 85.984296808422016, 26.967357829909645 ], [ 85.984298813919793, 26.967097853547443 ], [ 85.984339811510154, 26.966990864288732 ], [ 85.984351814818922, 26.96675788660292 ], [ 85.984349821012415, 26.966461912005514 ], [ 85.98431183166872, 26.966218932911318 ], [ 85.98431383446848, 26.966057948098523 ], [ 85.984414825220426, 26.965878965966795 ], [ 85.984547812205221, 26.965637990571736 ], [ 85.984709797068945, 26.965370017399607 ], [ 85.984810785122875, 26.965246029973571 ], [ 85.985010759330237, 26.965256033180594 ], [ 85.985120744245023, 26.965257035030106 ], [ 85.985211734487905, 26.965186042207961 ], [ 85.985233735607778, 26.964997059567224 ], [ 85.985355723831333, 26.964765082831605 ], [ 85.985506707235743, 26.964623098086633 ], [ 85.985447717722423, 26.964506108318972 ], [ 85.985428722151198, 26.964407115870188 ], [ 85.985365734232914, 26.964209132771316 ], [ 85.985228760534369, 26.963867161228393 ], [ 85.985040789635775, 26.963660177671386 ], [ 85.984839816276804, 26.963658173972249 ], [ 85.984749826984114, 26.963703168168934 ], [ 85.984699834331593, 26.963702167218685 ], [ 85.984560856034648, 26.963522181438805 ], [ 85.984412880876846, 26.963297198764224 ], [ 85.984494873359552, 26.963154213069004 ], [ 85.984574863042553, 26.963118217531814 ], [ 85.984843824574341, 26.963273208334442 ], [ 85.984983804720855, 26.96332820663747 ], [ 85.985073794013545, 26.963256213764396 ], [ 85.984995808929, 26.963041231598879 ], [ 85.984996810778568, 26.962942240948735 ], [ 85.985047806179978, 26.962853249908335 ], [ 85.985068806349602, 26.962736261039936 ], [ 85.985049811677754, 26.962602273104892 ], [ 85.984920830292481, 26.962502279705916 ], [ 85.984472897420858, 26.962167301324655 ], [ 85.984413907008218, 26.962086307094182 ], [ 85.984454903699259, 26.961979318734848 ], [ 85.984604883455461, 26.961989320143175 ], [ 85.984824852385657, 26.962071317122536 ], [ 85.984984830852227, 26.962090317190359 ], [ 85.985134810608486, 26.962091319939248 ], [ 85.985300791179156, 26.961976333870666 ], [ 85.985341786970821, 26.961913339657087 ], [ 85.985313796337493, 26.961680361071899 ], [ 85.985314799086382, 26.961527373968352 ], [ 85.985364793537542, 26.961483378923276 ], [ 85.985535770765409, 26.961457383895095 ], [ 85.985665755798891, 26.961404391089843 ], [ 85.98571675030098, 26.961315400948763 ], [ 85.98565976538606, 26.961001427233782 ], [ 85.98560977273354, 26.960964429847024 ], [ 85.985642776211989, 26.960624461103862 ], [ 85.985775763196784, 26.960374486149988 ], [ 85.9859367444123, 26.960276497349469 ], [ 85.986116720299663, 26.960260502830295 ], [ 85.986237705774329, 26.96015351447096 ], [ 85.986163719994067, 26.960000526468093 ], [ 85.986034738608794, 26.959945529963704 ], [ 85.985684786443812, 26.9598445320172 ], [ 85.985595799900011, 26.959772537345486 ], [ 85.985556806908107, 26.959682545354838 ], [ 85.985447824742266, 26.959546554620033 ], [ 85.985317841507424, 26.959501556826069 ], [ 85.985187860071278, 26.959473557199431 ], [ 85.985097873476604, 26.959472555349862 ], [ 85.985068877396372, 26.959418560695099 ], [ 85.985068879195012, 26.9593555655822 ], [ 85.98512987150815, 26.959311571436444 ], [ 85.985220861751031, 26.959213581736549 ], [ 85.985270857101568, 26.959133589355588 ], [ 85.985311853792609, 26.959025600046004 ], [ 85.985253866128801, 26.958836616505948 ], [ 85.985134883453895, 26.958710624481455 ], [ 85.98505489467027, 26.958701624922696 ], [ 85.984922907736347, 26.958897604322431 ], [ 85.984892912504563, 26.958888605662992 ], [ 85.984752930559353, 26.958878604254608 ], [ 85.984642946543943, 26.958832605510452 ], [ 85.984543960390454, 26.958778609056992 ], [ 85.984393980634252, 26.958776606257175 ], [ 85.984192004526392, 26.958901591935501 ], [ 85.984082019611606, 26.958927586963682 ], [ 85.983912042434667, 26.958925584163865 ], [ 85.983852050172402, 26.95890758504629 ], [ 85.983773062339026, 26.958844589034072 ], [ 85.983773063238345, 26.958808592597507 ], [ 85.983844055161171, 26.958719601557107 ], [ 85.984015034187678, 26.958603615437653 ], [ 85.984226008055714, 26.958515626246765 ], [ 85.984375989610612, 26.958480633458464 ], [ 85.984526971216383, 26.958419641145326 ], [ 85.984627959270313, 26.958330650104926 ], [ 85.984658956351666, 26.958267656790667 ], [ 85.984659959999874, 26.958106671977873 ], [ 85.984600970486497, 26.957980681752076 ], [ 85.984511985741392, 26.957854691526222 ], [ 85.984369007240787, 26.957673705695413 ], [ 85.984130043638743, 26.957492718065907 ], [ 85.983971067921061, 26.957383725108116 ], [ 85.983822090014371, 26.957203738428859 ], [ 85.983794099381043, 26.956961760284912 ], [ 85.98391708945411, 26.956666788436394 ], [ 85.983869100500726, 26.956450806219948 ], [ 85.983871104199807, 26.956280822747658 ], [ 85.984014088995707, 26.956072844535754 ], [ 85.984466038258802, 26.955683887687599 ], [ 85.984498038088987, 26.955513902416669 ], [ 85.984141094560982, 26.955089934793705 ], [ 85.984394066070251, 26.954822963471088 ], [ 85.9844060684797, 26.954633979931032 ], [ 85.98423709405165, 26.954489990587604 ], [ 85.983897138798341, 26.954495983698394 ], [ 85.983687169477889, 26.954386989841282 ], [ 85.983547190230695, 26.954265998071321 ], [ 85.983756165795512, 26.954169011120371 ], [ 85.984014132163338, 26.954072024169363 ], [ 85.98413211928397, 26.953960036454816 ], [ 85.984239109442001, 26.953791053932775 ], [ 85.984309104911233, 26.953564075653048 ], [ 85.984315107914597, 26.953379092316595 ], [ 85.984345107643037, 26.953221107656475 ], [ 85.984373105470979, 26.953117116751855 ], [ 85.984443100040892, 26.952924134806835 ], [ 85.984536092184214, 26.952789149518878 ], [ 85.984739072839602, 26.952382189056493 ], [ 85.984799069598466, 26.952187207908992 ] ] ] ] } },
{ "type": "Feature", "properties": { "OBJECTID": 754, "Name": "Balajhar Materwa", "code": "DNS/BI/23/04", "regime": "CF", "area_ha": 199.92510066700001 }, "geometry": { "type": "MultiPolygon", "coordinates": [ [ [ [ 85.983073475471258, 26.943985918163378 ], [ 85.983023479221401, 26.944109905589414 ], [ 85.982956486602859, 26.94421089634136 ], [ 85.982875493271706, 26.944370880203905 ], [ 85.982807498803595, 26.944538863574337 ], [ 85.982640507390101, 26.945176802520109 ], [ 85.982606509256755, 26.945304791049068 ], [ 85.982592499550833, 26.945818743468124 ], [ 85.982686480053871, 26.946097720797468 ], [ 85.982768465342019, 26.946327701028565 ], [ 85.982814455992241, 26.946501685603778 ], [ 85.982832447915257, 26.946777661881129 ], [ 85.982865438803117, 26.946949646354483 ], [ 85.982854431947885, 26.947328612586205 ], [ 85.982835074847515, 26.947496355836506 ], [ 85.982821431167451, 26.947614586674604 ], [ 85.98281342626359, 26.947887561000584 ], [ 85.982833419187671, 26.948095543709144 ], [ 85.982855413112929, 26.948199533714444 ], [ 85.982976392292301, 26.94844151455635 ], [ 85.98304537691871, 26.948696493362036 ], [ 85.983197346884197, 26.949180451448626 ], [ 85.983237332732415, 26.949560418630597 ], [ 85.983345314847384, 26.949791398912566 ], [ 85.983380306736365, 26.949920387492455 ], [ 85.983467293178308, 26.949990383861007 ], [ 85.983568279433598, 26.950038380908381 ], [ 85.98387123730015, 26.950138377005317 ], [ 85.984022215308585, 26.950209373424798 ], [ 85.984287177536146, 26.950330366993398 ], [ 85.98441215871776, 26.950426360188771 ], [ 85.984572133587051, 26.950612347173433 ], [ 85.98460912737653, 26.950671342082728 ], [ 85.984380157988198, 26.950653339367875 ], [ 85.984078201971272, 26.950486348853701 ], [ 85.98385323458524, 26.950343357762563 ], [ 85.98381423979464, 26.950354356523803 ], [ 85.98378724201757, 26.950421350041665 ], [ 85.983766239149986, 26.950696324469448 ], [ 85.983776236061715, 26.950800316273387 ], [ 85.983721239557383, 26.950935302460721 ], [ 85.983602252385822, 26.951070287748678 ], [ 85.983594253777255, 26.951076287154763 ], [ 85.983811220756081, 26.951227276854524 ], [ 85.984126172938147, 26.951536254811629 ], [ 85.984400132026451, 26.951750240523552 ], [ 85.984567104554117, 26.951982221755827 ], [ 85.984757074655192, 26.952157209079871 ], [ 85.984799069598466, 26.952187207908992 ], [ 85.985031034642873, 26.952350197320186 ], [ 85.985831914436176, 26.953039149653875 ], [ 85.986122875289198, 26.953046153607488 ], [ 85.986351843778152, 26.953064156322398 ], [ 85.986656802645768, 26.953116156271335 ], [ 85.987077746733632, 26.953117163516822 ], [ 85.987305716070978, 26.953179162176184 ], [ 85.98754268047054, 26.953334152079492 ], [ 85.98758167436182, 26.953334152978812 ], [ 85.987995615395334, 26.953574139114892 ], [ 85.988449552169641, 26.953745130731988 ], [ 85.988649522779724, 26.953888121823184 ], [ 85.988798498887775, 26.954052108587291 ], [ 85.988945473994647, 26.954263092347901 ], [ 85.989077451035996, 26.954539070423891 ], [ 85.989285415758047, 26.954865044749738 ], [ 85.989355401334649, 26.955096025031708 ], [ 85.989368395701092, 26.955322004159882 ], [ 85.989381393664871, 26.955319004906528 ], [ 85.989845371417914, 26.955497002275877 ], [ 85.990942981242767, 26.955132855143802 ], [ 85.992115752267409, 26.95480305418431 ], [ 85.992910274722817, 26.954571999258235 ], [ 85.993767456842363, 26.954516697882241 ], [ 85.993787420088665, 26.954454593102412 ], [ 85.993839417339643, 26.954407621287146 ], [ 85.993747634790225, 26.953766328753431 ], [ 85.993846582272681, 26.953623784627439 ], [ 85.993813031104537, 26.953582668326021 ], [ 85.993810418561452, 26.953464488749546 ], [ 85.993845602006957, 26.953398363980966 ], [ 85.993638939509481, 26.953258272317953 ], [ 85.993428384727565, 26.952956666138959 ], [ 85.993567978163753, 26.952750485680383 ], [ 85.992640022657667, 26.952452320323971 ], [ 85.992760010779421, 26.952293336512355 ], [ 85.992906993980284, 26.952149351665582 ], [ 85.993029979556752, 26.952061361575375 ], [ 85.993339941376917, 26.951939379647115 ], [ 85.993432929922903, 26.951880385637139 ], [ 85.993498923389893, 26.951795393901023 ], [ 85.993639910781951, 26.951524421475483 ], [ 85.993742904333658, 26.951193452291136 ], [ 85.993821893965674, 26.951158457704139 ], [ 85.993922881120284, 26.951173458467679 ], [ 85.994015869666327, 26.951085466578832 ], [ 85.994344832453635, 26.950818496155591 ], [ 85.994397826158206, 26.950798499634175 ], [ 85.99453780810336, 26.950737507321037 ], [ 85.994633797701454, 26.950684513616466 ], [ 85.994623798991086, 26.950663515245537 ], [ 85.994881764459592, 26.950641522219598 ], [ 85.994990751122089, 26.950601528277446 ], [ 85.995114736749485, 26.950498538323075 ], [ 85.995122738056011, 26.950430545653603 ], [ 85.995123738106884, 26.950389548962562 ], [ 85.995095745674917, 26.950220564641882 ], [ 85.995109746387527, 26.950078576299632 ], [ 85.995233733813564, 26.94993659155466 ], [ 85.995390717523435, 26.949719613783941 ], [ 85.995440711075275, 26.949672620384774 ], [ 85.995513703099903, 26.949645623507024 ], [ 85.995532700469766, 26.949646623557953 ], [ 85.995618688659476, 26.949655624915408 ], [ 85.995697677392229, 26.949676624185713 ], [ 85.995819660219809, 26.949716621725145 ], [ 85.995964639721535, 26.949761620418428 ], [ 85.996165613080507, 26.949801620655876 ], [ 85.996241602559849, 26.94978462338787 ], [ 85.996353591173715, 26.949678635978728 ], [ 85.9963835864055, 26.949646637947183 ], [ 85.996443579567028, 26.949622641222163 ], [ 85.996545566772568, 26.949602644700747 ], [ 85.9966355560652, 26.949544650741643 ], [ 85.996688549769772, 26.949473659718194 ], [ 85.996703551432631, 26.949370667965127 ], [ 85.996766543847571, 26.949249681591141 ], [ 85.996870533852871, 26.949143691484039 ], [ 85.996936525521164, 26.949132694521381 ], [ 85.997018512607951, 26.949153692892367 ], [ 85.997133496877893, 26.94922568936272 ], [ 85.997365467318218, 26.949158698542874 ], [ 85.99751644532671, 26.949236694419312 ], [ 85.997596435009655, 26.949240695522235 ], [ 85.997633431497093, 26.949166703446679 ], [ 85.997555446412548, 26.948964719244884 ], [ 85.997554449059635, 26.948846730325613 ], [ 85.997608443714455, 26.948763738691298 ], [ 85.998066388786299, 26.948506770575705 ], [ 85.998246369170261, 26.948294793059517 ], [ 85.998416358937845, 26.947760844119045 ], [ 85.998516346940846, 26.94767785248473 ], [ 85.998725319807761, 26.947620861274515 ], [ 85.998809310593629, 26.947572867824476 ], [ 85.998750326476227, 26.94720290025225 ], [ 85.998746327171943, 26.94717590247518 ], [ 85.998695338965149, 26.94689992529851 ], [ 85.998683347347594, 26.946624950870728 ], [ 85.998658351471022, 26.946556956402674 ], [ 85.998633360990368, 26.94631497735935 ], [ 85.99855738050428, 26.945902013893601 ], [ 85.998493391635748, 26.94573002852087 ], [ 85.998473396013651, 26.945646035036987 ], [ 85.998379417309309, 26.945271068109548 ], [ 85.998227444645863, 26.944927095565504 ], [ 85.998227444645863, 26.94489309923074 ], [ 85.998228450992087, 26.944618123004318 ], [ 85.998253451365315, 26.944480136664311 ], [ 85.998396438859174, 26.944147169176802 ], [ 85.998420437382833, 26.94409117442018 ], [ 85.99843143704345, 26.944033180461133 ], [ 85.998459435770712, 26.943884193561189 ], [ 85.998446443202909, 26.943608219082535 ], [ 85.998294474136799, 26.943127259349978 ], [ 85.998282480720604, 26.94292127854186 ], [ 85.998269484555465, 26.942784289554766 ], [ 85.998233498910849, 26.942386325053917 ], [ 85.998232498859977, 26.942370326038088 ], [ 85.998219507191493, 26.942095350710986 ], [ 85.99823350880348, 26.94192436718788 ], [ 85.998233514199399, 26.94164839091053 ], [ 85.998259512824916, 26.941545401855478 ], [ 85.998272517083933, 26.941269426477447 ], [ 85.998260522768419, 26.941075443582179 ], [ 85.998234530438197, 26.940904459159697 ], [ 85.998145547491731, 26.94066247921711 ], [ 85.99815854725415, 26.940594485648319 ], [ 85.998261537208521, 26.940421502922675 ], [ 85.99826153810784, 26.940387505688648 ], [ 85.998299534646151, 26.940295514495517 ], [ 85.998249545590966, 26.940112530361546 ], [ 85.998147563781401, 26.939906547754788 ], [ 85.99811257279174, 26.939671568168478 ], [ 85.998020586994585, 26.93959657334409 ], [ 85.997702633760468, 26.939365587666089 ], [ 85.997166709899375, 26.939159597864716 ], [ 85.997089721268424, 26.939113600019823 ], [ 85.997013732688401, 26.939031606637798 ], [ 85.996937747705715, 26.93884862160445 ], [ 85.996937753101633, 26.938572647125795 ], [ 85.996976750590193, 26.938435659038021 ], [ 85.996976752388889, 26.938345667946692 ], [ 85.996925761484079, 26.93826367456461 ], [ 85.996785779538925, 26.938217675820454 ], [ 85.99644082403114, 26.93829666275451 ], [ 85.996339839574489, 26.938205669813669 ], [ 85.996301850230793, 26.937963690770346 ], [ 85.996237859563564, 26.937884695742355 ], [ 85.995791921397824, 26.937815695827396 ], [ 85.995255996637411, 26.937608705075775 ], [ 85.995209003238244, 26.937590705058881 ], [ 85.994985035003822, 26.937498709369095 ], [ 85.99483405609601, 26.937436712508429 ], [ 85.994681077086398, 26.937421711744946 ], [ 85.994617085519849, 26.937444708419036 ], [ 85.994603085706558, 26.937489703515041 ], [ 85.994585083890968, 26.93767168669882 ], [ 85.994608078766476, 26.937764679741463 ], [ 85.994704062069275, 26.937950664028165 ], [ 85.994892034766508, 26.938091655017502 ], [ 85.995082008464919, 26.938142653116927 ], [ 85.995207992395422, 26.938111658733533 ], [ 85.995255985845461, 26.938105659327448 ], [ 85.995344973288582, 26.938112660583101 ], [ 85.995535947037865, 26.938170659038803 ], [ 85.99580391121674, 26.938215659530726 ], [ 85.995969887290755, 26.938272656136917 ], [ 85.996020879994205, 26.938309654422994 ], [ 85.996045874971458, 26.938354650418319 ], [ 85.996070869948767, 26.938444643308287 ], [ 85.996032874309776, 26.938492637657646 ], [ 85.995933887256967, 26.938509634925651 ], [ 85.995726914491854, 26.938548627917612 ], [ 85.995573934582922, 26.938536626407426 ], [ 85.995522940980209, 26.938547624269404 ], [ 85.99541995282442, 26.938616616090428 ], [ 85.995255972355608, 26.938700606876296 ], [ 85.995208978057121, 26.938745601072981 ], [ 85.995208978956441, 26.938720603397712 ], [ 85.995125988221446, 26.93881959224916 ], [ 85.995024001015906, 26.938841588872378 ], [ 85.994820028403581, 26.938801588634931 ], [ 85.994619057742568, 26.938727592962096 ], [ 85.994267108173744, 26.93853560387339 ], [ 85.994013142908841, 26.938473604314765 ], [ 85.993809169397139, 26.93850359864723 ], [ 85.993550201179801, 26.938623582272328 ], [ 85.993353223527777, 26.938800563402935 ], [ 85.993287230060787, 26.938892554596009 ], [ 85.993204235728513, 26.939108534114496 ], [ 85.993240229467062, 26.939189526546386 ], [ 85.993378209511775, 26.93927252177798 ], [ 85.993531189420708, 26.939297522151207 ], [ 85.993568183210186, 26.939311521964498 ], [ 85.993555185246407, 26.939356517060503 ], [ 85.993579180172787, 26.939404513208558 ], [ 85.993576178221417, 26.939494506098526 ], [ 85.993562179307446, 26.939539502093851 ], [ 85.993496186739833, 26.939618492625243 ], [ 85.993444193086134, 26.939651488909021 ], [ 85.993290213126329, 26.939682483292415 ], [ 85.993086239614627, 26.939678480390796 ], [ 85.992934260655886, 26.939652479966696 ], [ 85.992580310085941, 26.939528485346045 ], [ 85.992155372989146, 26.939231504402471 ], [ 85.991950399426571, 26.939239500313022 ], [ 85.99179641856739, 26.939303491879514 ], [ 85.991678433245454, 26.939393481172203 ], [ 85.991599440915365, 26.939482472212603 ], [ 85.991568441136053, 26.939665455447255 ], [ 85.99160043197304, 26.939895434779032 ], [ 85.991126495079982, 26.939894426634226 ], [ 85.991146483507464, 26.940332387775243 ], [ 85.991230461702798, 26.940782348627749 ], [ 85.991021486137925, 26.940961328960839 ], [ 85.99076251702121, 26.941092312246553 ], [ 85.990685527490939, 26.941125307631069 ], [ 85.990391565585924, 26.941128302387767 ], [ 85.990084605717186, 26.94118029244413 ], [ 85.989573672336689, 26.941212281482478 ], [ 85.988960754448669, 26.941221269350024 ], [ 85.988549806373271, 26.941304254689044 ], [ 85.988269840684268, 26.941446236736056 ], [ 85.988151857160915, 26.941409239349298 ], [ 85.987739908135268, 26.941537219784323 ], [ 85.987451946535657, 26.941560212861134 ], [ 85.986935011051116, 26.941782183691771 ], [ 85.986591054694941, 26.941841172305772 ], [ 85.986299095589686, 26.941757175224609 ], [ 85.98619611282993, 26.941569189936786 ], [ 85.986102132326891, 26.941257216323606 ], [ 85.986066137689022, 26.941198221414254 ], [ 85.98586516702801, 26.941079228846775 ], [ 85.985768183674338, 26.940928240046389 ], [ 85.985718191021817, 26.940891242659632 ], [ 85.985616204715598, 26.940879242048823 ], [ 85.985461224704864, 26.940932234854074 ], [ 85.985370235361302, 26.940988228711319 ], [ 85.98526424615352, 26.941123213999276 ], [ 85.985272242064127, 26.941305198082375 ], [ 85.985308234004037, 26.941398190225755 ], [ 85.985528198437578, 26.941713165790304 ], [ 85.98566017547887, 26.941992142220329 ], [ 85.985624172747066, 26.942359108740561 ], [ 85.985571177243855, 26.942449099831833 ], [ 85.985494184116305, 26.942571087156068 ], [ 85.985527178601501, 26.94265408058908 ], [ 85.985550173476952, 26.942747072732402 ], [ 85.985693146581582, 26.943071046057071 ], [ 85.985702143442381, 26.943208033245526 ], [ 85.985610154047947, 26.943323021112747 ], [ 85.985402177634626, 26.94344300743586 ], [ 85.985311188291064, 26.943521997967252 ], [ 85.98530818723907, 26.943599991145732 ], [ 85.983922364902526, 26.943890940307483 ], [ 85.983205457908525, 26.944009918485733 ], [ 85.983073475471258, 26.943985918163378 ] ] ] ] } },
{ "type": "Feature", "properties": { "OBJECTID": 755, "Name": "Bhatighari", "code": "DNS/PU/22/02", "regime": "CF", "area_ha": 57.667315205400001 }, "geometry": { "type": "MultiPolygon", "coordinates": [ [ [ [ 86.011660000661493, 26.929279740666118 ], [ 86.011354042642267, 26.929198742838309 ], [ 86.010997093718288, 26.929048749592198 ], [ 86.010921104238889, 26.928989753783583 ], [ 86.010896108362317, 26.928955755650179 ], [ 86.010807127214491, 26.928645782138801 ], [ 86.010808138956634, 26.928095831484598 ], [ 86.010859139754018, 26.927730865965543 ], [ 86.010924138565997, 26.927385897867168 ], [ 86.010855327509603, 26.927053265828363 ], [ 86.010810166038254, 26.926834945363396 ], [ 86.010823166699936, 26.92671095703804 ], [ 86.010926162050282, 26.926261998934422 ], [ 86.011054151478618, 26.925988026356208 ], [ 86.011194138819747, 26.925736051300476 ], [ 86.011284130810395, 26.925529071340804 ], [ 86.011271134645312, 26.925450078111453 ], [ 86.011195146065234, 26.925368084729371 ], [ 86.01114415336184, 26.925345085357264 ], [ 86.011042166156301, 26.925356083219242 ], [ 86.010900185008666, 26.925402077466799 ], [ 86.010685211836346, 26.925471066589807 ], [ 86.01027626296343, 26.925653043478292 ], [ 86.009919306844836, 26.925768026848914 ], [ 86.009753327173485, 26.925814019297832 ], [ 86.009600347264552, 26.925858012544268 ], [ 86.009447367355619, 26.925859009897181 ], [ 86.0093453810494, 26.925847009286372 ], [ 86.009090416632944, 26.925755013596586 ], [ 86.008873448754798, 26.92561602270905 ], [ 86.008720470644505, 26.925559024304278 ], [ 86.008682474106195, 26.925594021589234 ], [ 86.008656476380054, 26.925684011781186 ], [ 86.008720465248587, 26.925777004823885 ], [ 86.008720462550571, 26.925903993301915 ], [ 86.00864347122166, 26.925983985682876 ], [ 86.008541485814817, 26.925994982645534 ], [ 86.008107541964591, 26.926027970835378 ], [ 86.007750586745317, 26.926119957531853 ], [ 86.00724065251643, 26.926208939578999 ], [ 86.007074674643718, 26.926243934165996 ], [ 86.006614732168032, 26.926346916925752 ], [ 86.006257777848077, 26.926472899956991 ], [ 86.006104796140505, 26.926528892015597 ], [ 86.005644853664819, 26.926712867207243 ], [ 86.005529866696861, 26.926815855362975 ], [ 86.005427876793419, 26.9269518425005 ], [ 86.005338886652339, 26.927077830028338 ], [ 86.005261893524732, 26.927214815418097 ], [ 86.005235894899272, 26.927307806662157 ], [ 86.005235891301993, 26.927444794749874 ], [ 86.005311878083319, 26.927628778934775 ], [ 86.005413861691522, 26.927755769211501 ], [ 86.005515844400406, 26.927938754244849 ], [ 86.005604827346872, 26.92813373809031 ], [ 86.005654817301433, 26.928361719118925 ], [ 86.00576979707472, 26.928592700300271 ], [ 86.005870779732732, 26.928730689338295 ], [ 86.005985762203977, 26.928833681990625 ], [ 86.006100746473919, 26.928901677358056 ], [ 86.006367707903905, 26.928993673947161 ], [ 86.006482693073167, 26.92901767426946 ], [ 86.00663567028414, 26.92909766934838 ], [ 86.006903633563695, 26.929178667176188 ], [ 86.007209592482241, 26.929214668109353 ], [ 86.007413564195303, 26.929235670077617 ], [ 86.007642533583578, 26.929282670671398 ], [ 86.007681528374178, 26.929271671910101 ], [ 86.007834507383791, 26.929317670654314 ], [ 86.007910495963813, 26.929363667599887 ], [ 86.00806347227541, 26.929513657248663 ], [ 86.008203451522661, 26.929638647423587 ], [ 86.008305436030184, 26.929709643843069 ], [ 86.008738371735546, 26.930019622750365 ], [ 86.00889134894652, 26.930169611499878 ], [ 86.0088913480472, 26.930214607495202 ], [ 86.008916340326493, 26.930374594055763 ], [ 86.008954329670189, 26.930650569433737 ], [ 86.009005319675623, 26.930788557572441 ], [ 86.009387262677592, 26.931075539805647 ], [ 86.009501245097965, 26.931200529081195 ], [ 86.009883187200558, 26.931568502846972 ], [ 86.010049159677294, 26.931786486064539 ], [ 86.010163140299028, 26.931958472336589 ], [ 86.010494086100948, 26.932441434868906 ], [ 86.01138876473334, 26.932500845266986 ], [ 86.012129040722527, 26.933097137308721 ], [ 86.012470622857165, 26.933382231855944 ], [ 86.012524830652296, 26.933742416556129 ], [ 86.012522144364482, 26.934050801857154 ], [ 86.012352798514655, 26.934347295365853 ], [ 86.012326798090498, 26.934541277361802 ], [ 86.012352794018, 26.934541277361802 ], [ 86.012440771517618, 26.935092229865575 ], [ 86.012478764458649, 26.935185222008897 ], [ 86.012568749254683, 26.935299213422581 ], [ 86.012720728213367, 26.935367209689332 ], [ 86.012817714265054, 26.935393209214112 ], [ 86.012975692629823, 26.935437207856523 ], [ 86.013473624449261, 26.935587202901274 ], [ 86.013600604833414, 26.935680195943974 ], [ 86.013702588441618, 26.935805187018218 ], [ 86.013816568163975, 26.936059165772974 ], [ 86.013931544339982, 26.936425134940293 ], [ 86.014019524537559, 26.936839099356291 ], [ 86.014070512744411, 26.937022084389582 ], [ 86.014171494503046, 26.937298059767613 ], [ 86.014515439168008, 26.937700029868097 ], [ 86.014735407198827, 26.937843021858555 ], [ 86.014795398561716, 26.937882018447795 ], [ 86.015063360042632, 26.938033010845515 ], [ 86.01544530574256, 26.938160004719521 ], [ 86.015968233438571, 26.938332998237058 ], [ 86.016210198092608, 26.938446992348702 ], [ 86.016401169143933, 26.93862897912976 ], [ 86.016592138396618, 26.938905957256623 ], [ 86.016681123141723, 26.939018948619378 ], [ 86.016719117881394, 26.939041947092164 ], [ 86.016732115845173, 26.939052945853405 ], [ 86.016808106223834, 26.939075946124831 ], [ 86.016859098927284, 26.939053948602293 ], [ 86.016898095516524, 26.938983955831077 ], [ 86.016898101811762, 26.938710980605777 ], [ 86.016950100861379, 26.938436006177994 ], [ 86.017001097162108, 26.938299018989539 ], [ 86.017052092563517, 26.938148033786433 ], [ 86.017180081092533, 26.937908057542984 ], [ 86.017410055927655, 26.937702080332144 ], [ 86.017500046119665, 26.937565094043066 ], [ 86.017564042182812, 26.937405110180464 ], [ 86.01765403777074, 26.937026144848062 ], [ 86.017757031322446, 26.936707176274524 ], [ 86.017897015066239, 26.936581189646006 ], [ 86.017999003171099, 26.936456203068417 ], [ 86.018012002933517, 26.936420205732588 ], [ 86.017860029370752, 26.936146229557039 ], [ 86.017745047798826, 26.936007238669504 ], [ 86.017338109819605, 26.935639264903728 ], [ 86.017312113892103, 26.935593269756851 ], [ 86.017134141703821, 26.935432279548138 ], [ 86.016917175624371, 26.935180299096487 ], [ 86.016765198464327, 26.935044308361626 ], [ 86.016484238120313, 26.934927314097308 ], [ 86.016280268205946, 26.934824320545601 ], [ 86.016063300327801, 26.934664331287081 ], [ 86.015962315871207, 26.934526342249114 ], [ 86.015898328801313, 26.934354355977064 ], [ 86.01582234381857, 26.934123374795718 ], [ 86.015619386545666, 26.933402437021073 ], [ 86.015543399764283, 26.933194454312456 ], [ 86.01547941179507, 26.933092462610318 ], [ 86.015359428169972, 26.933019466988412 ], [ 86.015326434584154, 26.932998467718107 ], [ 86.015224448277934, 26.932964469584761 ], [ 86.0150214766158, 26.932849477220884 ], [ 86.01466452859114, 26.932619490694492 ], [ 86.014422563937046, 26.932493498669999 ], [ 86.01425658876235, 26.932368506696434 ], [ 86.014103612450754, 26.932229515808899 ], [ 86.014027624770051, 26.932125524904279 ], [ 86.01400162974187, 26.932057529536849 ], [ 86.014002634289398, 26.931849548626928 ], [ 86.014015637649095, 26.931644567869739 ], [ 86.014105634136342, 26.931198609019475 ], [ 86.014105635935039, 26.931094619014175 ], [ 86.014169632897506, 26.930887639054504 ], [ 86.014246626025056, 26.930716654632022 ], [ 86.014348615928554, 26.930579669242206 ], [ 86.014348617727194, 26.930475679236906 ], [ 86.014183645301387, 26.930224698836184 ], [ 86.014132652597937, 26.930187700550107 ], [ 86.01392868268357, 26.930028711342516 ], [ 86.013521741107013, 26.929831721999221 ], [ 86.013317769394007, 26.929773723543519 ], [ 86.013113798580264, 26.929682728804039 ], [ 86.012896830702118, 26.929556736779546 ], [ 86.012807843258997, 26.929488741412115 ], [ 86.012603872445311, 26.929394746519904 ], [ 86.012297915325405, 26.929315747894577 ], [ 86.012144935416472, 26.929314745145689 ], [ 86.011863972374499, 26.929300741735062 ], [ 86.011660000661493, 26.929279740666118 ] ] ] ] } },
{ "type": "Feature", "properties": { "OBJECTID": 756, "Name": "Budhashanti", "code": "DNS/PU/23/01", "regime": "CF", "area_ha": 12.8069460418 }, "geometry": { "type": "MultiPolygon", "coordinates": [ [ [ [ 85.993289666335897, 26.918687376877415 ], [ 85.993661616023417, 26.918717380203134 ], [ 85.993876588296416, 26.918684387516635 ], [ 85.993940578064269, 26.918697386379677 ], [ 85.994030567356901, 26.918714386345698 ], [ 85.994041565218822, 26.918697388178373 ], [ 85.994200549030495, 26.918483411459647 ], [ 85.994285540766612, 26.918374422099191 ], [ 85.9942865435155, 26.91826743194116 ], [ 85.994439528820408, 26.917982460601706 ], [ 85.994529518113097, 26.917879471546598 ], [ 85.994551516534955, 26.917825475992515 ], [ 85.994479530856495, 26.917653490619784 ], [ 85.994495530771587, 26.917560499375782 ], [ 85.994511534284015, 26.917245528307831 ], [ 85.994525537694642, 26.916965553625573 ], [ 85.994539538407253, 26.916920557630249 ], [ 85.994527548588337, 26.916462599068495 ], [ 85.994687533350259, 26.916235622587408 ], [ 85.994909507778175, 26.916047643594823 ], [ 85.9950694907414, 26.915822666316217 ], [ 85.995140487160882, 26.91559568713717 ], [ 85.995131490300082, 26.915457699897786 ], [ 85.995107494474382, 26.915412703902462 ], [ 85.99503451054369, 26.915151725690691 ], [ 85.993575699779797, 26.915302687511314 ], [ 85.993523707924794, 26.915306685016958 ], [ 85.992080896176731, 26.915416651045859 ], [ 85.992080896176731, 26.915418650248341 ], [ 85.991026034930599, 26.915498624642737 ], [ 85.990985039138934, 26.915527621622289 ], [ 85.990944044246532, 26.915523621418686 ], [ 85.990917048268102, 26.915523620519309 ], [ 85.991275967616161, 26.917082486735694 ], [ 85.991303960947505, 26.917247472651411 ], [ 85.991396936003639, 26.917782425240091 ], [ 85.991668879701592, 26.918766342227684 ], [ 85.991815849412546, 26.919207304420695 ], [ 85.99229779031009, 26.919024330179298 ], [ 85.993289666335897, 26.918687376877415 ] ] ] ] } },
{ "type": "Feature", "properties": { "OBJECTID": 757, "Name": "Dadatole", "code": "DNS/PU/22/03", "regime": "CF", "area_ha": 3.6599519758199999 }, "geometry": { "type": "MultiPolygon", "coordinates": [ [ [ [ 86.007533775349941, 26.918724619780278 ], [ 86.007501783613691, 26.918548635103264 ], [ 86.007419792030248, 26.918653625159436 ], [ 86.007227812834117, 26.918896598857714 ], [ 86.007210814666735, 26.91891659717777 ], [ 86.007086828140018, 26.91905558356865 ], [ 86.006703871597324, 26.919386546457758 ], [ 86.006511891501816, 26.919651518577837 ], [ 86.006409898900358, 26.919926492106299 ], [ 86.006370895116504, 26.920305458338021 ], [ 86.006382888532755, 26.920544437228614 ], [ 86.006407881711368, 26.920716421702025 ], [ 86.006522860585335, 26.920992398878639 ], [ 86.006801812733556, 26.921508355896151 ], [ 86.006980784073392, 26.921749337586505 ], [ 86.007234744841639, 26.922026318411383 ], [ 86.007311732573214, 26.922083313218877 ], [ 86.007345727109282, 26.922119310554706 ], [ 86.007387720253917, 26.922173307008165 ], [ 86.007514699738749, 26.922312296097061 ], [ 86.00752569849999, 26.922341293975933 ], [ 86.007761669143918, 26.922286302867519 ], [ 86.00771867684773, 26.922140316120306 ], [ 86.007719683193898, 26.921867340895005 ], [ 86.007745680920095, 26.921797346325093 ], [ 86.007745683618054, 26.921659359085766 ], [ 86.007669700434008, 26.92135038562526 ], [ 86.007542723647134, 26.921073408397717 ], [ 86.0074917336417, 26.920868426741151 ], [ 86.007517736763816, 26.920593451414049 ], [ 86.007581731927644, 26.920455465074042 ], [ 86.007671721220277, 26.920352476018991 ], [ 86.007709716859324, 26.920319479735156 ], [ 86.007773712023095, 26.920179493293347 ], [ 86.0078247092232, 26.920008508870865 ], [ 86.007825713770728, 26.919803529012995 ], [ 86.007761727600155, 26.919561549070352 ], [ 86.007698739681871, 26.919344566803034 ], [ 86.007596760570266, 26.919034594190975 ], [ 86.007533775349941, 26.918724619780278 ] ] ] ] } },
{ "type": "Feature", "properties": { "OBJECTID": 758, "Name": "Dhaneshwori Mahila", "code": "DNS/LA/02/04", "regime": "CF", "area_ha": 63.073035571299997 }, "geometry": { "type": "MultiPolygon", "coordinates": [ [ [ [ 85.920685847619836, 26.997252972967203 ], [ 85.920486648631709, 26.996575087743565 ], [ 85.920180706800409, 26.995801151767694 ], [ 85.919507809240713, 26.995188196108018 ], [ 85.919048893795718, 26.994063289030407 ], [ 85.919039932907992, 26.992309447961816 ], [ 85.918822000951991, 26.990508606299443 ], [ 85.919090983168303, 26.989691686121319 ], [ 85.918683047836112, 26.989203722435207 ], [ 85.918380095365592, 26.988839748873033 ], [ 85.918142124619862, 26.988973732311479 ], [ 85.917416217167727, 26.989143704991818 ], [ 85.917114255754825, 26.989186695489366 ], [ 85.917036266173682, 26.989185694539174 ], [ 85.915776434962254, 26.98917367414316 ], [ 85.915257502073928, 26.98920366307965 ], [ 85.914866555016545, 26.989171658752809 ], [ 85.913447750785394, 26.988817665914496 ], [ 85.913181787607641, 26.988752668001837 ], [ 85.912973823784966, 26.988378698427312 ], [ 85.912797838208633, 26.988796655852298 ], [ 85.912767839379512, 26.988931643838271 ], [ 85.912686846048359, 26.989068630127349 ], [ 85.912549857960585, 26.989385599498405 ], [ 85.91253185974233, 26.989426595290126 ], [ 85.912411868922618, 26.989703568021071 ], [ 85.912432862796948, 26.989840557008165 ], [ 85.912518849188018, 26.989981545299543 ], [ 85.912817804152951, 26.990252526718336 ], [ 85.91291378745575, 26.990438511004982 ], [ 85.912969773219061, 26.990713486332083 ], [ 85.912968763275558, 26.991171445793213 ], [ 85.913038749751536, 26.991402425175863 ], [ 85.913087739655168, 26.991596408970452 ], [ 85.913122734242165, 26.991599409123182 ], [ 85.913159728031587, 26.991647405271181 ], [ 85.913229713608246, 26.991877385502335 ], [ 85.913276705208716, 26.992015373640982 ], [ 85.913487672781457, 26.992204360778373 ], [ 85.913597654098908, 26.992401345625012 ], [ 85.913644644800058, 26.992542333017013 ], [ 85.913662637622394, 26.992770313146366 ], [ 85.913657634669903, 26.992955295583499 ], [ 85.913600637164393, 26.99313527866542 ], [ 85.913595634211902, 26.993320261102554 ], [ 85.91362662499796, 26.993561240994268 ], [ 85.913808585698575, 26.994298176885422 ], [ 85.913831580574026, 26.994391169928065 ], [ 85.913826576722215, 26.994574153162716 ], [ 85.91376757911496, 26.99481313025467 ], [ 85.91378256908655, 26.995181096825775 ], [ 85.913647582899273, 26.99540707415531 ], [ 85.913633583985245, 26.995440071338464 ], [ 85.913551589703843, 26.995635052485966 ], [ 85.913479595032186, 26.995896027999777 ], [ 85.913473591129446, 26.996078011183499 ], [ 85.913445592402184, 26.996171001528239 ], [ 85.913403597458853, 26.996226996284804 ], [ 85.913476579590906, 26.996630961990434 ], [ 85.913472570394049, 26.997043922758223 ], [ 85.913419566796904, 26.997564876432932 ], [ 85.913463550150766, 26.998022834994686 ], [ 85.913605522305147, 26.998436800310003 ], [ 85.913820486484155, 26.998808770682047 ], [ 85.91403545246186, 26.999069750692456 ], [ 85.914034448813652, 26.99924573536947 ], [ 85.914057442789783, 26.999374723050039 ], [ 85.914127425668426, 26.999702694779671 ], [ 85.914343391697003, 26.999963675689401 ], [ 85.914591353059222, 27.000267651593333 ], [ 85.914724328352804, 27.00056662724279 ], [ 85.914724328352804, 27.000568627344592 ], [ 85.914833312317285, 27.000648621524192 ], [ 85.915065276462371, 27.000853606778037 ], [ 85.915258245816801, 27.001080589554419 ], [ 85.915362227728167, 27.001309571533284 ], [ 85.915543198270427, 27.001583549507473 ], [ 85.91556521288021, 27.001601491967506 ], [ 85.915867971995567, 27.00131173441315 ], [ 85.915901766881234, 27.001085362279355 ], [ 85.916190436250645, 27.000662649216622 ], [ 85.916607217356784, 27.000070946437233 ], [ 85.91721290825825, 26.999565682410093 ], [ 85.918009947028736, 26.998891911604517 ], [ 85.918902380043278, 26.998162208995268 ], [ 85.919730477948633, 26.997545324178702 ], [ 85.920685847619836, 26.997252972967203 ] ], [ [ 85.913751667333827, 26.990825490234499 ], [ 85.915792407897584, 26.990263576741199 ], [ 85.916826215913829, 26.992828362863634 ], [ 85.914913459382376, 26.993333284247456 ], [ 85.914566503772789, 26.993424269993739 ], [ 85.913572689698697, 26.990874482836148 ], [ 85.913751667333827, 26.990825490234499 ] ], [ [ 85.915397475925147, 26.989579630957337 ], [ 85.915475465506347, 26.989546635572822 ], [ 85.915692436981772, 26.9895746369981 ], [ 85.91571443180635, 26.989667629141422 ], [ 85.915709427954539, 26.989850612376074 ], [ 85.915682431076789, 26.989895607472079 ], [ 85.915618439510297, 26.989905605283127 ], [ 85.915451461586713, 26.989902602432437 ], [ 85.915402469884384, 26.989843607523142 ], [ 85.915382476960303, 26.989635625713902 ], [ 85.915397475925147, 26.989579630957337 ] ] ] ] } },
{ "type": "Feature", "properties": { "OBJECTID": 759, "Name": "Dhudhpani", "code": "DNS/BA/01/03", "regime": "CF", "area_ha": 186.71828450199999 }, "geometry": { "type": "MultiPolygon", "coordinates": [ [ [ [ 85.921805878549947, 27.116548264489552 ], [ 85.921818876513726, 27.116563263454395 ], [ 85.921874867673012, 27.116651257141882 ], [ 85.921994844103494, 27.117010225952868 ], [ 85.922115824182242, 27.117218210460123 ], [ 85.922506763145634, 27.117634179474521 ], [ 85.92261374610905, 27.117741171431192 ], [ 85.922590743139665, 27.117993148285507 ], [ 85.922434760380042, 27.118171129466987 ], [ 85.922403762399369, 27.118263119760798 ], [ 85.92239975949775, 27.118412105761422 ], [ 85.922600722964148, 27.118887066987156 ], [ 85.922619717635996, 27.11902505512586 ], [ 85.922749690978264, 27.119403023105292 ], [ 85.9227786852598, 27.119537011040393 ], [ 85.92275268573502, 27.119633002437126 ], [ 85.922825673262992, 27.119768991373292 ], [ 85.923134623340957, 27.120170959675079 ], [ 85.92318361144595, 27.120428937734175 ], [ 85.923180604997981, 27.120736909345112 ], [ 85.923142604862335, 27.121007884468554 ], [ 85.923021610394414, 27.121500837617305 ], [ 85.92297361244772, 27.121706818425423 ], [ 85.922971606949943, 27.121945797316016 ], [ 85.922969602351543, 27.122184775307232 ], [ 85.923034584076333, 27.122623736499179 ], [ 85.923051575948421, 27.122931709009436 ], [ 85.923057563663292, 27.123400667231806 ], [ 85.923019564426966, 27.12361164739508 ], [ 85.92294556965345, 27.123808628644383 ], [ 85.923386497672084, 27.124441578127517 ], [ 85.923388490579327, 27.124754549992986 ], [ 85.923453477700093, 27.124966532005828 ], [ 85.923498468299442, 27.12509952078932 ], [ 85.923532460137551, 27.125288504329376 ], [ 85.926853079695718, 27.124312425870301 ], [ 85.930193656205006, 27.122808385286248 ], [ 85.93274362322785, 27.121849438094785 ], [ 85.934643054440755, 27.121285118903472 ], [ 85.935795923373234, 27.120987106432551 ], [ 85.93578393085636, 27.120709131852095 ], [ 85.935776934097362, 27.120585142627419 ], [ 85.935791961840664, 27.11920926773962 ], [ 85.935780965777383, 27.119122275002383 ], [ 85.935752973345359, 27.118904294482775 ], [ 85.935630001258801, 27.118445334071453 ], [ 85.935521021790919, 27.118103362528473 ], [ 85.935357054811959, 27.117601405324308 ], [ 85.935067108399096, 27.116911461933 ], [ 85.935037114965951, 27.116789473709446 ], [ 85.934988125062318, 27.116603488523424 ], [ 85.934639188236758, 27.115848551716056 ], [ 85.934633189729993, 27.115835552852957 ], [ 85.934622190968696, 27.115802554770539 ], [ 85.934385239159724, 27.115033620847839 ], [ 85.934219271179643, 27.114592657755452 ], [ 85.933744367510769, 27.113058788314959 ], [ 85.933735387737158, 27.11222986213005 ], [ 85.933732391181763, 27.112064878012973 ], [ 85.933731391130834, 27.112054878403285 ], [ 85.933571430650773, 27.111222951166326 ], [ 85.93359342997195, 27.111146958089705 ], [ 85.933568433196058, 27.111123959616918 ], [ 85.933526439152104, 27.111090962433764 ], [ 85.933530440255026, 27.111041967134156 ], [ 85.933531441205275, 27.110992971834548 ], [ 85.933447454916006, 27.110820985562498 ], [ 85.933473460736082, 27.110440020128294 ], [ 85.933571454932576, 27.110100053183771 ], [ 85.93324450393834, 27.109891065927684 ], [ 85.933159529289412, 27.109214124996754 ], [ 85.933075548396118, 27.108850156830613 ], [ 85.933007567417917, 27.108372199049427 ], [ 85.932999577802605, 27.107931238655055 ], [ 85.93303758153553, 27.10753327505347 ], [ 85.932978598317504, 27.107142309110259 ], [ 85.932901615981848, 27.106754343319722 ], [ 85.932954617780354, 27.106371379582356 ], [ 85.932862633781838, 27.106204391766198 ], [ 85.932776647390767, 27.10611739902896 ], [ 85.932707658267702, 27.106005407717078 ], [ 85.932648666056423, 27.106040404102714 ], [ 85.932211721154147, 27.106163386081903 ], [ 85.93206473885266, 27.106230376002429 ], [ 85.931997746234117, 27.106326366499843 ], [ 85.931895758129258, 27.106429355554894 ], [ 85.931806767988178, 27.106487349513998 ], [ 85.931512805183843, 27.106616331798591 ], [ 85.931436813006485, 27.106685324518935 ], [ 85.931297827514925, 27.106881304817989 ], [ 85.931259831875934, 27.106914301101824 ], [ 85.931239833555878, 27.106937297775971 ], [ 85.931182840547024, 27.107006290496315 ], [ 85.931068852730675, 27.107075283216659 ], [ 85.930991863200404, 27.107099279941679 ], [ 85.930799888500871, 27.107123273968682 ], [ 85.930493925985047, 27.107229259579185 ], [ 85.930359944345241, 27.107250255252154 ], [ 85.930139970019127, 27.107391238147557 ], [ 85.929894999816383, 27.107522221433271 ], [ 85.929899998272276, 27.107524221535073 ], [ 85.929887000308497, 27.107530220941214 ], [ 85.929844006213671, 27.107555217717106 ], [ 85.929751015868987, 27.107643209605953 ], [ 85.929742017209492, 27.107656207569676 ], [ 85.929678025643, 27.107669205533455 ], [ 85.92966602593151, 27.107714200629459 ], [ 85.929718015987817, 27.107864188479596 ], [ 85.930002965743483, 27.108412143528653 ], [ 85.930003963096397, 27.108550130767981 ], [ 85.929978963622546, 27.108642121061791 ], [ 85.929978963622546, 27.10866711963638 ], [ 85.929956966099951, 27.108663119432777 ], [ 85.929854980693108, 27.108659118329797 ], [ 85.929602013680494, 27.108679112153254 ], [ 85.929586015564041, 27.108692111016353 ], [ 85.929586015564041, 27.108691110965424 ], [ 85.929454034925357, 27.108622114647801 ], [ 85.929146078603026, 27.108439126017174 ], [ 85.928914117155955, 27.108155147533978 ], [ 85.928862124401633, 27.108121149400574 ], [ 85.928681155657955, 27.107802176330381 ], [ 85.928578169300863, 27.107744179673375 ], [ 85.928424190240378, 27.107757174939138 ], [ 85.928246215354136, 27.107649182032219 ], [ 85.927636286826953, 27.10811012995481 ], [ 85.927212338989136, 27.108337101939242 ], [ 85.927220335799063, 27.108436093488706 ], [ 85.927289318626777, 27.108757065761381 ], [ 85.927159334492671, 27.108871052678353 ], [ 85.927030343214824, 27.109269013581923 ], [ 85.927037339074502, 27.109403001517023 ], [ 85.927039339176304, 27.109404001567896 ], [ 85.92703233881997, 27.109414001177583 ], [ 85.927022339210282, 27.109491994356063 ], [ 85.926993338633451, 27.109676976793196 ], [ 85.926993338633451, 27.109678975995678 ], [ 85.926992339481842, 27.109679976046607 ], [ 85.926929344368943, 27.109816962335685 ], [ 85.926942341433403, 27.109850959569769 ], [ 85.926882338379244, 27.110366912090569 ], [ 85.926783338735845, 27.110952857382642 ], [ 85.926633349986389, 27.11136481809956 ], [ 85.926544358046613, 27.11150380359112 ], [ 85.92648136563173, 27.111606793545548 ], [ 85.926443369093363, 27.111653787844034 ], [ 85.926405371655733, 27.111791775982681 ], [ 85.926381370434058, 27.111951760744546 ], [ 85.926381368635418, 27.112043751937676 ], [ 85.926400364206586, 27.112120745065226 ], [ 85.926228386927789, 27.112158738905578 ], [ 85.925338495409562, 27.112607682620023 ], [ 85.925252503622517, 27.11275866782313 ], [ 85.925209508628313, 27.112780664446348 ], [ 85.925209508628313, 27.112761666177164 ], [ 85.925042532503426, 27.112726667093568 ], [ 85.924823567221438, 27.112431689849075 ], [ 85.924669589060272, 27.112373693192012 ], [ 85.924454617686592, 27.112383688305101 ], [ 85.924362629191478, 27.112387684911425 ], [ 85.924157656528223, 27.112421679447493 ], [ 85.923979677145383, 27.112526666805707 ], [ 85.923623717480325, 27.112862629949291 ], [ 85.923534728238565, 27.112920623908337 ], [ 85.92345773870835, 27.112919622058826 ], [ 85.923405745954028, 27.112862626351955 ], [ 85.923366753861387, 27.112724638213308 ], [ 85.92337775801866, 27.112483660120233 ], [ 85.923350765637508, 27.112277678412795 ], [ 85.923259783488561, 27.112071695806037 ], [ 85.923129804750374, 27.111867711502441 ], [ 85.92289784330336, 27.111559735394906 ], [ 85.922780862528896, 27.111364751549388 ], [ 85.922575890764961, 27.111274755062141 ], [ 85.922435907021111, 27.111377744117192 ], [ 85.92232292285297, 27.111387741028921 ], [ 85.922307924787447, 27.111389741130722 ], [ 85.922153944827585, 27.111436733630569 ], [ 85.922090950614006, 27.111516725112153 ], [ 85.922029949307614, 27.111929686779263 ], [ 85.921953956230936, 27.112113668266204 ], [ 85.921788973912555, 27.112308647615066 ], [ 85.921598994818225, 27.112494628304432 ], [ 85.921497006713366, 27.112552621364159 ], [ 85.921394020356274, 27.112576617189859 ], [ 85.921319030028485, 27.112566616680851 ], [ 85.921315030724202, 27.112595613660403 ], [ 85.921305030215194, 27.112657608722373 ], [ 85.921319027330526, 27.112702604717697 ], [ 85.921576985604418, 27.113045578110189 ], [ 85.921654971588282, 27.113180566995482 ], [ 85.921692966327953, 27.113203566367588 ], [ 85.921758954398967, 27.113375551740319 ], [ 85.921875930676777, 27.113742520059191 ], [ 85.921902924856511, 27.113880509097157 ], [ 85.921904918663017, 27.114108487427814 ], [ 85.921854921513841, 27.114270471392217 ], [ 85.921703933612775, 27.114684432210879 ], [ 85.921679930592461, 27.114959406638661 ], [ 85.921685929099226, 27.114995403974547 ], [ 85.921706923872932, 27.115130391960463 ], [ 85.921747909772023, 27.115496359329143 ], [ 85.921773905699524, 27.115542356274659 ], [ 85.921800897181299, 27.115725339509368 ], [ 85.921815889850905, 27.116000314836469 ], [ 85.921816886304498, 27.116160299598334 ], [ 85.921818877413045, 27.116528267068759 ], [ 85.921808877803358, 27.116544265185269 ], [ 85.921805878549947, 27.116548264489552 ] ] ] ] } },
{ "type": "Feature", "properties": { "OBJECTID": 760, "Name": "Hardinath", "code": "DNS/PU/27/01", "regime": "CF", "area_ha": 0.88124718492800003 }, "geometry": { "type": "MultiPolygon", "coordinates": [ [ [ [ 85.981863225920222, 26.823579750853185 ], [ 85.981652254750202, 26.82354074976729 ], [ 85.98155824996536, 26.824269683452599 ], [ 85.982237158622354, 26.824406682332267 ], [ 85.982792086148606, 26.82431570018332 ], [ 85.982730098281195, 26.824125716592334 ], [ 85.982638113383359, 26.824001725568962 ], [ 85.982556128994588, 26.823772745388794 ], [ 85.982445148525528, 26.823583760050042 ], [ 85.981863225920222, 26.823579750853185 ] ] ] ] } },
{ "type": "Feature", "properties": { "OBJECTID": 761, "Name": "Kalika", "code": "DNS/BA/01/05", "regime": "CF", "area_ha": 405.92161034100002 }, "geometry": { "type": "MultiPolygon", "coordinates": [ [ [ [ 85.955839645931405, 27.057049236005184 ], [ 85.956436568400932, 27.057017249664852 ], [ 85.956816517596337, 27.057008256401332 ], [ 85.957085481826141, 27.057019260558548 ], [ 85.957128475920968, 27.056998263086939 ], [ 85.95733245033199, 27.056927273862073 ], [ 85.957482434584847, 27.056794286877221 ], [ 85.957484437384664, 27.056612304592818 ], [ 85.957567430817619, 27.056407323835629 ], [ 85.957677420229004, 27.056225342450489 ], [ 85.957897396353815, 27.055948372417561 ], [ 85.958198363111762, 27.055659402673086 ], [ 85.958444334264755, 27.055454426412496 ], [ 85.958948274483475, 27.055142462691947 ], [ 85.959520203774389, 27.054916493456346 ], [ 85.960145123172538, 27.054763518044012 ], [ 85.960294105575883, 27.054715524593973 ], [ 85.960634062627776, 27.054621539594336 ], [ 85.960770044369383, 27.054610541732416 ], [ 85.961028011636529, 27.054551551319719 ], [ 85.9613269728967, 27.054492562705718 ], [ 85.961652931034678, 27.05443457324327 ], [ 85.961978889172599, 27.054376583780822 ], [ 85.962466824979629, 27.05430660000286 ], [ 85.96294176192356, 27.054310608300398 ], [ 85.963470692622991, 27.054302617785766 ], [ 85.963917632638299, 27.054293626320941 ], [ 85.964242589826029, 27.054332627406779 ], [ 85.964991496650214, 27.053997671508682 ], [ 85.965743411721064, 27.053311746307543 ], [ 85.966155369739965, 27.052707808193134 ], [ 85.964762564134276, 27.052320819071042 ], [ 85.964374625323558, 27.051832856284193 ], [ 85.963653732515183, 27.051311891817647 ], [ 85.963438764738896, 27.051127904035411 ], [ 85.963155806091777, 27.050967912978251 ], [ 85.962858850329326, 27.050771925484582 ], [ 85.962629882739691, 27.050672930337839 ], [ 85.962399914199807, 27.050622931390023 ], [ 85.961897980378126, 27.050618922193166 ], [ 85.961356052614292, 27.050626912707799 ], [ 85.961017099210551, 27.050563913098244 ], [ 85.960895114584332, 27.050599906836794 ], [ 85.960719138001252, 27.050585905224807 ], [ 85.960502167425147, 27.050535906276991 ], [ 85.960421178590593, 27.050534904427479 ], [ 85.960257199021044, 27.050618894314027 ], [ 85.960175206538338, 27.05073988248671 ], [ 85.959997226256178, 27.050968857270959 ], [ 85.959914233722486, 27.051125842779413 ], [ 85.959940226952028, 27.051271830426003 ], [ 85.959803241562213, 27.051428813236498 ], [ 85.959694254899716, 27.051476807585914 ], [ 85.959599267151191, 27.051475805736345 ], [ 85.959233317769076, 27.051400805515982 ], [ 85.958746383811615, 27.051372799594105 ], [ 85.958176460018478, 27.05134379272198 ], [ 85.957892496823831, 27.051353786036373 ], [ 85.957403560066609, 27.05145976894886 ], [ 85.956915626058219, 27.051419764214756 ], [ 85.956468686042911, 27.05137975948071 ], [ 85.956339703758317, 27.051360758513567 ], [ 85.955880769427438, 27.051138770595742 ], [ 85.955529818110904, 27.05101477687441 ], [ 85.955311848383189, 27.050955777468459 ], [ 85.955393840865952, 27.05081579192597 ], [ 85.955470832194862, 27.05073880059706 ], [ 85.955567821843829, 27.050642810999022 ], [ 85.956424720675557, 27.05001388150464 ], [ 85.956791699786379, 27.048715006039743 ], [ 85.95669571558426, 27.048627012352256 ], [ 85.956578733011156, 27.04851101993745 ], [ 85.956408762129456, 27.048211045136441 ], [ 85.956270783883383, 27.048065055691268 ], [ 85.956173798731072, 27.047978062054653 ], [ 85.956012820213573, 27.047928064006157 ], [ 85.955938833533992, 27.047831070759912 ], [ 85.955757861193035, 27.047647084776372 ], [ 85.955608885984361, 27.047414102593905 ], [ 85.955546899915589, 27.047163124891142 ], [ 85.955460912625199, 27.047076131254528 ], [ 85.955364926624441, 27.047036132815776 ], [ 85.955095963294013, 27.046948136430274 ], [ 85.954892993430519, 27.04681114564454 ], [ 85.95472001610085, 27.046858138144387 ], [ 85.954602031678178, 27.046867135005186 ], [ 85.954452052821296, 27.046808138297251 ], [ 85.954324072386271, 27.046662148852022 ], [ 85.95427008042941, 27.046643149683518 ], [ 85.954141097245497, 27.046623149564823 ], [ 85.954040110990263, 27.046631146374693 ], [ 85.953992115741528, 27.046699139943485 ], [ 85.953687154175896, 27.046826123025596 ], [ 85.953589166274696, 27.046848118749494 ], [ 85.953534173367643, 27.046861116713217 ], [ 85.953381193458711, 27.046862114066187 ], [ 85.953201218470724, 27.04678211898721 ], [ 85.952739283087794, 27.046659120820209 ], [ 85.952637297680951, 27.046613124773955 ], [ 85.952546312834045, 27.046510132121625 ], [ 85.952481323015263, 27.046386141997573 ], [ 85.952430330311813, 27.046352143864226 ], [ 85.952327344854098, 27.04634014325336 ], [ 85.952122373989482, 27.04626114642673 ], [ 85.951774427322221, 27.045941169708328 ], [ 85.951620449161055, 27.045861174629408 ], [ 85.95141547739712, 27.045827173798045 ], [ 85.95136448379435, 27.045841171812697 ], [ 85.951159511131095, 27.045819169793504 ], [ 85.95090354576439, 27.045819165296905 ], [ 85.950776559085, 27.045933152213934 ], [ 85.95072556638155, 27.045958149889145 ], [ 85.95067457277878, 27.045957148938953 ], [ 85.950481601625654, 27.045820158153163 ], [ 85.950378614369242, 27.045833155217622 ], [ 85.95022563356099, 27.04587914766654 ], [ 85.95017463995822, 27.045913144001247 ], [ 85.95006165399144, 27.045964138503336 ], [ 85.950021659149968, 27.045982135822271 ], [ 85.949932669908208, 27.046040128881998 ], [ 85.949881676305495, 27.04604212808448 ], [ 85.949739696956442, 27.04596213300556 ], [ 85.949636712398046, 27.045848141591932 ], [ 85.949495733999242, 27.045745148040226 ], [ 85.94939274854147, 27.045733147429416 ], [ 85.949355750255393, 27.045859134957254 ], [ 85.949561719372241, 27.046019124215775 ], [ 85.949574715537381, 27.046112115459778 ], [ 85.949536719898333, 27.046145112642932 ], [ 85.94948572719494, 27.046133112032123 ], [ 85.949227765323712, 27.045928126778279 ], [ 85.9490747863141, 27.045918124470575 ], [ 85.948869811852205, 27.045964117818812 ], [ 85.948716831943273, 27.045977113084575 ], [ 85.948614845637053, 27.045989110997425 ], [ 85.948408874721565, 27.045931111642403 ], [ 85.948202906504036, 27.045715128526638 ], [ 85.948047930090581, 27.045579137791776 ], [ 85.947996936487812, 27.045556139319046 ], [ 85.947893953728055, 27.045454146717532 ], [ 85.947700983474249, 27.045236162600645 ], [ 85.947482016393622, 27.045076173342125 ], [ 85.947340038843265, 27.044894188359706 ], [ 85.947249053996359, 27.044756198422363 ], [ 85.946952100032547, 27.04444922056706 ], [ 85.946849116373471, 27.044313230731575 ], [ 85.946810122482191, 27.044243237060982 ], [ 85.946770133936013, 27.044003257220197 ], [ 85.946759138772052, 27.043874269539629 ], [ 85.946053233237308, 27.043794264568135 ], [ 85.945530303742657, 27.04374126007167 ], [ 85.944638426511801, 27.043551262091455 ], [ 85.943447594316069, 27.043100282302191 ], [ 85.94329461440708, 27.04312127797516 ], [ 85.9423167372953, 27.043430233449101 ], [ 85.942188755960956, 27.043369235740045 ], [ 85.941969785282993, 27.043324236147384 ], [ 85.941752813807568, 27.043374227900586 ], [ 85.941428855771449, 27.043415219195708 ], [ 85.941306872044493, 27.043420215852905 ], [ 85.941167891049531, 27.043386216820181 ], [ 85.941039909715187, 27.043314221249148 ], [ 85.940833939699019, 27.043181229767697 ], [ 85.940657965813898, 27.043049238337119 ], [ 85.940646967951977, 27.043016241154021 ], [ 85.940506989604103, 27.0429062481453 ], [ 85.94042800087135, 27.042872249112634 ], [ 85.940246025781562, 27.042806252947685 ], [ 85.939875077044235, 27.042726253372109 ], [ 85.939711100172644, 27.042643259039835 ], [ 85.939383147328897, 27.042493266693043 ], [ 85.939201174037692, 27.042372274023705 ], [ 85.938957213778451, 27.042056298408284 ], [ 85.938874229338751, 27.041870314121581 ], [ 85.938832237992756, 27.041700327951332 ], [ 85.938750254503304, 27.041416352166152 ], [ 85.938586278531091, 27.041343356544189 ], [ 85.938562281806014, 27.041299359700474 ], [ 85.938563284554903, 27.041185370085486 ], [ 85.938527289917033, 27.041146373496247 ], [ 85.938411305596219, 27.041145371646678 ], [ 85.938307319188254, 27.041183365487029 ], [ 85.937907365377441, 27.041508329869373 ], [ 85.937798379614264, 27.041479331091182 ], [ 85.937719392680208, 27.041386337149163 ], [ 85.937678401385142, 27.041244349706233 ], [ 85.937685401741419, 27.04116235722347 ], [ 85.937686404490307, 27.04105836631885 ], [ 85.937693405745961, 27.04095437631355 ], [ 85.937603420050607, 27.040806386766519 ], [ 85.937464441753605, 27.040680396540722 ], [ 85.93744644533399, 27.040592404651875 ], [ 85.937496441583846, 27.040500413458744 ], [ 85.937723414467655, 27.040376428730724 ], [ 85.93773141757282, 27.040168447820804 ], [ 85.937818408511419, 27.04003346163347 ], [ 85.937894405185432, 27.039727490124392 ], [ 85.937968399059571, 27.039553507347819 ], [ 85.937979400518827, 27.039414520956939 ], [ 85.937876415960432, 27.039326525470756 ], [ 85.937743436170194, 27.039227533022029 ], [ 85.937524466391608, 27.039159534956639 ], [ 85.937383485294845, 27.039191529390905 ], [ 85.937328490589152, 27.039273521873611 ], [ 85.937278496137935, 27.03932151532365 ], [ 85.937229500838384, 27.039359511862017 ], [ 85.937150511206312, 27.039391508094923 ], [ 85.936930540477476, 27.03938450414131 ], [ 85.936577589958404, 27.039300506160771 ], [ 85.936462606587838, 27.039222511183652 ], [ 85.936414614037119, 27.039157515968952 ], [ 85.936355625423062, 27.038976531037463 ], [ 85.936300634314705, 27.038926534787606 ], [ 85.936116660921755, 27.038791544103674 ], [ 85.936073667726191, 27.038742547005427 ], [ 85.936020677618956, 27.038632556694722 ], [ 85.935904694197404, 27.03857756019039 ], [ 85.935795709333604, 27.038565558680205 ], [ 85.935649729780948, 27.038531559647538 ], [ 85.935594737773272, 27.038454565620611 ], [ 85.935644734922391, 27.038334577498858 ], [ 85.935584743559502, 27.038290579755824 ], [ 85.935462759832603, 27.038289577906255 ], [ 85.935388767757047, 27.038371568590378 ], [ 85.935313774731299, 27.038512555982379 ], [ 85.935178788543965, 27.038664539437718 ], [ 85.935006810365905, 27.038728531004267 ], [ 85.934897825502048, 27.038716529494081 ], [ 85.934831836531714, 27.038612537690142 ], [ 85.934783845779634, 27.038470550247212 ], [ 85.934710856452966, 27.038442551519893 ], [ 85.934668861509692, 27.038431550960013 ], [ 85.934546878682113, 27.038392552572077 ], [ 85.934449892630425, 27.03835855533805 ], [ 85.934450895379314, 27.0382165669958 ], [ 85.934414900741444, 27.038167571696192 ], [ 85.934341912314096, 27.038117574547016 ], [ 85.934294920713626, 27.038018582098232 ], [ 85.934300920119711, 27.037997583727304 ], [ 85.93431291893188, 27.037991585220539 ], [ 85.934398907121647, 27.03795459053174 ], [ 85.934569886148154, 27.037889598914319 ], [ 85.934771860457374, 27.037831607653231 ], [ 85.934845852532874, 27.037771614491703 ], [ 85.934870851107462, 27.037684621754465 ], [ 85.934853855638096, 27.037580632648485 ], [ 85.934715879190662, 27.037334651602919 ], [ 85.934703883076452, 27.037246658814752 ], [ 85.934786873811447, 27.037162668028884 ], [ 85.93491585789468, 27.037109675223633 ], [ 85.935007846389851, 27.037049682062104 ], [ 85.935062840196224, 27.036995688306604 ], [ 85.935106836140619, 27.036930694890543 ], [ 85.935106837939259, 27.036848702407838 ], [ 85.93499885582429, 27.036667717476291 ], [ 85.934817882584071, 27.036556723517378 ], [ 85.934817882584071, 27.036540724501606 ], [ 85.93481788348339, 27.036502727963295 ], [ 85.934929873895896, 27.036301748309029 ], [ 85.934930874846088, 27.036213756420182 ], [ 85.934845888505947, 27.036103765210157 ], [ 85.934846889456196, 27.036032771488635 ], [ 85.934694911396775, 27.035993772201437 ], [ 85.934403954141089, 27.035761788271202 ], [ 85.934344966426409, 27.035597801507095 ], [ 85.934266978643905, 27.035477812486022 ], [ 85.934096002315357, 27.035426812587957 ], [ 85.933907027768555, 27.035452807616139 ], [ 85.933798042904698, 27.035418808583415 ], [ 85.933793043549542, 27.035422807887699 ], [ 85.933703056055492, 27.035367811383367 ], [ 85.933703056954812, 27.03529781861215 ], [ 85.9337280555294, 27.035229824144039 ], [ 85.933893037847838, 27.035057843267964 ], [ 85.933893041445117, 27.034883858692751 ], [ 85.933815055461309, 27.034758868517827 ], [ 85.933750065642528, 27.034656876815689 ], [ 85.933596090179321, 27.034495888405615 ], [ 85.933544097424999, 27.034463889474694 ], [ 85.933340124812617, 27.034428889491778 ], [ 85.933301130022016, 27.034405891918368 ], [ 85.933224142290442, 27.034337896550937 ], [ 85.933224144089081, 27.034280901743443 ], [ 85.933185149298538, 27.03424690361004 ], [ 85.933134156595088, 27.03422390603663 ], [ 85.932929183032513, 27.034246899113441 ], [ 85.932712208859073, 27.034362886132214 ], [ 85.932521232411773, 27.034478871352405 ], [ 85.932367252451968, 27.034479868705318 ], [ 85.932316260647838, 27.034456870232532 ], [ 85.932200279024983, 27.034306881483076 ], [ 85.931917322176503, 27.034056898435267 ], [ 85.931853329710691, 27.034058897637749 ], [ 85.931841330898521, 27.034103893633073 ], [ 85.931893320055565, 27.034286877767045 ], [ 85.931842322855459, 27.034468860051447 ], [ 85.931779329541257, 27.034549852483281 ], [ 85.931626347833628, 27.034643840180934 ], [ 85.931422373422606, 27.034700832290468 ], [ 85.931269391715034, 27.034780822872733 ], [ 85.93096243094692, 27.034872809569208 ], [ 85.930732461507716, 27.03489880279875 ], [ 85.930527488844461, 27.034864801967387 ], [ 85.930399505711421, 27.034886797691286 ], [ 85.930387505999931, 27.034933792889092 ], [ 85.930477491695285, 27.035058783963336 ], [ 85.930567478289959, 27.03511578056947 ], [ 85.930760448543765, 27.035286767689911 ], [ 85.930799441535726, 27.03537976073261 ], [ 85.930787441824179, 27.035469751823939 ], [ 85.93073644642277, 27.035561742117693 ], [ 85.93064745628169, 27.035630734838037 ], [ 85.930544469025278, 27.035654730663737 ], [ 85.930301502521672, 27.035621729883303 ], [ 85.930199513517493, 27.035735716800332 ], [ 85.930151520067454, 27.035773712439322 ], [ 85.930123522239512, 27.035793710759378 ], [ 85.930072528636742, 27.035827707993406 ], [ 85.92991954782849, 27.035862701681083 ], [ 85.929663584260425, 27.035817701189103 ], [ 85.929573595867112, 27.035771703344267 ], [ 85.929482611919525, 27.035635713508725 ], [ 85.929416627445789, 27.035292744612889 ], [ 85.929377636252525, 27.035120759240158 ], [ 85.929376639798932, 27.034948774766747 ], [ 85.92935064567007, 27.034869781537395 ], [ 85.929311650879526, 27.034824784642751 ], [ 85.929209665472627, 27.034812784031942 ], [ 85.929107678267144, 27.03485877738018 ], [ 85.929005688363645, 27.034972766095848 ], [ 85.928763717414313, 27.035135747413108 ], [ 85.928609737454451, 27.035170740201409 ], [ 85.928327775260925, 27.035137739420975 ], [ 85.928148801223131, 27.035045744630565 ], [ 85.928071812592236, 27.034977749263135 ], [ 85.927980828644593, 27.034829760615423 ], [ 85.927852846410929, 27.034727768013965 ], [ 85.927698868249763, 27.034703767691667 ], [ 85.927442900185042, 27.034762758104307 ], [ 85.927302918239889, 27.034820749365394 ], [ 85.92721492994832, 27.034842745988612 ], [ 85.927059949038266, 27.034879740677411 ], [ 85.92685597732526, 27.034879737080075 ], [ 85.926765988931891, 27.034856736808649 ], [ 85.926612011670045, 27.034731746633781 ], [ 85.92658501928895, 27.034525764027023 ], [ 85.926533029232587, 27.034399775599809 ], [ 85.926494035341364, 27.034342779892995 ], [ 85.926443044436553, 27.034308780860329 ], [ 85.926289065376068, 27.034264783117237 ], [ 85.926135085416206, 27.034251780656859 ], [ 85.925829124699021, 27.034321769830797 ], [ 85.925778131995571, 27.034316769576265 ], [ 85.925700142414428, 27.034311768422469 ], [ 85.925610154021058, 27.034276769338874 ], [ 85.925407179660965, 27.034392756357647 ], [ 85.925100218892851, 27.034451744971705 ], [ 85.924743262774257, 27.034624723200693 ], [ 85.924487294709593, 27.03470671208612 ], [ 85.92428032104516, 27.034756703839321 ], [ 85.924193332804521, 27.034776700360737 ], [ 85.923989359292875, 27.034810693997485 ], [ 85.923683395877674, 27.034948676740214 ], [ 85.923440425776732, 27.035088658685368 ], [ 85.923300442032883, 27.035191646841099 ], [ 85.92314746122463, 27.035260638662123 ], [ 85.923096466722541, 27.03530763296061 ], [ 85.923046471372061, 27.03539962415374 ], [ 85.922983473561146, 27.035674597682146 ], [ 85.922907482283165, 27.03574359040249 ], [ 85.922805495077682, 27.035765587025764 ], [ 85.922548529660048, 27.035697588960318 ], [ 85.922445546000972, 27.035640591454865 ], [ 85.92226857026634, 27.035591593457298 ], [ 85.92224057333766, 27.035607591573751 ], [ 85.92215158499522, 27.035676583394775 ], [ 85.921973606511756, 27.035758572280201 ], [ 85.921360681429121, 27.036033537714729 ], [ 85.921207699721549, 27.036127526311645 ], [ 85.921092711854271, 27.036241514127994 ], [ 85.920978725836619, 27.036344502283725 ], [ 85.92082674148196, 27.036575478968416 ], [ 85.920661758264202, 27.036770458317278 ], [ 85.920533773332522, 27.036885445285236 ], [ 85.92041978731487, 27.036949438650367 ], [ 85.920393789588672, 27.03696543676682 ], [ 85.92029180148387, 27.037011431014378 ], [ 85.920086828820558, 27.037059421766457 ], [ 85.919908852135734, 27.037087416896441 ], [ 85.919780867204054, 27.037107413417857 ], [ 85.919550895066891, 27.037267394582443 ], [ 85.919397913359319, 27.037347385164708 ], [ 85.919040959039307, 27.037442370215274 ], [ 85.918797989837742, 27.037487361713943 ], [ 85.918491030868267, 27.037512353993236 ], [ 85.918158076870668, 27.037444355028526 ], [ 85.91781112485836, 27.037331358269853 ], [ 85.917709138552198, 27.037321357760788 ], [ 85.917492167076773, 27.037333352975679 ], [ 85.917338186217592, 27.037390345085214 ], [ 85.916956231524409, 27.037645314897645 ], [ 85.916751258861098, 27.037645311300309 ], [ 85.916623275728114, 27.0376333106895 ], [ 85.916585280988443, 27.037610312216714 ], [ 85.916405307799096, 27.037543316000892 ], [ 85.916277325565375, 27.037463320022596 ], [ 85.916122350051296, 27.037293332053707 ], [ 85.915954378372078, 27.037041353400753 ], [ 85.915800402009552, 27.036893362954402 ], [ 85.915748409255173, 27.036870364481615 ], [ 85.915633425884607, 27.036757373118917 ], [ 85.915234485614633, 27.036472391886775 ], [ 85.914952527018386, 27.036300402017446 ], [ 85.914772552929719, 27.036211407379767 ], [ 85.914567582964423, 27.036096415015891 ], [ 85.914362611200488, 27.036027416899572 ], [ 85.914157639436553, 27.035994416119138 ], [ 85.914003660376011, 27.035995413472051 ], [ 85.913824683640257, 27.035996410824964 ], [ 85.913364742063891, 27.036089393975033 ], [ 85.913109774949419, 27.036205379195223 ], [ 85.91305877954801, 27.03625237439303 ], [ 85.912905797840438, 27.036366361310002 ], [ 85.912739817269767, 27.03651634376422 ], [ 85.912561836088287, 27.036733321534939 ], [ 85.912409849934932, 27.036964298219686 ], [ 85.912359854584452, 27.037102284559694 ], [ 85.912295859420624, 27.037227272935922 ], [ 85.912170869245699, 27.037594237657515 ], [ 85.91220986223766, 27.037685229699036 ], [ 85.912286849969234, 27.037742226305227 ], [ 85.912516818509118, 27.037811223522169 ], [ 85.912683792835423, 27.037923216632691 ], [ 85.912825772184419, 27.038026209285022 ], [ 85.913185717663794, 27.038333188039644 ], [ 85.913236708568604, 27.038426180183023 ], [ 85.913340692278609, 27.038540172495971 ], [ 85.913417680010184, 27.038678160634674 ], [ 85.913444671491959, 27.038872143529886 ], [ 85.913432669082511, 27.039055127663914 ], [ 85.913512650671521, 27.039466091927181 ], [ 85.913512647074242, 27.039604079166509 ], [ 85.913512646174865, 27.039649075161833 ], [ 85.913513645326475, 27.039685071598399 ], [ 85.913487647600334, 27.039719067933106 ], [ 85.913488646751887, 27.03976406392843 ], [ 85.91345064751556, 27.039971044787421 ], [ 85.913375649993213, 27.040291014311208 ], [ 85.913376648245446, 27.040383006403658 ], [ 85.91327665394715, 27.040750971176124 ], [ 85.913251652674546, 27.040943953121143 ], [ 85.913279641509291, 27.041309920489766 ], [ 85.913293633228648, 27.041573897055628 ], [ 85.913320626509062, 27.041756880290279 ], [ 85.913385612730508, 27.04192886746165 ], [ 85.913424605722412, 27.042019859503171 ], [ 85.913527589381545, 27.042168847302435 ], [ 85.913540586445947, 27.042191844875902 ], [ 85.913595579353, 27.042230843263781 ], [ 85.913887536659615, 27.042442828873959 ], [ 85.914041513921461, 27.042542822272935 ], [ 85.914146497682339, 27.042609818488756 ], [ 85.914362465509612, 27.042748809376349 ], [ 85.914581436187518, 27.042781810156782 ], [ 85.914773410887051, 27.042769814941892 ], [ 85.914788408952575, 27.042763815535807 ], [ 85.914875398092533, 27.042723820694334 ], [ 85.914913393731581, 27.042700823120867 ], [ 85.915053377475374, 27.042586836203895 ], [ 85.915244354821994, 27.042448851662527 ], [ 85.915604311992638, 27.042230877438215 ], [ 85.915779292122068, 27.042125890080001 ], [ 85.915919274966598, 27.042020901822411 ], [ 85.916531201796943, 27.0416529460432 ], [ 85.916710180331393, 27.041559957497213 ], [ 85.917055136738497, 27.041433974465974 ], [ 85.917591068693525, 27.041304996678036 ], [ 85.9178350370467, 27.041282002701905 ], [ 85.917950021316642, 27.041281004449615 ], [ 85.918218985546446, 27.041326005840915 ], [ 85.91871891476967, 27.041507997118629 ], [ 85.918987875402138, 27.041631990839903 ], [ 85.919154853325722, 27.041700987157583 ], [ 85.919654782548946, 27.041834983186561 ], [ 85.920038730149372, 27.041900984747485 ], [ 85.9202946946167, 27.041945984340089 ], [ 85.920487668467842, 27.041992983135174 ], [ 85.920653646340497, 27.042036982676905 ], [ 85.920961604461525, 27.042070985306907 ], [ 85.921191573900728, 27.042045992128294 ], [ 85.921497535517233, 27.041931007858352 ], [ 85.921612520686494, 27.041884013559923 ], [ 85.921765504192763, 27.041781024504814 ], [ 85.922071468507283, 27.041515055031823 ], [ 85.922262445853846, 27.041390068454177 ], [ 85.922440424337367, 27.041297080807453 ], [ 85.922555409506629, 27.041239087747726 ], [ 85.922785380744472, 27.041169098573789 ], [ 85.923476292710291, 27.041052120497341 ], [ 85.923654269395172, 27.04102912562189 ], [ 85.924153204862762, 27.040935143320212 ], [ 85.924613144640489, 27.040876156504851 ], [ 85.924818117303744, 27.0408531616294 ], [ 85.9252400623418, 27.040829171199618 ], [ 85.925815985541021, 27.040838180651008 ], [ 85.926033957067375, 27.040848182958712 ], [ 85.926494893298695, 27.040904185809211 ], [ 85.926917834790288, 27.0410261821267 ], [ 85.927109808590501, 27.041084180582402 ], [ 85.927647732553396, 27.041276172369123 ], [ 85.927917694136113, 27.041413164953553 ], [ 85.928084670261057, 27.041491160829992 ], [ 85.928392625684126, 27.041663150699321 ], [ 85.928777568838768, 27.041912135494897 ], [ 85.928816562729992, 27.041946132728924 ], [ 85.928983537955617, 27.042071123803169 ], [ 85.929188507920912, 27.042233113163491 ], [ 85.929214503848414, 27.042253111483546 ], [ 85.929485464582683, 27.042413101641387 ], [ 85.929844413608464, 27.042560094734824 ], [ 85.930254357136391, 27.042629096448422 ], [ 85.930677298627984, 27.042741092256904 ], [ 85.930720292722867, 27.042750092715039 ], [ 85.930792283797246, 27.04276409252833 ], [ 85.930894268304826, 27.042812090475024 ], [ 85.930907267167868, 27.042819089931982 ], [ 85.9312212255943, 27.042767099875675 ], [ 85.931311215786309, 27.042687108394034 ], [ 85.932186099346438, 27.042684123529853 ], [ 85.933110973760392, 27.04281312829761 ], [ 85.933496916965964, 27.043071111752681 ], [ 85.934117828965896, 27.043333099008578 ], [ 85.934726738556378, 27.043780069600984 ], [ 85.935064690110494, 27.043963058231611 ], [ 85.935722599497183, 27.044074060284458 ], [ 85.935943564880972, 27.044337040396726 ], [ 85.935943562183013, 27.044477027737855 ], [ 85.935890566679802, 27.044554019966085 ], [ 85.935927554173929, 27.044885990100681 ], [ 85.93622250713662, 27.0452779596921 ], [ 85.936570443911251, 27.046085892002736 ], [ 85.937220339400824, 27.046891831406128 ], [ 85.938137203514998, 27.047564787421948 ], [ 85.938176197406278, 27.047609782517952 ], [ 85.938402166641822, 27.04761178621709 ], [ 85.938505152998914, 27.047646784401365 ], [ 85.938621135521089, 27.047748777902143 ], [ 85.938686123541231, 27.047897766600727 ], [ 85.938878097341387, 27.047953764055308 ], [ 85.938994079863562, 27.048022759473611 ], [ 85.939270041751683, 27.048073760270995 ], [ 85.939417022254531, 27.048099760695152 ], [ 85.939507007949885, 27.048190753635993 ], [ 85.939533002078747, 27.048294744540613 ], [ 85.939470008764488, 27.048364737311886 ], [ 85.939202041887654, 27.04846872282053 ], [ 85.939151047385565, 27.048560714013661 ], [ 85.939165040903561, 27.048743697248312 ], [ 85.939269023714246, 27.048926683180923 ], [ 85.939424000127701, 27.049063673966714 ], [ 85.939693959911722, 27.049245661647092 ], [ 85.939885932812615, 27.049312658762233 ], [ 85.940091903728103, 27.049438651686046 ], [ 85.940387858540362, 27.049722630169242 ], [ 85.940541835802208, 27.049814624959652 ], [ 85.941309733700962, 27.049822637058128 ], [ 85.941540701392398, 27.049844639077321 ], [ 85.941617691821989, 27.049878637210668 ], [ 85.9417536717649, 27.049935634716178 ], [ 85.941887653404706, 27.049991632170702 ], [ 85.941990636164462, 27.050118622447428 ], [ 85.942016631192644, 27.050208614438077 ], [ 85.942017629444877, 27.050267609347372 ], [ 85.941953636079745, 27.050334602865235 ], [ 85.941749662568043, 27.050405592090101 ], [ 85.941340714594446, 27.05047457851515 ], [ 85.940905772491931, 27.050489570285436 ], [ 85.940828781163077, 27.050558563005779 ], [ 85.94082978031463, 27.050603558101784 ], [ 85.941153722162881, 27.051244506193484 ], [ 85.941185712999868, 27.051513482114501 ], [ 85.942062559789406, 27.053232342086005 ], [ 85.942609459928633, 27.054495237302262 ], [ 85.942620456891234, 27.054550232007955 ], [ 85.94262845639912, 27.054545233552119 ], [ 85.942700446574179, 27.054503238608845 ], [ 85.94281543264276, 27.054468244021848 ], [ 85.942955414587971, 27.054444248196148 ], [ 85.943147391086143, 27.054373258072019 ], [ 85.943364363460887, 27.054327266522421 ], [ 85.943479348630149, 27.054281272274807 ], [ 85.943824304137934, 27.054200284339629 ], [ 85.944092270115448, 27.054163292348846 ], [ 85.944323239605581, 27.054163296845445 ], [ 85.944528211369516, 27.054151301630611 ], [ 85.945410097983938, 27.054031327898031 ], [ 85.945602071784094, 27.054019332683197 ], [ 85.945776049164692, 27.054008335720539 ], [ 85.945981011935373, 27.054496295809429 ], [ 85.945976012580161, 27.054500296013032 ], [ 85.945939014294083, 27.054638282353039 ], [ 85.945921014277189, 27.05475327111958 ], [ 85.945914013920856, 27.054798268014224 ], [ 85.945915012173145, 27.05484526321203 ], [ 85.945915011273826, 27.054890259207355 ], [ 85.945955002517962, 27.055073244240646 ], [ 85.946032988501827, 27.055209233176868 ], [ 85.946110975385011, 27.055370218888982 ], [ 85.946343935084315, 27.055780185799335 ], [ 85.946446918743447, 27.055907176975381 ], [ 85.946678883787797, 27.056101163467929 ], [ 85.946794865410652, 27.056214153931364 ], [ 85.946910848832147, 27.056317147483071 ], [ 85.947180808616224, 27.056477137640911 ], [ 85.947642745797737, 27.05661113366989 ], [ 85.947808722771128, 27.056635134891565 ], [ 85.948077686101556, 27.056666136469516 ], [ 85.948231664262721, 27.056724134025899 ], [ 85.948321650857451, 27.056770131870792 ], [ 85.948540617038702, 27.056986115885877 ], [ 85.948617607468293, 27.057009114358664 ], [ 85.948784583593238, 27.057053113900395 ], [ 85.949244524270284, 27.056959130699397 ], [ 85.949820447469506, 27.056968138352147 ], [ 85.94999942330594, 27.056992139573765 ], [ 85.950307381426967, 27.057071138199092 ], [ 85.950461358688813, 27.057160132836827 ], [ 85.950692325480986, 27.057263127287854 ], [ 85.950808309801801, 27.057273128696181 ], [ 85.950987286537554, 27.057239135059433 ], [ 85.951408235122017, 27.057054158917595 ], [ 85.951676201099531, 27.05697317008304 ], [ 85.951944166177725, 27.056937179042507 ], [ 85.952162137704079, 27.0569591810617 ], [ 85.952431099235866, 27.057026179076161 ], [ 85.95270006436499, 27.057026183572816 ], [ 85.952968030342504, 27.056955195247269 ], [ 85.953121012050076, 27.056887204376494 ], [ 85.953274992009938, 27.056840210977327 ], [ 85.953586953032527, 27.056698228930372 ], [ 85.95365694490448, 27.056667232748339 ], [ 85.953758932109963, 27.056621238500782 ], [ 85.953770930022813, 27.056609239688612 ], [ 85.953923910831065, 27.056541248817837 ], [ 85.954088891350864, 27.056492256216188 ], [ 85.954203876520126, 27.05647026049229 ], [ 85.954292864862566, 27.05644626376727 ], [ 85.954356856429058, 27.056436265956222 ], [ 85.954699812734361, 27.056377278241541 ], [ 85.954853792694166, 27.056376280888628 ], [ 85.955006770804459, 27.056420278631663 ], [ 85.955313726176598, 27.05658026968888 ], [ 85.955775657062873, 27.056945245100565 ], [ 85.955839646830725, 27.057024239229236 ], [ 85.955839645931405, 27.057049236005184 ] ], [ [ 85.949155573699556, 27.055253283080845 ], [ 85.948988597574612, 27.055209284438433 ], [ 85.948821620550348, 27.055151285982731 ], [ 85.948603649923314, 27.055095286729511 ], [ 85.94847566679033, 27.05510828379397 ], [ 85.948399675512292, 27.055177276514314 ], [ 85.948297687407489, 27.055224270812744 ], [ 85.948195701101326, 27.055234267724472 ], [ 85.948144708397876, 27.055211269251743 ], [ 85.948028725875702, 27.055143272984992 ], [ 85.947944736888417, 27.055102274495255 ], [ 85.94787474681516, 27.055110273103821 ], [ 85.947567785147726, 27.055191261039056 ], [ 85.947311820680397, 27.05519225659333 ], [ 85.947170839583634, 27.055114260716891 ], [ 85.947246832660255, 27.054997272747812 ], [ 85.947355818423432, 27.054939278788765 ], [ 85.947399813468508, 27.054917282165547 ], [ 85.947514799537146, 27.054893287239167 ], [ 85.947774765107397, 27.054884292177007 ], [ 85.947898748036835, 27.05488029557074 ], [ 85.94805272799664, 27.054904294094399 ], [ 85.9482437026453, 27.054903297640806 ], [ 85.948359686966114, 27.054890302375043 ], [ 85.948563660477816, 27.054833310265508 ], [ 85.948741639860657, 27.054717323246678 ], [ 85.948830631800377, 27.054592336669089 ], [ 85.948893623315996, 27.05452934335483 ], [ 85.949046606822264, 27.054372360544278 ], [ 85.949237584168827, 27.054234376902286 ], [ 85.949467554507351, 27.054199383214609 ], [ 85.949544544936941, 27.054209383723617 ], [ 85.949685524235065, 27.054289379701913 ], [ 85.949707519059643, 27.054390370453802 ], [ 85.949712517515479, 27.054415368129071 ], [ 85.94971251661616, 27.054449365363098 ], [ 85.949662521265623, 27.054541355656909 ], [ 85.94957253287231, 27.054611347528805 ], [ 85.949470544767451, 27.054657342675682 ], [ 85.949202579689256, 27.054714332087258 ], [ 85.949164582251626, 27.054761327285064 ], [ 85.949164581352306, 27.054806323280388 ], [ 85.949268565062312, 27.054945312369284 ], [ 85.949307557154896, 27.05506930249328 ], [ 85.949235563382501, 27.055192289868387 ], [ 85.949219566165368, 27.055219286746137 ], [ 85.949155573699556, 27.055253283080845 ] ] ] ] } },
{ "type": "Feature", "properties": { "OBJECTID": 762, "Name": "Kalikhola", "code": "DNS/BA/01/04", "regime": "CF", "area_ha": 452.73438272200002 }, "geometry": { "type": "MultiPolygon", "coordinates": [ [ [ [ 85.967083086924504, 27.060085157619085 ], [ 85.966943107677309, 27.05998416416918 ], [ 85.965838269067262, 27.059284208577594 ], [ 85.96517536302332, 27.059036218436972 ], [ 85.964243493649008, 27.058750229060081 ], [ 85.962901673552153, 27.058655213432417 ], [ 85.962127772650035, 27.05883218467045 ], [ 85.961155912031529, 27.058363210260211 ], [ 85.960014057148783, 27.058634166497825 ], [ 85.958596259263857, 27.058029195956806 ], [ 85.958125328818824, 27.057685218916106 ], [ 85.957735388107608, 27.057330244912748 ], [ 85.957358444460851, 27.057061261797116 ], [ 85.957168470762497, 27.05702326166147 ], [ 85.957085481826141, 27.057019260558548 ], [ 85.956816517596337, 27.057008256401332 ], [ 85.956436568400932, 27.057017249664852 ], [ 85.955839645931405, 27.057049236005184 ], [ 85.955839645931405, 27.057058235563943 ], [ 85.955776653516466, 27.057105229862429 ], [ 85.955674667210303, 27.057106228114662 ], [ 85.955623673607533, 27.057083230541252 ], [ 85.955508691136231, 27.057015233375182 ], [ 85.95528972495498, 27.056785250446069 ], [ 85.955136746844687, 27.056708255519823 ], [ 85.954982768683521, 27.056673255536907 ], [ 85.954727802468369, 27.056662252279011 ], [ 85.954574822559437, 27.056685247154462 ], [ 85.954307856632795, 27.056722239145302 ], [ 85.95384991515823, 27.056860219190014 ], [ 85.953586949435248, 27.0569012113844 ], [ 85.953543954441045, 27.056908209942094 ], [ 85.953492961737595, 27.056930206565312 ], [ 85.953326982066301, 27.056990197928201 ], [ 85.953174000358672, 27.057059189749225 ], [ 85.953136004719681, 27.05710318569362 ], [ 85.952856037231982, 27.057289162785708 ], [ 85.952702057272177, 27.057312158560535 ], [ 85.952548079110954, 27.057266159816322 ], [ 85.952394101849109, 27.05716616551797 ], [ 85.952086143728081, 27.057109166213877 ], [ 85.951831178412306, 27.057109161717221 ], [ 85.951626203950354, 27.05715515326682 ], [ 85.951524214946232, 27.057225145138716 ], [ 85.951384232101702, 27.057341132157546 ], [ 85.951321238787443, 27.05742212369006 ], [ 85.951066268975012, 27.057582104854646 ], [ 85.950967281022884, 27.05761310013736 ], [ 85.950785304134399, 27.05767509250137 ], [ 85.950580331471144, 27.057664090142794 ], [ 85.95040135653403, 27.05763108936236 ], [ 85.950157391778134, 27.057517095250716 ], [ 85.949849433657107, 27.057415099951299 ], [ 85.949644460993852, 27.057441093180785 ], [ 85.949517475213781, 27.057532083423666 ], [ 85.94940249004452, 27.05761307315754 ], [ 85.949198514734178, 27.057717060464881 ], [ 85.948892553117616, 27.057787048739499 ], [ 85.948687580454362, 27.057777046431795 ], [ 85.948430616835424, 27.057698049605165 ], [ 85.948276639573578, 27.057618053626868 ], [ 85.948237645682298, 27.057536059345466 ], [ 85.948083670219091, 27.057388070697812 ], [ 85.947594741555804, 27.057046092859537 ], [ 85.947439765142349, 27.05694610035988 ], [ 85.947028823362189, 27.056751111118444 ], [ 85.946567888929565, 27.056605115377977 ], [ 85.946387913941521, 27.056536119060297 ], [ 85.946284927584429, 27.056490121215461 ], [ 85.94609195643136, 27.056331132007813 ], [ 85.945884990860861, 27.056023155900277 ], [ 85.945807005776373, 27.055853170629348 ], [ 85.945793010459681, 27.055681185256617 ], [ 85.945792013106768, 27.055577195251374 ], [ 85.945727025986002, 27.055405209878643 ], [ 85.945649039102818, 27.055292217616568 ], [ 85.945533056580587, 27.055176226101139 ], [ 85.945430072022191, 27.05511023083551 ], [ 85.945276093860969, 27.05504123451783 ], [ 85.945129112458801, 27.055017234195532 ], [ 85.945071121197714, 27.055008233737396 ], [ 85.94502012849432, 27.054996234925227 ], [ 85.944816154083298, 27.055031227713528 ], [ 85.944586181946079, 27.055180210116873 ], [ 85.944331213033024, 27.055296194437688 ], [ 85.944152236297214, 27.055344187887727 ], [ 85.944050249091731, 27.055377183272242 ], [ 85.943846275580029, 27.055403177401104 ], [ 85.943231357590207, 27.055371168577608 ], [ 85.94300138905038, 27.055360166219032 ], [ 85.942898402693288, 27.055359164369463 ], [ 85.94281341455445, 27.055323166134258 ], [ 85.942744424532066, 27.055293167305194 ], [ 85.942616441399082, 27.055281166694385 ], [ 85.942615441348153, 27.055283165896867 ], [ 85.942609442841388, 27.055293164607235 ], [ 85.942591444623133, 27.055328161892191 ], [ 85.942669427909038, 27.055601138916131 ], [ 85.942747413892903, 27.055785123101032 ], [ 85.94283839694117, 27.055946110611785 ], [ 85.943006370419027, 27.056173092488848 ], [ 85.943317317001515, 27.056721048437169 ], [ 85.943356310892739, 27.056755046570572 ], [ 85.943472292515594, 27.056894035659468 ], [ 85.943861227779962, 27.057487989452682 ], [ 85.943964211439038, 27.057612978728287 ], [ 85.944055196286001, 27.057784965899657 ], [ 85.944093191025672, 27.057829961894981 ], [ 85.944224166217452, 27.058148934965175 ], [ 85.944458125068309, 27.058606898023527 ], [ 85.944535111001301, 27.058744886162231 ], [ 85.94462709410044, 27.058973868141095 ], [ 85.944743074823975, 27.059154853072585 ], [ 85.945091022390557, 27.05942783459318 ], [ 85.945219003724901, 27.059543826108609 ], [ 85.945186007441066, 27.059565824530466 ], [ 85.945019025920203, 27.059728806747103 ], [ 85.945023024325167, 27.059775801944909 ], [ 85.945016024868153, 27.059772802691498 ], [ 85.945017024019705, 27.059842795462771 ], [ 85.945070010529662, 27.06011677253764 ], [ 85.945085004098587, 27.060368749391955 ], [ 85.945111992882403, 27.060642725567504 ], [ 85.945116979647025, 27.061237671317656 ], [ 85.945130972265702, 27.06149064912222 ], [ 85.945211950308305, 27.062039599725551 ], [ 85.945212946761956, 27.062177588763518 ], [ 85.945240938294603, 27.0624525631913 ], [ 85.945267927977739, 27.062728539468651 ], [ 85.945270920036478, 27.063093506786402 ], [ 85.945272914742361, 27.063312487356882 ], [ 85.945286907361037, 27.063540465687538 ], [ 85.945317901744374, 27.063613460410181 ], [ 85.945325900352941, 27.063631459527755 ], [ 85.945351894481803, 27.063734449482126 ], [ 85.945352894532732, 27.063734449482126 ], [ 85.945402888983892, 27.063688455234569 ], [ 85.945593867229832, 27.063552470795003 ], [ 85.945938825435576, 27.063353493940554 ], [ 85.946116803019777, 27.063307501491636 ], [ 85.946768719295676, 27.06317952465389 ], [ 85.947152668694685, 27.063155534224165 ], [ 85.947344642494897, 27.063154537770572 ], [ 85.947575611085654, 27.063210535225153 ], [ 85.948037545569207, 27.063392527402129 ], [ 85.948255515296921, 27.063481522939185 ], [ 85.948872424395233, 27.063847501099758 ], [ 85.948987409564495, 27.06389049879192 ], [ 85.949167383653219, 27.063948496348303 ], [ 85.949359356554055, 27.063981497128736 ], [ 85.949782301642983, 27.063969505511182 ], [ 85.950127258050088, 27.063874520460615 ], [ 85.950356229237059, 27.063759534392034 ], [ 85.950535206872132, 27.063724541603733 ], [ 85.951034141440459, 27.063712551784818 ], [ 85.951265110031215, 27.063734552005371 ], [ 85.951354097474336, 27.063743553362826 ], [ 85.951418089040828, 27.063744554313018 ], [ 85.951534072462323, 27.063765554482643 ], [ 85.951752043089357, 27.063823552938345 ], [ 85.952059000260135, 27.063866555127163 ], [ 85.952250974959668, 27.063865558673569 ], [ 85.952596928719686, 27.063899561303572 ], [ 85.952673919149277, 27.063898563051339 ], [ 85.952698915025906, 27.063898563051339 ], [ 85.95281489934672, 27.063887566088681 ], [ 85.952941885126791, 27.063841572740444 ], [ 85.953585802794123, 27.063645601434644 ], [ 85.953898763867642, 27.063550614585438 ], [ 85.954025747849073, 27.06349262332435 ], [ 85.954266719646853, 27.063354638782982 ], [ 85.954456697841863, 27.063182657906907 ], [ 85.954481695517131, 27.063135662709101 ], [ 85.954532688220581, 27.063113665186563 ], [ 85.954710667603422, 27.062963682732345 ], [ 85.954837654282812, 27.062871693337854 ], [ 85.955078624281953, 27.062720709933444 ], [ 85.955103621957221, 27.062686713598737 ], [ 85.955674553895165, 27.062352754154233 ], [ 85.955827534703417, 27.062294761993826 ], [ 85.956285477077301, 27.062119785461675 ], [ 85.956665432568059, 27.061856816141358 ], [ 85.956805417211228, 27.061728830310358 ], [ 85.957007394218408, 27.061522852200198 ], [ 85.957070388431987, 27.061419863145147 ], [ 85.957120384681787, 27.061245879469311 ], [ 85.95706839462548, 27.061143886867796 ], [ 85.956990407742296, 27.060994899967852 ], [ 85.956938419484572, 27.060788918260471 ], [ 85.956950420095382, 27.060651931072016 ], [ 85.95697541866997, 27.060581936502103 ], [ 85.957164399512067, 27.06030796482321 ], [ 85.957252391400914, 27.060168978432273 ], [ 85.957315384715173, 27.060064990225669 ], [ 85.957505363809503, 27.05985901121619 ], [ 85.957606354561449, 27.059709026963333 ], [ 85.95778333389336, 27.059548044848555 ], [ 85.957897320810389, 27.05947905302753 ], [ 85.958050301618641, 27.059455057201831 ], [ 85.958138289010833, 27.059447059492584 ], [ 85.958152287924804, 27.059444059339853 ], [ 85.958165284989263, 27.059501055945987 ], [ 85.95763534074905, 27.060177984286383 ], [ 85.957546348809331, 27.060317971627512 ], [ 85.957282375840805, 27.060685933702018 ], [ 85.957181385088859, 27.060867914187781 ], [ 85.957156386514271, 27.060959906280232 ], [ 85.95716938267941, 27.061052897524235 ], [ 85.957259369274084, 27.061154890125749 ], [ 85.957324358193489, 27.06123388425442 ], [ 85.957492328973387, 27.061530859802019 ], [ 85.957529322762809, 27.061618853489506 ], [ 85.957430333012042, 27.061794835468561 ], [ 85.957278350456022, 27.061910821588015 ], [ 85.956769411781409, 27.062163790399325 ], [ 85.95673241619329, 27.062199786835833 ], [ 85.956630429887127, 27.062232780421709 ], [ 85.956477447280236, 27.062315771156705 ], [ 85.956427452829018, 27.0623597671011 ], [ 85.956274472020766, 27.062440756834974 ], [ 85.956122491263386, 27.062522747519097 ], [ 85.955766535195721, 27.062661727614682 ], [ 85.955668546395145, 27.062722720827139 ], [ 85.955575558748421, 27.06276471577047 ], [ 85.955537562210111, 27.0628117100689 ], [ 85.955411574682273, 27.062982692692742 ], [ 85.955170601985174, 27.063190669106007 ], [ 85.955018620328474, 27.063281659348945 ], [ 85.954815645968381, 27.063374646995612 ], [ 85.954560677954589, 27.063456635881096 ], [ 85.954306709092407, 27.063537622916954 ], [ 85.953950753924005, 27.063663605948193 ], [ 85.953695786809533, 27.063722596360833 ], [ 85.953585800096164, 27.063778588419439 ], [ 85.95349281244944, 27.063827583719046 ], [ 85.953339828943228, 27.063941569736755 ], [ 85.953276837427609, 27.063970565816931 ], [ 85.953084860030117, 27.064056555805337 ], [ 85.952726906558553, 27.064139541144357 ], [ 85.952521932995978, 27.064163535171417 ], [ 85.952265966729954, 27.064141533152224 ], [ 85.952010004061208, 27.064062536325537 ], [ 85.951792033434231, 27.064017536732933 ], [ 85.951074130885956, 27.063962528537331 ], [ 85.950819163771541, 27.063963524091605 ], [ 85.950716177414449, 27.063987519917305 ], [ 85.950538198930929, 27.064033513265542 ], [ 85.950435211674517, 27.064068507852539 ], [ 85.950346223332076, 27.064126500912266 ], [ 85.950219235753366, 27.064299482738591 ], [ 85.950079253808155, 27.064368474559615 ], [ 85.949977265703296, 27.064392471284634 ], [ 85.949874280245581, 27.064391469435066 ], [ 85.949849282570312, 27.064391469435066 ], [ 85.949798288967543, 27.064404466499525 ], [ 85.949593318102927, 27.064371466618354 ], [ 85.949311355909401, 27.064326465227111 ], [ 85.949157377748236, 27.064269467721601 ], [ 85.948848422274295, 27.064099478853393 ], [ 85.948694444113073, 27.06404248044862 ], [ 85.948489471449818, 27.064009479668186 ], [ 85.948271502621424, 27.063964480075526 ], [ 85.947912551797003, 27.0638854814502 ], [ 85.947719580643877, 27.063770488187004 ], [ 85.947565602482712, 27.063623498690902 ], [ 85.947397628105477, 27.063497507565728 ], [ 85.947244649995241, 27.063440510060275 ], [ 85.946936690974837, 27.063442503866781 ], [ 85.94652774390056, 27.063525489205858 ], [ 85.946285773850548, 27.063593479177314 ], [ 85.945954813659455, 27.063800454640329 ], [ 85.945864824366765, 27.063860447801915 ], [ 85.945878820582777, 27.063939440131946 ], [ 85.945815825469879, 27.064111423705981 ], [ 85.945650843151441, 27.06431740271546 ], [ 85.94553585618354, 27.064411392211753 ], [ 85.945521857269568, 27.064422390972993 ], [ 85.94539587243969, 27.064525379128725 ], [ 85.94529488348644, 27.064617369422535 ], [ 85.945244887236584, 27.064754355711671 ], [ 85.945234879532961, 27.0651673182781 ], [ 85.945274868978515, 27.065408298169814 ], [ 85.945326858135502, 27.065580283542488 ], [ 85.945314858424013, 27.065637277450662 ], [ 85.945341852603804, 27.065774266437757 ], [ 85.945394838214384, 27.066084238150495 ], [ 85.945325838299425, 27.06649420056425 ], [ 85.945359831936173, 27.066605190026507 ], [ 85.945253832835817, 27.067225132552664 ], [ 85.945229836110798, 27.067198134775595 ], [ 85.945052852282231, 27.067558099140854 ], [ 85.945002857831071, 27.067587096120405 ], [ 85.945006857135354, 27.06759309552649 ], [ 85.944842875767165, 27.067741078778226 ], [ 85.944676898793773, 27.06774207613114 ], [ 85.944607906972749, 27.067741075180891 ], [ 85.944565911130155, 27.067797069038136 ], [ 85.944120969418009, 27.067853056600143 ], [ 85.943946990238771, 27.067957043907484 ], [ 85.943947982195709, 27.068334010037404 ], [ 85.944033963190861, 27.06868897864473 ], [ 85.94403495334916, 27.069135938445243 ], [ 85.943951962614165, 27.069209930520799 ], [ 85.943887969248976, 27.069267924479846 ], [ 85.943874971285254, 27.069278923241143 ], [ 85.943818975629313, 27.069399911413768 ], [ 85.943744979057158, 27.069722881090229 ], [ 85.94376196553327, 27.070270831642631 ], [ 85.943826950855396, 27.070498811771984 ], [ 85.943943930730484, 27.070727793750848 ], [ 85.943983919276718, 27.070958773133498 ], [ 85.943933923026862, 27.071140756317277 ], [ 85.943844932885781, 27.071198749377004 ], [ 85.943689952875047, 27.071247741079333 ], [ 85.943688952824118, 27.071246741927723 ], [ 85.943686952722317, 27.071248741130205 ], [ 85.943676954911268, 27.071251741282936 ], [ 85.943368994991602, 27.071311730847185 ], [ 85.943367994940729, 27.071311730847185 ], [ 85.943367994940729, 27.071312730898057 ], [ 85.943207013725214, 27.07144171588061 ], [ 85.943106022074005, 27.071614698606254 ], [ 85.942992034257657, 27.071801680245869 ], [ 85.942992033358337, 27.071821677666605 ], [ 85.942992032459017, 27.071878673373419 ], [ 85.942994028963483, 27.072015660561874 ], [ 85.942995025417076, 27.072175647122435 ], [ 85.942995022719117, 27.072313633462443 ], [ 85.942921026146962, 27.072588606990905 ], [ 85.942794037668875, 27.072817584473114 ], [ 85.942795035021788, 27.072955571712441 ], [ 85.942937013471521, 27.073069564924765 ], [ 85.943090992532007, 27.073081566434894 ], [ 85.943435948039792, 27.073020576819772 ], [ 85.943574928135433, 27.073094573391927 ], [ 85.94374390346286, 27.073181567927861 ], [ 85.943885881912536, 27.073306559002049 ], [ 85.944001864434711, 27.073408551603563 ], [ 85.944053856289713, 27.073501544646206 ], [ 85.94404685413474, 27.073603535449024 ], [ 85.944080848670808, 27.073673530018937 ], [ 85.944095839541774, 27.073993500442043 ], [ 85.951589516831234, 27.07940436488235 ], [ 85.952694005603348, 27.078391811545089 ], [ 85.953580858297869, 27.080842227637504 ], [ 85.955986074247903, 27.082578931143132 ], [ 85.956024068987574, 27.082545934859354 ], [ 85.956244043313689, 27.082350956409812 ], [ 85.956430024003055, 27.082122979877795 ], [ 85.956459020982606, 27.082086984340606 ], [ 85.956778985110418, 27.081803014850664 ], [ 85.956886971722042, 27.08173702318237 ], [ 85.957081948372888, 27.081615036757455 ], [ 85.957753871062778, 27.081098095876939 ], [ 85.957938849003312, 27.080954111929486 ], [ 85.958100829370323, 27.080853123875556 ], [ 85.958454787134883, 27.080633150448762 ], [ 85.958669763005162, 27.080463168775168 ], [ 85.959011720158912, 27.080312188068717 ], [ 85.959092709892786, 27.080294191649102 ], [ 85.959350677159932, 27.080237201338207 ], [ 85.95958664870318, 27.080088218934918 ], [ 85.959762633380194, 27.079709255401156 ], [ 85.959764636179955, 27.079607265497714 ], [ 85.959767641728661, 27.079325290713598 ], [ 85.959719651875901, 27.079176303813654 ], [ 85.959640666740484, 27.078942324278273 ], [ 85.959612684201034, 27.078330378562043 ], [ 85.959609685846999, 27.078254385485366 ], [ 85.959572692956897, 27.078153393834157 ], [ 85.959357735073127, 27.077563442942505 ], [ 85.959365746272283, 27.076953499126716 ], [ 85.959456741011763, 27.076649527719439 ], [ 85.95947973948455, 27.07657253459189 ], [ 85.959630724687656, 27.076343558008944 ], [ 85.959790712147537, 27.07592659883619 ], [ 85.959891704698066, 27.075659624815671 ], [ 85.960433654045744, 27.074689722030598 ], [ 85.960638641997548, 27.073992788175531 ], [ 85.960790632647502, 27.073468838844803 ], [ 85.960857626165364, 27.073379847804404 ], [ 85.960960615220415, 27.073241862363716 ], [ 85.961148590615664, 27.073209868828769 ], [ 85.961176586644967, 27.073204869473614 ], [ 85.961245578465991, 27.073220868489386 ], [ 85.961349563974636, 27.073243868760812 ], [ 85.961894485595906, 27.073496854659311 ], [ 85.962108455120017, 27.073595849806054 ], [ 85.962593382680382, 27.073941826948555 ], [ 85.962694368935672, 27.073991824097732 ], [ 85.962911337713138, 27.074097817802112 ], [ 85.963010324765946, 27.074060823113314 ], [ 85.963058319115305, 27.074042826693756 ], [ 85.963182304742702, 27.073934837384172 ], [ 85.963383281698952, 27.073757857152884 ], [ 85.963535267852308, 27.073454887595119 ], [ 85.963610263576015, 27.073258906396688 ], [ 85.963622262388185, 27.073224910061981 ], [ 85.963645268954906, 27.072766950600908 ], [ 85.963607278711891, 27.072535972117521 ], [ 85.963744280289518, 27.071623056046064 ], [ 85.96378827533465, 27.07155106407231 ], [ 85.963834272280167, 27.071469071589547 ], [ 85.963911262709757, 27.07141107942914 ], [ 85.963981255481031, 27.071358084825249 ], [ 85.964347214755719, 27.070959127468086 ], [ 85.96441520922383, 27.070780144437038 ], [ 85.964460206118474, 27.070655156960129 ], [ 85.964462208918235, 27.070499170603171 ], [ 85.964462212515514, 27.070349183652354 ], [ 85.964418221067774, 27.070247191950216 ], [ 85.964359231554397, 27.070117202420079 ], [ 85.964107269988631, 27.069849222952655 ], [ 85.963874304893352, 27.069712232166921 ], [ 85.963866306284785, 27.069702232557233 ], [ 85.963812314327981, 27.069637237342533 ], [ 85.963736329345238, 27.069405257009578 ], [ 85.963729330787601, 27.069385258689522 ], [ 85.963752331059027, 27.069235271738705 ], [ 85.963882320589107, 27.068930302079139 ], [ 85.96392531738195, 27.068787316383919 ], [ 85.963994313699629, 27.068548339292022 ], [ 85.96399631829803, 27.068342357584584 ], [ 85.963996320096726, 27.068243366035119 ], [ 85.963722363706381, 27.067896392439025 ], [ 85.963644380420476, 27.067657413548432 ], [ 85.963622383797258, 27.067591419182179 ], [ 85.963645384968004, 27.067438433877271 ], [ 85.963710378384064, 27.067285447673044 ], [ 85.963948353626449, 27.066982479913918 ], [ 85.964133332466304, 27.066836495864663 ], [ 85.96414133107487, 27.066830497357898 ], [ 85.964145331278473, 27.066825497103423 ], [ 85.964568284461336, 27.066376544395723 ], [ 85.964732265829525, 27.066262558378014 ], [ 85.965000234505055, 27.066074579385486 ], [ 85.965213209374156, 27.065886600392957 ], [ 85.965385190250231, 27.065733617786009 ], [ 85.965515177082352, 27.06554663704577 ], [ 85.965582170600214, 27.065448646446555 ], [ 85.965668165085276, 27.065150675344626 ], [ 85.965736162251346, 27.064915697557012 ], [ 85.965740166951548, 27.064615724554642 ], [ 85.965743172500254, 27.064380745867652 ], [ 85.965812167019237, 27.064199763634122 ], [ 85.966003152459734, 27.063694812572578 ], [ 85.966201136457926, 27.063238856810585 ], [ 85.966303127260744, 27.063060874729729 ], [ 85.966376119285371, 27.062931888847856 ], [ 85.966450111360928, 27.062838896704534 ], [ 85.966720082836218, 27.062496933255488 ], [ 85.966788076404953, 27.062392944149508 ], [ 85.966916063135272, 27.062191964495241 ], [ 85.967054053971935, 27.061793002641423 ], [ 85.967178045894627, 27.061431038174362 ], [ 85.967218042534739, 27.06136404375718 ], [ 85.967267036035707, 27.061278052869511 ], [ 85.96717506822506, 27.060407129942632 ], [ 85.967170069769224, 27.060361132997059 ], [ 85.967083086924504, 27.060085157619085 ] ] ] ] } },
{ "type": "Feature", "properties": { "OBJECTID": 763, "Name": "Kamala Nahar", "code": "DNS/GD/88/02", "regime": "CF", "area_ha": 5.5285007196600002 }, "geometry": { "type": "MultiPolygon", "coordinates": [ [ [ [ 86.084179450874558, 26.694000171474897 ], [ 86.083838497369072, 26.693953170881116 ], [ 86.084579364215642, 26.695591036622147 ], [ 86.086204088100715, 26.698444807777605 ], [ 86.08632906478573, 26.698729784513091 ], [ 86.087018939828226, 26.700305655192096 ], [ 86.087210905534505, 26.700743619930392 ], [ 86.086603944784258, 26.702624439584497 ], [ 86.085655007994433, 26.705562159257511 ], [ 86.0850410073175, 26.709448798633161 ], [ 86.084817635336435, 26.712117120601079 ], [ 86.085208917842522, 26.712144059921911 ], [ 86.085331967271145, 26.709495800126206 ], [ 86.085784969645431, 26.706549072800499 ], [ 86.085828970086482, 26.706259099407816 ], [ 86.085925970527342, 26.70562715806949 ], [ 86.08595396925466, 26.705539166180699 ], [ 86.085964968915221, 26.705503169744134 ], [ 86.08607296182214, 26.705158202545135 ], [ 86.086187954185959, 26.704793237026024 ], [ 86.086848912288986, 26.702685438192873 ], [ 86.087451873734949, 26.700763620948464 ], [ 86.086918967113775, 26.699662710595874 ], [ 86.086638017561711, 26.699081758363718 ], [ 86.084179450874558, 26.694000171474897 ] ] ] ] } },
{ "type": "Feature", "properties": { "OBJECTID": 764, "Name": "Kamalamai Mainawati", "code": "DNS/CP/75/01", "regime": "CF", "area_ha": 197.920810663 }, "geometry": { "type": "MultiPolygon", "coordinates": [ [ [ [ 86.202914476469459, 26.912020403537497 ], [ 86.202448085823846, 26.911875633578802 ], [ 86.202186129144991, 26.911462667415037 ], [ 86.202020172856123, 26.910456753804226 ], [ 86.20170022671482, 26.909906797754104 ], [ 86.201434259040468, 26.910068778121115 ], [ 86.200840339421632, 26.910007774116764 ], [ 86.200148437297514, 26.909713787929945 ], [ 86.19984547673306, 26.909782777052953 ], [ 86.19943453315426, 26.909674778750116 ], [ 86.1991345736418, 26.909583782211939 ], [ 86.19888760783391, 26.909587777918944 ], [ 86.198640639328005, 26.909575773710799 ], [ 86.198264690336202, 26.909541771080796 ], [ 86.198000727260251, 26.90945077454262 ], [ 86.197801757600359, 26.909254788847591 ], [ 86.19747480930414, 26.908877817321695 ], [ 86.197437815514661, 26.90880682270091 ], [ 86.197140864248865, 26.908382855077889 ], [ 86.197082876585057, 26.908166873760763 ], [ 86.197090880589599, 26.907960892952644 ], [ 86.196973900714454, 26.907754909446567 ], [ 86.196956905245088, 26.907659917201443 ], [ 86.19697590711155, 26.907459935799409 ], [ 86.196976909860439, 26.907316948305549 ], [ 86.197036903921344, 26.907190961677031 ], [ 86.197019907552601, 26.907127966564133 ], [ 86.197176898457087, 26.90660601643583 ], [ 86.197200897880066, 26.906485027363885 ], [ 86.197201899729635, 26.906401034779321 ], [ 86.197204899882365, 26.906373037850699 ], [ 86.197154907229844, 26.906377036255662 ], [ 86.196950933718142, 26.90634203537337 ], [ 86.196671973475986, 26.906180045113729 ], [ 86.196646980297317, 26.906112050645675 ], [ 86.196749970251744, 26.905871075250559 ], [ 86.196749972050384, 26.905803080782448 ], [ 86.196660985506583, 26.905744084973833 ], [ 86.196609992803189, 26.905744084074513 ], [ 86.196295033426509, 26.905765076150203 ], [ 86.196280034461608, 26.905762075997472 ], [ 86.196190047866935, 26.905755074741876 ], [ 86.196138052414653, 26.905856065493765 ], [ 86.195985071606344, 26.90590105969045 ], [ 86.195781098994019, 26.905865058757286 ], [ 86.195628118185766, 26.905923050018373 ], [ 86.195526130980227, 26.905934046980974 ], [ 86.195475139176153, 26.905911048508244 ], [ 86.195373151970614, 26.905911046709548 ], [ 86.195220172061681, 26.905944041194743 ], [ 86.194761233234203, 26.905930034186838 ], [ 86.19451926588215, 26.905906032965163 ], [ 86.194366286872537, 26.905905031115594 ], [ 86.194264298767678, 26.905927025940173 ], [ 86.194060326155352, 26.905903025617818 ], [ 86.193754367236807, 26.905913018032948 ], [ 86.193604387480548, 26.905923014944619 ], [ 86.193550391926465, 26.905990007563162 ], [ 86.193103445615861, 26.90622897925914 ], [ 86.19289847115391, 26.906317966702261 ], [ 86.192541515934636, 26.906419952109104 ], [ 86.192472525912251, 26.906441948732322 ], [ 86.192249550534086, 26.906641927436397 ], [ 86.191932585659686, 26.906933894635529 ], [ 86.191868593193874, 26.907022885675985 ], [ 86.191834594161151, 26.907126875681286 ], [ 86.19170460642971, 26.907401849209691 ], [ 86.191678606005553, 26.907536836296345 ], [ 86.191471626945201, 26.907844804309946 ], [ 86.191253650922249, 26.908061781181345 ], [ 86.190714716116474, 26.908368743748099 ], [ 86.190317762458449, 26.908652712338721 ], [ 86.190303763544421, 26.908670710556976 ], [ 86.19022677221551, 26.90876670015507 ], [ 86.190047792781797, 26.908914683406806 ], [ 86.18995980269159, 26.908997674141801 ], [ 86.189957802589788, 26.909005673649688 ], [ 86.189762824140246, 26.909207651556187 ], [ 86.189739826566836, 26.909228649927172 ], [ 86.189734826312304, 26.909236649435059 ], [ 86.189725828552184, 26.909233649282385 ], [ 86.189572847743932, 26.909232646533496 ], [ 86.189418866884751, 26.909299637353399 ], [ 86.189316880578531, 26.909368630073743 ], [ 86.189213892422799, 26.909413624270371 ], [ 86.189058912412065, 26.909434619943397 ], [ 86.189039914142938, 26.909495613155855 ], [ 86.188970921422595, 26.909538608150001 ], [ 86.188868935116375, 26.909560604773219 ], [ 86.18871495515657, 26.909559602024331 ], [ 86.18856197524758, 26.909592596509526 ], [ 86.187999044616163, 26.909819566695319 ], [ 86.187447109148707, 26.910183524069566 ], [ 86.187331122129876, 26.910284512123496 ], [ 86.187048153590183, 26.910614477659692 ], [ 86.186816175955244, 26.910981441481908 ], [ 86.186699184388885, 26.911301410106375 ], [ 86.186491202579646, 26.911710369771242 ], [ 86.186348213287147, 26.912122329588783 ], [ 86.186130239062834, 26.912279312399335 ], [ 86.18521133347781, 26.913497185539825 ], [ 86.185040352652663, 26.913647168893363 ], [ 86.184746380855017, 26.914169118122288 ], [ 86.183686498669886, 26.915201006076757 ], [ 86.183421531046463, 26.91532998926067 ], [ 86.183031581341993, 26.915397977433486 ], [ 86.182552646892418, 26.915297977739215 ], [ 86.182621629720188, 26.915638948331946 ], [ 86.18268261933531, 26.915763937607494 ], [ 86.182678620031027, 26.915762937556622 ], [ 86.182711615415542, 26.91577593731904 ], [ 86.182882589945393, 26.915908928800491 ], [ 86.18305456542555, 26.916015921656481 ], [ 86.183085559808887, 26.916060917651805 ], [ 86.183085559808887, 26.916067917108762 ], [ 86.183086559859817, 26.916067917108762 ], [ 86.183419503964842, 26.916593875534602 ], [ 86.183799443267674, 26.917030842919985 ], [ 86.183972416100744, 26.917253826392084 ], [ 86.184103394889803, 26.917420813308922 ], [ 86.184191377785396, 26.917651793590949 ], [ 86.184178378022978, 26.917741786480917 ], [ 86.184126383470016, 26.917833776774728 ], [ 86.184095385489343, 26.917863772905832 ], [ 86.184049392141105, 26.917903768646624 ], [ 86.183947404036246, 26.917959761604607 ], [ 86.183640443268132, 26.918027750676742 ], [ 86.183436470655806, 26.918014748216308 ], [ 86.183231498891814, 26.917966748470974 ], [ 86.182875549119387, 26.91781575607331 ], [ 86.182722571009151, 26.917780756989714 ], [ 86.18256859014997, 26.917813751474853 ], [ 86.18251759564788, 26.917860745773339 ], [ 86.182501580444239, 26.918677673146078 ], [ 86.182505579748522, 26.918678672297688 ], [ 86.182639560488951, 26.91870967117768 ], [ 86.18294651765973, 26.918813668377538 ], [ 86.183060502778119, 26.918813670176235 ], [ 86.183481445067287, 26.918920667528823 ], [ 86.183710411757602, 26.919036660842892 ], [ 86.183837393041017, 26.919163652018995 ], [ 86.184192334668637, 26.919646614551255 ], [ 86.184433298372483, 26.919853599906901 ], [ 86.184560278756578, 26.919980591082947 ], [ 86.184789245446893, 26.920153580103886 ], [ 86.18505620597756, 26.920303570652038 ], [ 86.185324168357795, 26.920386567682328 ], [ 86.185439153527057, 26.920373571517189 ], [ 86.185644127089631, 26.920351576692667 ], [ 86.185988080747848, 26.920365581901933 ], [ 86.18610306501779, 26.920388581273983 ], [ 86.186256044027402, 26.920425580459437 ], [ 86.186370027347095, 26.920505575538357 ], [ 86.18651000479565, 26.920654564236941 ], [ 86.1865609974991, 26.920736558518342 ], [ 86.186827958929086, 26.920862550542779 ], [ 86.187056925619402, 26.921012541990251 ], [ 86.187323887948708, 26.921117536543079 ], [ 86.187412875391828, 26.921163534387972 ], [ 86.187588851974908, 26.921148538121088 ], [ 86.187681839621575, 26.921142540513642 ], [ 86.188218771627533, 26.920996563659003 ], [ 86.188346756559213, 26.920938571498596 ], [ 86.188576725998416, 26.920894579151479 ], [ 86.188729706806669, 26.920895581900368 ], [ 86.188921679707562, 26.920953579456693 ], [ 86.189112652557526, 26.921057573059329 ], [ 86.189379613987512, 26.921163568562349 ], [ 86.189507597120496, 26.921209567306562 ], [ 86.189774558550482, 26.921312562656908 ], [ 86.190003525240797, 26.9214515535445 ], [ 86.190232493729752, 26.921544549285102 ], [ 86.190411467767547, 26.921602547740804 ], [ 86.190449462507218, 26.921625545314271 ], [ 86.190640437155878, 26.921662545398988 ], [ 86.190947396125296, 26.921650552882113 ], [ 86.191101376984477, 26.92159555997506 ], [ 86.191292350733761, 26.921629559907103 ], [ 86.19138234092577, 26.921549568425519 ], [ 86.191500337039656, 26.921001619671756 ], [ 86.191564330404788, 26.920898631516025 ], [ 86.191629323820848, 26.920817639084134 ], [ 86.191744310788749, 26.920727648892182 ], [ 86.191975282077522, 26.920602664113233 ], [ 86.192090269045423, 26.920533673191528 ], [ 86.192205255114004, 26.920464681370504 ], [ 86.192436226402776, 26.920408690211218 ], [ 86.192551211572038, 26.920353698203485 ], [ 86.19274318717089, 26.920295706043078 ], [ 86.192871171203194, 26.920262710658619 ], [ 86.192986155473136, 26.920274712168748 ], [ 86.193087140829107, 26.920320709114321 ], [ 86.19315012964671, 26.920458698152288 ], [ 86.193200119601272, 26.920627684271608 ], [ 86.193226114629454, 26.920711676856172 ], [ 86.193238110743664, 26.920790669186204 ], [ 86.193224110030997, 26.920927657273978 ], [ 86.193173113730268, 26.921065643613986 ], [ 86.192928139930245, 26.92132761558139 ], [ 86.192863146514185, 26.921465602820717 ], [ 86.192850145852447, 26.921557594013848 ], [ 86.192901137656577, 26.921634588040718 ], [ 86.192926132633829, 26.921673585529277 ], [ 86.193054115766813, 26.92171958337417 ], [ 86.193292083814583, 26.921711587463562 ], [ 86.193360074685415, 26.921709589160457 ], [ 86.19351405464522, 26.921676595574581 ], [ 86.193590045923258, 26.921652598849562 ], [ 86.193820016261782, 26.921642602837153 ], [ 86.193910003755775, 26.921620607113312 ], [ 86.193960997358545, 26.921597610439164 ], [ 86.194012992810826, 26.921528615920181 ], [ 86.194076986176015, 26.921413628052903 ], [ 86.19400200214352, 26.921173649111438 ], [ 86.193825031804806, 26.920886671374831 ], [ 86.193723047297283, 26.920770679859402 ], [ 86.193571069237919, 26.92067768591744 ], [ 86.193494081506287, 26.920575693315925 ], [ 86.193444092451102, 26.920437705177278 ], [ 86.193458092264393, 26.920333715171978 ], [ 86.193510086817355, 26.92020772674482 ], [ 86.193689067150444, 26.920048743832467 ], [ 86.193787055051644, 26.920019748651612 ], [ 86.19335973204204, 26.919499732074996 ], [ 86.194091631705589, 26.91913033107835 ], [ 86.195241561639591, 26.918576519616124 ], [ 86.196285648956064, 26.918255584215842 ], [ 86.196925396447057, 26.917889628538433 ], [ 86.197391399483024, 26.916580757061126 ], [ 86.197969974795683, 26.915790183547756 ], [ 86.198646451674222, 26.915887420511467 ], [ 86.198909195263639, 26.915562027150486 ], [ 86.199275454913334, 26.915330616091126 ], [ 86.199695444815859, 26.914866020500881 ], [ 86.200009942838108, 26.914587616042411 ], [ 86.200429598191249, 26.914169714375646 ], [ 86.200743434309345, 26.913984700462095 ], [ 86.201005510598577, 26.913752694948073 ], [ 86.201215170550824, 26.913567090177082 ], [ 86.201529661378459, 26.913288682121276 ], [ 86.201999421799883, 26.91315124437034 ], [ 86.202469511374829, 26.912967109997965 ], [ 86.202782027281785, 26.912968874476235 ], [ 86.202540674169654, 26.912254459515623 ], [ 86.202914476469459, 26.912020403537497 ] ] ] ] } },
{ "type": "Feature", "properties": { "OBJECTID": 765, "Name": "Kemalipur", "code": "DNS/DH/05/02", "regime": "CF", "area_ha": 150.68062287000001 }, "geometry": { "type": "MultiPolygon", "coordinates": [ [ [ [ 85.962871859984318, 26.957709330710145 ], [ 85.962840863802285, 26.957707329709024 ], [ 85.962680886235034, 26.957670330523626 ], [ 85.962466918509563, 26.957483342588716 ], [ 85.962263956740003, 26.956972385825736 ], [ 85.962119977289206, 26.956921387726368 ], [ 85.96206398433128, 26.956921386827048 ], [ 85.9619989900159, 26.957035374643397 ], [ 85.961978982702533, 26.95754332945495 ], [ 85.961873994445, 26.95762131993547 ], [ 85.961762009428469, 26.957613319528264 ], [ 85.961714014179734, 26.957678312044948 ], [ 85.961729010446675, 26.957778303645284 ], [ 85.961768004337898, 26.957836299403027 ], [ 85.961926980954956, 26.957916295381267 ], [ 85.962022967855034, 26.957931295245487 ], [ 85.962109955196354, 26.958010289374158 ], [ 85.962283926281657, 26.958270269333696 ], [ 85.962465896874846, 26.958479253891824 ], [ 85.962520887983203, 26.95857924549216 ], [ 85.962463893175709, 26.958701233715715 ], [ 85.962399900709897, 26.958715230831046 ], [ 85.96219293154212, 26.958548242115569 ], [ 85.962026959065383, 26.958332258999747 ], [ 85.961914974048852, 26.958331257150178 ], [ 85.961890976424513, 26.958374253043701 ], [ 85.961864975101037, 26.958575233597287 ], [ 85.961894964936846, 26.958869208092892 ], [ 85.961892960338446, 26.959084188459826 ], [ 85.961923955621103, 26.959134184709626 ], [ 85.961920947374495, 26.959507150635943 ], [ 85.961917940926469, 26.959836121517185 ], [ 85.961963929778108, 26.960059101391948 ], [ 85.962138905410939, 26.960146097726522 ], [ 85.962345875478036, 26.960255090684313 ], [ 85.963564722588956, 26.959834150193785 ], [ 85.964345619350752, 26.959807165906625 ], [ 85.964420609678541, 26.95980516760352 ], [ 85.96518851297327, 26.959554203390667 ], [ 85.965640458639029, 26.959262237990117 ], [ 85.965663456212496, 26.959265238142791 ], [ 85.967202247666023, 26.959456246965829 ], [ 85.968294100003618, 26.959592253888559 ], [ 85.968316096626836, 26.959595254041233 ], [ 85.96859605961788, 26.95959725863969 ], [ 85.969359954615015, 26.959764256348478 ], [ 85.96966991643518, 26.959659271688224 ], [ 85.970141855924396, 26.959501294222775 ], [ 85.97109471377712, 26.960251242466882 ], [ 85.971643639199272, 26.960345244553707 ], [ 85.971677633735339, 26.960370242228976 ], [ 85.971691633548687, 26.960320246878439 ], [ 85.97169563555093, 26.960182259639112 ], [ 85.97166264466307, 26.95999927550514 ], [ 85.971515668656821, 26.959766294221993 ], [ 85.971371694601999, 26.959476317232031 ], [ 85.971348699726491, 26.959383325987972 ], [ 85.971352708923405, 26.958909368410445 ], [ 85.971354712622485, 26.958742383292247 ], [ 85.971362717526347, 26.958456409203848 ], [ 85.971369721479959, 26.95822642987207 ], [ 85.971467714777134, 26.957908460450085 ], [ 85.97167169728209, 26.95747750326268 ], [ 85.971751689663051, 26.957342517075404 ], [ 85.971910672575405, 26.957162536691442 ], [ 85.972067655385899, 26.9570065530325 ], [ 85.972250634123952, 26.956863568236599 ], [ 85.972523601255318, 26.956673590041589 ], [ 85.972719578856413, 26.956507608571599 ], [ 85.97304854344236, 26.956171645428014 ], [ 85.973152529850324, 26.956104652809472 ], [ 85.973474489583339, 26.955998667198969 ], [ 85.973629471392712, 26.955934676531797 ], [ 85.973771454339044, 26.955845687290036 ], [ 85.973837446007337, 26.955777694620622 ], [ 85.97403242265824, 26.955646709536211 ], [ 85.974111414988272, 26.955567718105499 ], [ 85.974415378301615, 26.955398738281474 ], [ 85.97444837368613, 26.955380740063219 ], [ 85.97455236279211, 26.955313749243317 ], [ 85.974905320505741, 26.955025780449091 ], [ 85.975076302230264, 26.954857798877299 ], [ 85.975089301093305, 26.954823801643272 ], [ 85.97513429708863, 26.954778806547267 ], [ 85.975019315516704, 26.954569824687098 ], [ 85.974673379743194, 26.953725894141371 ], [ 85.974891363860081, 26.953107953515712 ], [ 85.974962356682227, 26.9530139631201 ], [ 85.97473439094216, 26.952820976678424 ], [ 85.974806385613874, 26.952631994937008 ], [ 85.974809391162523, 26.952330021832836 ], [ 85.974900385002741, 26.952124042823414 ], [ 85.974919385969883, 26.951966056364654 ], [ 85.975028378028355, 26.951601091744863 ], [ 85.975082373582438, 26.951491103232854 ], [ 85.975262355765096, 26.951222129110477 ], [ 85.975246361245922, 26.951063144399484 ], [ 85.975336355035211, 26.950826166510012 ], [ 85.97546133981416, 26.950763174994449 ], [ 85.975673311035109, 26.950796175774883 ], [ 85.975850286769742, 26.950829175655997 ], [ 85.975834292250568, 26.950655190181465 ], [ 85.975835294100136, 26.950591196816333 ], [ 85.975748308557513, 26.950400213174476 ], [ 85.975748309456833, 26.95033721806152 ], [ 85.975787313240687, 26.949956252627317 ], [ 85.97586231346105, 26.949496296661778 ], [ 85.975845317991627, 26.949385306300144 ], [ 85.975776330667259, 26.949226318891192 ], [ 85.975795331634401, 26.949083332296652 ], [ 85.975831328970287, 26.948972342834395 ], [ 85.976029309371143, 26.948672373429304 ], [ 85.97615329230058, 26.948657377162419 ], [ 85.976314273516039, 26.948531390533901 ], [ 85.976598238509325, 26.948454402802327 ], [ 85.97667023228172, 26.948264421009981 ], [ 85.976833218095635, 26.947963450654697 ], [ 85.976825219487068, 26.947944452385514 ], [ 85.976614248317048, 26.947894453437698 ], [ 85.976004330581759, 26.947833447634707 ], [ 85.975801358919625, 26.947782450434659 ], [ 85.975411414611131, 26.94757946078596 ], [ 85.975260438401278, 26.947386476142981 ], [ 85.975412417360019, 26.947434474089619 ], [ 85.975663385170151, 26.947436478688076 ], [ 85.976468279556343, 26.947304503445423 ], [ 85.976534271224637, 26.947300505040459 ], [ 85.976403300529512, 26.946789550076119 ], [ 85.976222331785891, 26.946440578176862 ], [ 85.976136344495444, 26.946325585812986 ], [ 85.975675405566164, 26.946405570999332 ], [ 85.975263457439837, 26.946521553521507 ], [ 85.975057482927014, 26.946608542661465 ], [ 85.974787515948378, 26.94672852718594 ], [ 85.974618544218288, 26.946422552079468 ], [ 85.974259602387065, 26.945973585881916 ], [ 85.974072627942064, 26.945899589309761 ], [ 85.973867657077449, 26.945850590412817 ], [ 85.973488699838981, 26.946145556865417 ], [ 85.973437708034908, 26.946154554625537 ], [ 85.973136741276903, 26.946389528815871 ], [ 85.972890772821927, 26.946520512101586 ], [ 85.972749789926524, 26.946551507384299 ], [ 85.972534819452221, 26.946488510472705 ], [ 85.97243483414718, 26.94642951376477 ], [ 85.972285856240489, 26.946358517345345 ], [ 85.972090880488906, 26.946435506875559 ], [ 85.971247987765764, 26.946601476654337 ], [ 85.97012713215338, 26.946818438237187 ], [ 85.969797175610495, 26.946829432501829 ], [ 85.969750181312008, 26.946869427343302 ], [ 85.969269243163296, 26.946981408762554 ], [ 85.969173253565259, 26.947037402619799 ], [ 85.968569330739399, 26.9472133756056 ], [ 85.966745553557132, 26.948075266597868 ], [ 85.966030643966974, 26.948320232304013 ], [ 85.9660126448494, 26.948365228299338 ], [ 85.965976649312211, 26.948342228927231 ], [ 85.96577467500299, 26.948445216183643 ], [ 85.965539700812656, 26.948705188049189 ], [ 85.964661779328139, 26.950427018495645 ], [ 85.96430081671059, 26.950897969625203 ], [ 85.964287817847548, 26.950949964178221 ], [ 85.964266819476563, 26.950971962600079 ], [ 85.962947966376078, 26.952322817329446 ], [ 85.962934966613659, 26.952372811780606 ], [ 85.962924967903291, 26.952426808234065 ], [ 85.963027946166449, 26.952790776400207 ], [ 85.963555851633828, 26.953902685514095 ], [ 85.963943777853956, 26.954938598853289 ], [ 85.964096746071675, 26.955458554275708 ], [ 85.963060901081235, 26.954672606897134 ], [ 85.962763946218161, 26.954370630195683 ], [ 85.962545980987045, 26.954109649285897 ], [ 85.962547972994912, 26.954479615059483 ], [ 85.962439982786009, 26.954692594425296 ], [ 85.96223800128223, 26.955054558892357 ], [ 85.962236000281109, 26.955111553699851 ], [ 85.962233998380611, 26.955192546131684 ], [ 85.962269992119161, 26.955285538275007 ], [ 85.962381975337053, 26.955367532556409 ], [ 85.962583946948314, 26.955429531215714 ], [ 85.962735927705694, 26.955469530553842 ], [ 85.962848910075138, 26.955528526362457 ], [ 85.962872906800158, 26.955576522510512 ], [ 85.962881901862318, 26.95571350969891 ], [ 85.962800908531165, 26.955893491881568 ], [ 85.962665920545192, 26.956154466496059 ], [ 85.962611925890428, 26.956244458486651 ], [ 85.962569928249138, 26.956381444775786 ], [ 85.962592924023966, 26.956474436019789 ], [ 85.962896881941333, 26.956526436868103 ], [ 85.963009866109473, 26.956599433389329 ], [ 85.963046860798272, 26.956644428485333 ], [ 85.963057856861553, 26.956714423055246 ], [ 85.963028858982682, 26.956838410481282 ], [ 85.963001860306292, 26.956885406578408 ], [ 85.962932865787309, 26.957065388761009 ], [ 85.962968859525859, 26.957158381803708 ], [ 85.963042848004079, 26.957217376713004 ], [ 85.963232821702491, 26.957280375423181 ], [ 85.963269816391232, 26.957302373845096 ], [ 85.963294812267861, 26.957350369993094 ], [ 85.963225816849501, 26.957510353855639 ], [ 85.963014839384186, 26.95776832651876 ], [ 85.962963846680793, 26.957776325127327 ], [ 85.962900855165174, 26.95775332665454 ], [ 85.9628498633611, 26.957717328419392 ], [ 85.962871859984318, 26.957709330710145 ] ] ] ] } },
{ "type": "Feature", "properties": { "OBJECTID": 766, "Name": "Keshardamar", "code": "DNS/CP/75/02", "regime": "CF", "area_ha": 196.47829975600001 }, "geometry": { "type": "MultiPolygon", "coordinates": [ [ [ [ 86.168824933767041, 26.939724537591246 ], [ 86.168350007615004, 26.939233571953707 ], [ 86.167331166187921, 26.93816965089394 ], [ 86.166796246874355, 26.937648689125353 ], [ 86.166334319585417, 26.937187721417615 ], [ 86.165213485556819, 26.936420771408848 ], [ 86.163762690488738, 26.935828798831551 ], [ 86.162144917497073, 26.935229824998601 ], [ 86.161831957322875, 26.935304812628431 ], [ 86.161738969676151, 26.935268814393226 ], [ 86.161712970151314, 26.935421799698133 ], [ 86.161695959393398, 26.936064742495716 ], [ 86.16174594844864, 26.936202730634363 ], [ 86.161872928832736, 26.936375716957286 ], [ 86.161900923063399, 26.936438712070242 ], [ 86.161913921027178, 26.936467709049737 ], [ 86.161973910591428, 26.936603697985959 ], [ 86.161985905806262, 26.936707689789898 ], [ 86.161899910421937, 26.937052656988897 ], [ 86.161899909522617, 26.937065655851995 ], [ 86.161777920399743, 26.93732662956711 ], [ 86.161770920942729, 26.93734262768362 ], [ 86.161818913493448, 26.937399623390434 ], [ 86.161899896932027, 26.93766860111009 ], [ 86.161837897373402, 26.938037566832804 ], [ 86.161668905858107, 26.938628509681394 ], [ 86.161743895286577, 26.9386665080184 ], [ 86.16189987534824, 26.938658512107793 ], [ 86.1619348708345, 26.938656512905311 ], [ 86.162280825493895, 26.938588524732495 ], [ 86.162394810612227, 26.938612524155531 ], [ 86.16249679601907, 26.938660522102168 ], [ 86.162649772330724, 26.938798512039511 ], [ 86.162763754751097, 26.938925503215557 ], [ 86.162813746504298, 26.939016495257079 ], [ 86.162868735814016, 26.939145485635606 ], [ 86.162918726667897, 26.939260475301523 ], [ 86.162927725327393, 26.939280473621579 ], [ 86.162862731012012, 26.939373463966263 ], [ 86.162811737409243, 26.939451456245422 ], [ 86.162618759061502, 26.939635436832987 ], [ 86.162311796494748, 26.939748420101807 ], [ 86.162260803791298, 26.939748419202488 ], [ 86.161899847469101, 26.939922397482405 ], [ 86.161863851931912, 26.93994039480134 ], [ 86.16172286903651, 26.940032385095094 ], [ 86.161580883392162, 26.940202367668064 ], [ 86.161554884766701, 26.940295358012747 ], [ 86.161579879744011, 26.940385350003396 ], [ 86.161807841886741, 26.940754321122029 ], [ 86.161857834539262, 26.940788319255432 ], [ 86.161899827683897, 26.940849314266529 ], [ 86.161921823407795, 26.940881311398755 ], [ 86.161958817197274, 26.940972304339596 ], [ 86.161945817434855, 26.941019300436722 ], [ 86.161899822287978, 26.941100291969292 ], [ 86.161876824714511, 26.941143286963438 ], [ 86.161842827480484, 26.941201281821861 ], [ 86.161625855105683, 26.941256272930218 ], [ 86.161370887991268, 26.941268267245789 ], [ 86.161216908031406, 26.941335258965012 ], [ 86.160934939542585, 26.941575232510502 ], [ 86.160793955747863, 26.941655222193504 ], [ 86.160730965131563, 26.941666220954744 ], [ 86.16056398451002, 26.941792206683942 ], [ 86.160421998865729, 26.941962188357536 ], [ 86.160281013272311, 26.942192164991354 ], [ 86.160228014171821, 26.942419143271081 ], [ 86.160212005263418, 26.94292509708157 ], [ 86.160178007130071, 26.943085083642131 ], [ 86.160173006875539, 26.943107081164669 ], [ 86.160134011185619, 26.943152075361297 ], [ 86.160120013170967, 26.943147076006142 ], [ 86.16011301371401, 26.943160074869184 ], [ 86.158958165364197, 26.943199050773956 ], [ 86.158901173254662, 26.943195050570353 ], [ 86.158952166857432, 26.943213049687927 ], [ 86.158450232136431, 26.943248037979629 ], [ 86.158092278664867, 26.943327024014366 ], [ 86.157888302455206, 26.943439011728913 ], [ 86.157605334814832, 26.943678983475763 ], [ 86.15741335831666, 26.943791971241183 ], [ 86.156902423137524, 26.943904951812044 ], [ 86.156717446096366, 26.9439729417835 ], [ 86.15668544986346, 26.94398394144406 ], [ 86.156468477488659, 26.944027932891856 ], [ 86.156213512172883, 26.944026929243648 ], [ 86.155958545957731, 26.943990927411164 ], [ 86.155754575144044, 26.943910930533605 ], [ 86.155618595201133, 26.943826937049721 ], [ 86.155602597984, 26.943817936591586 ], [ 86.155385627407838, 26.943770937796501 ], [ 86.155334632905806, 26.943781935658421 ], [ 86.155257642476215, 26.943860927089133 ], [ 86.15517465174122, 26.943898921828861 ], [ 86.155155654371356, 26.9439079204883 ], [ 86.154950679010142, 26.944043905827186 ], [ 86.15479669815096, 26.94411089574777 ], [ 86.154694710945421, 26.944134892472789 ], [ 86.154439744730325, 26.944133887925261 ], [ 86.15403179950556, 26.94407188566862 ], [ 86.153776835988424, 26.944002888451621 ], [ 86.153267907206384, 26.943771900075717 ], [ 86.153013942840857, 26.943722899380134 ], [ 86.152911956534638, 26.943733897242055 ], [ 86.152757974776193, 26.943779890590349 ], [ 86.152554000365171, 26.943871878186144 ], [ 86.152374021779849, 26.943983865900691 ], [ 86.152207041158249, 26.944144847116149 ], [ 86.152130048030699, 26.944256836629336 ], [ 86.152015062861437, 26.944314829689063 ], [ 86.151708101194004, 26.944382817861879 ], [ 86.151657108490554, 26.944393816623176 ], [ 86.151248158718317, 26.944562793749242 ], [ 86.150938195099513, 26.944779768822002 ], [ 86.150889200699226, 26.94481376425739 ], [ 86.150825207334094, 26.944905754551144 ], [ 86.150824206383845, 26.944950751445788 ], [ 86.150849199562458, 26.945066741162634 ], [ 86.15091319022963, 26.945145735291305 ], [ 86.151180151659673, 26.94528472707816 ], [ 86.151332129719037, 26.945411718254206 ], [ 86.151561096409353, 26.945539711279821 ], [ 86.151713072670077, 26.945678701268037 ], [ 86.151776062387, 26.945768693258685 ], [ 86.151852048269063, 26.945954678444707 ], [ 86.151838048455772, 26.946044670435356 ], [ 86.151774053291945, 26.946181656724434 ], [ 86.151709058976564, 26.946341641486356 ], [ 86.151861037035928, 26.94640163914454 ], [ 86.151938027465519, 26.94640164004386 ], [ 86.152166995055154, 26.946459639398881 ], [ 86.152319973165447, 26.946516636005015 ], [ 86.152548940755082, 26.946633630269332 ], [ 86.152622929233303, 26.946708624194457 ], [ 86.152662923175455, 26.946749620885498 ], [ 86.15281489943618, 26.946910609295571 ], [ 86.152839894413489, 26.947002601388022 ], [ 86.152817895092255, 26.947108590595803 ], [ 86.152813895787972, 26.947129588966732 ], [ 86.152787898061831, 26.947174584962056 ], [ 86.152697906071182, 26.947299572439022 ], [ 86.152683906257892, 26.947437559678349 ], [ 86.152554916778683, 26.947711533155882 ], [ 86.15243892975991, 26.94782652012384 ], [ 86.152285948951601, 26.947904510604303 ], [ 86.1521319671931, 26.94796250276471 ], [ 86.151927992782134, 26.948051491107151 ], [ 86.151519045707801, 26.948107478669158 ], [ 86.15128207681164, 26.948105474970021 ], [ 86.151277077456427, 26.948105474070701 ], [ 86.151175091150265, 26.948139470405408 ], [ 86.150970114889674, 26.948289452859626 ], [ 86.150893122661444, 26.948356445478169 ], [ 86.150892118113916, 26.948563426337159 ], [ 86.150993101671247, 26.94874741142138 ], [ 86.151043091625752, 26.948851403225319 ], [ 86.151068087502381, 26.948896400119963 ], [ 86.151168071908103, 26.949028389751902 ], [ 86.151373044571358, 26.949047391618365 ], [ 86.15156501927089, 26.949026396844715 ], [ 86.151755993020174, 26.949049398015461 ], [ 86.151882974303646, 26.949140391855622 ], [ 86.15195795923546, 26.949371372137648 ], [ 86.151957957436821, 26.949461365027616 ], [ 86.151841970417991, 26.949564353183348 ], [ 86.151751978427342, 26.949749334721162 ], [ 86.151750974779134, 26.949909320382403 ], [ 86.151826964258476, 26.94993231975451 ], [ 86.152056936395638, 26.94983033344829 ], [ 86.152185922277567, 26.949693347159211 ], [ 86.152249916542019, 26.949567359631374 ], [ 86.152313909907207, 26.949499366961902 ], [ 86.152352904697807, 26.9494863698975 ], [ 86.152517883418909, 26.949465374224474 ], [ 86.152861836177806, 26.949559371814701 ], [ 86.15305280902777, 26.94963936779294 ], [ 86.153396761786667, 26.949745363296017 ], [ 86.153562737860682, 26.94979136293955 ], [ 86.153753711609966, 26.949826362922465 ], [ 86.153944685359249, 26.949897359341946 ], [ 86.154135658209213, 26.949989355031676 ], [ 86.154287635369315, 26.950093347734935 ], [ 86.154297633180306, 26.950107347548226 ], [ 86.15438761887566, 26.950225339165513 ], [ 86.154401615990992, 26.950243337383768 ], [ 86.15450160129609, 26.950366327456891 ], [ 86.154540595187314, 26.950415323655818 ], [ 86.154578588128345, 26.950461320601335 ], [ 86.15467957168562, 26.950635306075867 ], [ 86.15473056259043, 26.950726299016765 ], [ 86.15474255960396, 26.950818290209838 ], [ 86.154748557211406, 26.950888284779751 ], [ 86.154766550033685, 26.951071268014402 ], [ 86.154778547946535, 26.951116264909047 ], [ 86.155409585461882, 26.951091921044053 ], [ 86.156273596166386, 26.951152430418915 ], [ 86.157138019661716, 26.951157598847487 ], [ 86.158249833446973, 26.951108899426231 ], [ 86.159732933216901, 26.950951727757172 ], [ 86.160784228634043, 26.950736632276517 ], [ 86.161649060423542, 26.950686437275579 ], [ 86.162266503721753, 26.950690105627757 ], [ 86.162760867913505, 26.950637701881249 ], [ 86.164368261779771, 26.950370542599501 ], [ 86.164958020215579, 26.950422115368383 ], [ 86.165725820087744, 26.950489254577121 ], [ 86.166683093632855, 26.9507097550092 ], [ 86.166840473945626, 26.950053136155816 ], [ 86.166966810412134, 26.949666513059526 ], [ 86.166357921506176, 26.948500808042013 ], [ 86.167962026535974, 26.948676294492202 ], [ 86.169566544356542, 26.948796426506192 ], [ 86.171420466958125, 26.948585974247464 ], [ 86.172155417136651, 26.948590287416607 ], [ 86.17204933979491, 26.947365904951994 ], [ 86.17192735966529, 26.947188918425468 ], [ 86.170960518187144, 26.945831023769415 ], [ 86.170860541875356, 26.945363064698654 ], [ 86.170598586995141, 26.944855105390388 ], [ 86.170398631673606, 26.94402617740684 ], [ 86.170391640310584, 26.943659209987288 ], [ 86.170367653478138, 26.94319525112013 ], [ 86.169118851605106, 26.941707363336661 ], [ 86.169127857459159, 26.941397391623923 ], [ 86.169110867385768, 26.941051421676036 ], [ 86.168888919038295, 26.939999512918348 ], [ 86.168824933767041, 26.939724537591246 ] ] ] ] } },
{ "type": "Feature", "properties": { "OBJECTID": 767, "Name": "Kharsangedada", "code": "DNS/LA/02/01", "regime": "CF", "area_ha": 324.79775803400003 }, "geometry": { "type": "MultiPolygon", "coordinates": [ [ [ [ 85.954558892791795, 26.960982890319031 ], [ 85.954487905365568, 26.960809904895427 ], [ 85.953639019531636, 26.960783891880737 ], [ 85.952789130049439, 26.960876869634831 ], [ 85.951734278695938, 26.96048388650263 ], [ 85.951373333165634, 26.960164909835157 ], [ 85.95063543319668, 26.960060905440628 ], [ 85.949731579636818, 26.958877997209356 ], [ 85.949512611656871, 26.958708008341148 ], [ 85.949392631629053, 26.958559019642507 ], [ 85.949282646714323, 26.95849902378302 ], [ 85.948907696874073, 26.958477019065867 ], [ 85.948500753498877, 26.958355022748378 ], [ 85.948293786129796, 26.958106041550081 ], [ 85.947985828908088, 26.958035042432641 ], [ 85.947955840870918, 26.957649077643282 ], [ 85.947943842958068, 26.957635077829991 ], [ 85.947920842686642, 26.957753066749262 ], [ 85.947777860588701, 26.957840056788541 ], [ 85.947661875368567, 26.957884050934297 ], [ 85.947505895306904, 26.957937043739548 ], [ 85.94678598726091, 26.95805802022096 ], [ 85.946579013596534, 26.958134009700302 ], [ 85.946527019942835, 26.958178004745378 ], [ 85.946512020977991, 26.958222999841382 ], [ 85.946581005604401, 26.958500977119854 ], [ 85.94651201108536, 26.958683959455186 ], [ 85.946394024864105, 26.958783948357507 ], [ 85.946204046669095, 26.958908932237136 ], [ 85.94615905247241, 26.958937930116008 ], [ 85.945988071647207, 26.959083913265943 ], [ 85.945386141728591, 26.959516864259854 ], [ 85.945284155422428, 26.959524861969101 ], [ 85.945081184659614, 26.959450864497626 ], [ 85.94487521104611, 26.959480857930771 ], [ 85.944630240843367, 26.959576845730169 ], [ 85.944525251686514, 26.959758828014628 ], [ 85.944505253366401, 26.959794824451137 ], [ 85.944186280296265, 26.960498755065203 ], [ 85.943893307650228, 26.961050699525913 ], [ 85.943405359252608, 26.961624639710521 ], [ 85.943299372742842, 26.961664634551994 ], [ 85.94303338078663, 26.962901517652938 ], [ 85.942969375730229, 26.963557458414243 ], [ 85.942974375085441, 26.963573456530696 ], [ 85.943078354298791, 26.963901428260328 ], [ 85.943006365922372, 26.963803435862474 ], [ 85.942857387116362, 26.963696443905803 ], [ 85.942694404899783, 26.963869424832808 ], [ 85.942682406087613, 26.963910421523849 ], [ 85.942657409311664, 26.9639094205736 ], [ 85.942655409209863, 26.963922419436699 ], [ 85.942618415420441, 26.963900420115465 ], [ 85.942560423259977, 26.963872422287523 ], [ 85.942280461168252, 26.963848419267208 ], [ 85.941948508120902, 26.963730424951962 ], [ 85.941922510394704, 26.963741422813939 ], [ 85.941847523664251, 26.963628431451184 ], [ 85.941616563167429, 26.963209466780654 ], [ 85.941432593371758, 26.962941486413911 ], [ 85.941260621488937, 26.962696505419274 ], [ 85.941150640171486, 26.962510520233252 ], [ 85.941116647434058, 26.962372532993925 ], [ 85.941167649130762, 26.961960570478368 ], [ 85.941133657292653, 26.961799584766254 ], [ 85.941014679114403, 26.961521606588462 ], [ 85.940880701971253, 26.961290626306493 ], [ 85.940707729138239, 26.961067642834394 ], [ 85.940523760241888, 26.960800663417842 ], [ 85.940486765553089, 26.960763666930404 ], [ 85.94045077181454, 26.960670674787082 ], [ 85.9404237839301, 26.960305707469331 ], [ 85.940416788070422, 26.960120723233558 ], [ 85.940304809349129, 26.959841745904157 ], [ 85.940249820039412, 26.95970375776551 ], [ 85.940065850243741, 26.959424781335485 ], [ 85.939841883807958, 26.959235793298774 ], [ 85.939579923531767, 26.959001810166058 ], [ 85.939386951479321, 26.958907814374527 ], [ 85.939352956943253, 26.958891815358697 ], [ 85.938897019167825, 26.958743821315068 ], [ 85.938557069310491, 26.958551832226362 ], [ 85.938405090351807, 26.958502835128058 ], [ 85.938251110391946, 26.958522829850835 ], [ 85.938151122388945, 26.958575823555407 ], [ 85.938033138865592, 26.958540824471811 ], [ 85.937818169290608, 26.95843083146309 ], [ 85.937594203754145, 26.958219845903841 ], [ 85.937533214139023, 26.958126853760518 ], [ 85.937384238030972, 26.957973864858332 ], [ 85.937157270543139, 26.957841872528434 ], [ 85.936905306279414, 26.957722879960954 ], [ 85.93667833879158, 26.957612885153594 ], [ 85.936336386134485, 26.957489890583872 ], [ 85.935748465022357, 26.957487880589497 ], [ 85.935632480701543, 26.957507877110913 ], [ 85.935543491459782, 26.957493876398246 ], [ 85.935466501929511, 26.957503874209294 ], [ 85.935634480803344, 26.957439882642802 ], [ 85.935739469060877, 26.957338894588872 ], [ 85.935754468925097, 26.95726890001896 ], [ 85.935730473099397, 26.957223904023635 ], [ 85.935629487743427, 26.957186905737558 ], [ 85.935475508682941, 26.957183903786188 ], [ 85.935221543418038, 26.957118904974209 ], [ 85.935019571806833, 26.957033907842117 ], [ 85.934918585551543, 26.956996910455359 ], [ 85.934780605506774, 26.956902916462411 ], [ 85.934681622051301, 26.9567849257445 ], [ 85.934469653528367, 26.956607938318655 ], [ 85.934368668172397, 26.95655994127128 ], [ 85.934128702720784, 26.956439947753552 ], [ 85.934026715515301, 26.956448943715088 ], [ 85.933999718637551, 26.956493939710356 ], [ 85.9341316956789, 26.956771917888148 ], [ 85.93419168344451, 26.956923904940822 ], [ 85.93411669581468, 26.956841909760101 ], [ 85.933821742852047, 26.956444941712789 ], [ 85.933650771919417, 26.956163963382323 ], [ 85.933453803260704, 26.95590698267614 ], [ 85.933366816818705, 26.955836989005604 ], [ 85.933329823029283, 26.955799991618846 ], [ 85.93328982728849, 26.955833987953554 ], [ 85.933029859020166, 26.95597896925392 ], [ 85.932767888851458, 26.956176946956816 ], [ 85.932688898320066, 26.956255939286848 ], [ 85.93247492070202, 26.956560908047095 ], [ 85.932368931494238, 26.956672895761642 ], [ 85.932067965635611, 26.956907869052657 ], [ 85.931911985573947, 26.956982860279766 ], [ 85.931805996366165, 26.957119845669524 ], [ 85.931738002797431, 26.957254831856858 ], [ 85.931717999980719, 26.957484811188635 ], [ 85.931761988730557, 26.957714791419733 ], [ 85.93205093779045, 26.958317742073802 ], [ 85.932098920448595, 26.958870692880737 ], [ 85.932107918208771, 26.958906689317246 ], [ 85.932178902037606, 26.959191665153355 ], [ 85.93219489655678, 26.95934365130671 ], [ 85.932956786955515, 26.959738629144795 ], [ 85.933287736354714, 26.960055605710465 ], [ 85.933700671941324, 26.960518571721309 ], [ 85.934171603285733, 26.960781555430856 ], [ 85.934197597414595, 26.96086854906747 ], [ 85.934372573946746, 26.960932546029937 ], [ 85.934617541451473, 26.960926551120451 ], [ 85.934818511213166, 26.961077540820213 ], [ 85.934967490019176, 26.96112653881778 ], [ 85.935089471947435, 26.961213532454337 ], [ 85.935263447529394, 26.96130152794052 ], [ 85.935533405514775, 26.961570508358136 ], [ 85.935779363177801, 26.962017472655248 ], [ 85.935890341848165, 26.962301448440485 ], [ 85.935888337249764, 26.962537427178347 ], [ 85.936215279250746, 26.963263367006221 ], [ 85.936291261535473, 26.96358633938064 ], [ 85.936252259550258, 26.963955305103354 ], [ 85.937645027384235, 26.966113135260059 ], [ 85.937699002253851, 26.966963058916633 ], [ 85.938740827764491, 26.968633926337418 ], [ 85.938969767474987, 26.969991807503561 ], [ 85.939484673179948, 26.971214706079707 ], [ 85.940640473017083, 26.973409528227194 ], [ 85.941372362788059, 26.97399148860427 ], [ 85.941307372069957, 26.97398748750129 ], [ 85.941087399542482, 26.974051478168462 ], [ 85.94105940081522, 26.974141468360472 ], [ 85.94106839767602, 26.974278457347566 ], [ 85.941153382217522, 26.974419445638944 ], [ 85.941292361413844, 26.974569434388457 ], [ 85.941294360616325, 26.974571434490258 ], [ 85.941327356900103, 26.974605431724285 ], [ 85.941388344716643, 26.974698423867608 ], [ 85.941470329105414, 26.974942403912053 ], [ 85.941463326051121, 26.975170383142029 ], [ 85.941499318890351, 26.975263374386032 ], [ 85.941574307419501, 26.975334370805513 ], [ 85.941650296898842, 26.975336371806634 ], [ 85.941766282118977, 26.975303375522799 ], [ 85.941909264216918, 26.975262381529774 ], [ 85.941998253458678, 26.975228386993706 ], [ 85.942025250336371, 26.975217389131728 ], [ 85.942202225171684, 26.975302383565861 ], [ 85.942263215686182, 26.975384377847263 ], [ 85.942398191980885, 26.975643355957232 ], [ 85.942409189842806, 26.975663355176607 ], [ 85.942458182444454, 26.975722350985222 ], [ 85.942459181596007, 26.97572135093435 ], [ 85.942497176335735, 26.975715351528265 ], [ 85.942515174553989, 26.975712352274854 ], [ 85.94252317136386, 26.975783346895696 ], [ 85.942731138783927, 26.976052325514672 ], [ 85.942805573327973, 26.976086463942977 ], [ 85.942888115299127, 26.976124321985026 ], [ 85.942975102640446, 26.976211315621583 ], [ 85.942992099009132, 26.976267310378205 ], [ 85.943018094037313, 26.97635330396389 ], [ 85.942981095751236, 26.976518288080968 ], [ 85.943112075439672, 26.976621280733355 ], [ 85.943239058521783, 26.976585286095428 ], [ 85.94343703352672, 26.976529295835519 ], [ 85.94364800559606, 26.97653129773596 ], [ 85.943717996568637, 26.976563296666825 ], [ 85.94373499293738, 26.976610291864631 ], [ 85.943410029454355, 26.976912260472147 ], [ 85.943394032237222, 26.976926258486856 ], [ 85.943367031762193, 26.977068245030466 ], [ 85.943471016371518, 26.97716323817491 ], [ 85.943657989917199, 26.977202237462166 ], [ 85.943663989323284, 26.977203237513038 ], [ 85.944084933411091, 26.97721424346895 ], [ 85.944128929355543, 26.97716024971345 ], [ 85.944251913133371, 26.977145252547245 ], [ 85.944383894671319, 26.977185251885373 ], [ 85.944435884727682, 26.977288244537704 ], [ 85.944425884218617, 26.977414232065541 ], [ 85.944308895350275, 26.977641210345325 ], [ 85.944263898455631, 26.977743199349447 ], [ 85.944219902511236, 26.977797194004268 ], [ 85.944235897030353, 26.977947180955084 ], [ 85.944199899694524, 26.978057169467149 ], [ 85.944302879756322, 26.978357145167479 ], [ 85.944389866198264, 26.97843613839683 ], [ 85.944608836876228, 26.978430142588081 ], [ 85.94466082873123, 26.978540133798106 ], [ 85.944615832735906, 26.978626125585151 ], [ 85.944614830886337, 26.978721116930956 ], [ 85.944710816887095, 26.978792112451117 ], [ 85.94484279932442, 26.978777116184176 ], [ 85.945000776789868, 26.978818114673857 ], [ 85.945007773548866, 26.978960103016163 ], [ 85.944967776009435, 26.979065091273696 ], [ 85.944921778164542, 26.979230076290094 ], [ 85.944930776824037, 26.979249074559277 ], [ 85.944973768220905, 26.979372064632344 ], [ 85.945138744244048, 26.979484057742866 ], [ 85.945189736947441, 26.979485058693115 ], [ 85.945410708626525, 26.97949306179828 ], [ 85.945769657652306, 26.979646054297802 ], [ 85.945830649066124, 26.979693050394928 ], [ 85.945794650830919, 26.979764043217074 ], [ 85.94558067501157, 26.979975020682389 ], [ 85.9455276768104, 26.980217997078569 ], [ 85.945604662743335, 26.980398982909435 ], [ 85.945721645316439, 26.980500975510893 ], [ 85.947146815878796, 26.979480759013825 ], [ 85.947568571158968, 26.979205687458773 ], [ 85.946947467602513, 26.978482264845411 ], [ 85.948206167461365, 26.977743909817264 ], [ 85.949742437203838, 26.977069924072737 ], [ 85.951279266327333, 26.976333613213455 ], [ 85.953581016579278, 26.975602964512802 ], [ 85.955464349850502, 26.974993804010296 ], [ 85.957493214809858, 26.974329736036793 ], [ 85.957326241382873, 26.974133750341707 ], [ 85.957243256043853, 26.973976763933877 ], [ 85.957298251648865, 26.97387977338559 ], [ 85.957752195617786, 26.973672800620534 ], [ 85.957837185555263, 26.973613806610558 ], [ 85.95785918487644, 26.973524816469478 ], [ 85.957830191494224, 26.973389827584185 ], [ 85.957609223412476, 26.973231837528147 ], [ 85.957314265053867, 26.973115843314702 ], [ 85.957090292322789, 26.973254827007622 ], [ 85.956993304472462, 26.973264823919351 ], [ 85.956921315196723, 26.973236825192089 ], [ 85.956807330977654, 26.97320882556545 ], [ 85.956740336560472, 26.973321815129566 ], [ 85.956809322086201, 26.97359779050754 ], [ 85.956785322663222, 26.973684782345515 ], [ 85.956712332437235, 26.973694781055883 ], [ 85.956490364304614, 26.973600785264296 ], [ 85.956407378066217, 26.973443797957145 ], [ 85.956392387195308, 26.973141824852974 ], [ 85.956429386380705, 26.972952843111557 ], [ 85.956256412648315, 26.972788854548753 ], [ 85.956245416585034, 26.972659865968922 ], [ 85.956264414854161, 26.972626868785767 ], [ 85.956415395560668, 26.972600874656905 ], [ 85.956505383054662, 26.972634871890932 ], [ 85.956819344179053, 26.972501889402736 ], [ 85.95689834100574, 26.972196919743169 ], [ 85.956908349608682, 26.971721961215394 ], [ 85.95695734490829, 26.971608973449975 ], [ 85.956942353138061, 26.971305999395611 ], [ 85.956974352968246, 26.971128016415435 ], [ 85.956957357498879, 26.971036024322984 ], [ 85.956915365253565, 26.970966029753072 ], [ 85.95685037633416, 26.970819042055609 ], [ 85.956778387058421, 26.970775045211894 ], [ 85.956687397714859, 26.970845037083791 ], [ 85.956674804447914, 26.970937814288163 ], [ 85.956668396747716, 26.970985024424976 ], [ 85.956631400260278, 26.971071016211965 ], [ 85.956534413309271, 26.971076013768538 ], [ 85.956518042871721, 26.971043861952126 ], [ 85.956451427970251, 26.970913027954623 ], [ 85.956339448349638, 26.97063205052342 ], [ 85.956334450793122, 26.970599053340266 ], [ 85.956262461517326, 26.970507060348496 ], [ 85.956100484747594, 26.970433063776341 ], [ 85.955546556372951, 26.970492049692382 ], [ 85.955254600864976, 26.970215068867503 ], [ 85.955177612234081, 26.970191070343844 ], [ 85.955045630696077, 26.970161070615404 ], [ 85.954917647563093, 26.970158068664091 ], [ 85.954742673728902, 26.970040076147484 ], [ 85.954784669571552, 26.969938087143305 ], [ 85.95507063556596, 26.969751108201706 ], [ 85.955072637466401, 26.969681114531113 ], [ 85.95499864898818, 26.969577122727173 ], [ 85.954799680227666, 26.969411134961888 ], [ 85.954574711942314, 26.969267142920501 ], [ 85.954376742333295, 26.969058158362373 ], [ 85.954274757825772, 26.969043157598833 ], [ 85.953942800281766, 26.969057151116886 ], [ 85.953854813788894, 26.968997155257341 ], [ 85.953770827499625, 26.968823169782809 ], [ 85.953684842907194, 26.96870717826738 ], [ 85.953592855311399, 26.968637182798147 ], [ 85.953495869259712, 26.96860018451207 ], [ 85.95341987978037, 26.96859718346002 ], [ 85.953393882953549, 26.968608182221317 ], [ 85.953354889062268, 26.968619180083238 ], [ 85.953315893372348, 26.968630179743855 ], [ 85.953264899769636, 26.968627178691804 ], [ 85.953199910850174, 26.968541184206799 ], [ 85.953141920488406, 26.968464191079249 ], [ 85.953047937287408, 26.968188213902579 ], [ 85.953038942225248, 26.968050225763932 ], [ 85.953221920963301, 26.967916240526847 ], [ 85.953260916653221, 26.967905243564246 ], [ 85.953450889452256, 26.967979240136401 ], [ 85.953578871685977, 26.967971242427154 ], [ 85.95359387065082, 26.967944245549404 ], [ 85.95363286724006, 26.967870253473905 ], [ 85.953634868241181, 26.967800258903992 ], [ 85.953593875147476, 26.967730264334079 ], [ 85.953347912088418, 26.967577274532573 ], [ 85.953093946823572, 26.967500277807687 ], [ 85.953019959244671, 26.967396285104428 ], [ 85.953023961246913, 26.967258297865101 ], [ 85.953064957937954, 26.967191303447862 ], [ 85.953222939000739, 26.967045320297984 ], [ 85.953462915244245, 26.966709354456384 ], [ 85.953465917195615, 26.966605363551764 ], [ 85.953415924543037, 26.966557368303086 ], [ 85.953313938236874, 26.966568365265687 ], [ 85.95303097419378, 26.966606355508759 ], [ 85.952877995184167, 26.966580356883242 ], [ 85.952753014901873, 26.966496361600719 ], [ 85.952746019042195, 26.96629037989328 ], [ 85.952774016870137, 26.966221386273617 ], [ 85.95291800081759, 26.966100399899631 ], [ 85.953150972208164, 26.966002412897694 ], [ 85.953177968186537, 26.965966416461185 ], [ 85.953195970002128, 26.965795432938023 ], [ 85.95316397916514, 26.965589451230585 ], [ 85.953091991688041, 26.965415464856733 ], [ 85.952957014494018, 26.965240478432008 ], [ 85.952870027152699, 26.965159484201479 ], [ 85.952794038572677, 26.965054492346667 ], [ 85.952784041660948, 26.965041494382888 ], [ 85.952724052096755, 26.964903504445601 ], [ 85.952662061531328, 26.964821511063519 ], [ 85.952550079212756, 26.964727517969948 ], [ 85.952505088613407, 26.964520535312261 ], [ 85.952537090242288, 26.964314555403519 ], [ 85.952605082911759, 26.964177568215064 ], [ 85.952790063550196, 26.963976589460117 ], [ 85.952983038300658, 26.963923598453505 ], [ 85.953021033939649, 26.963923598453505 ], [ 85.95305902778, 26.963960595840263 ], [ 85.953207003837122, 26.964146582824981 ], [ 85.953281992366215, 26.964205577734276 ], [ 85.953357982744933, 26.964219577547567 ], [ 85.953409975499255, 26.96420857878627 ], [ 85.953423974413226, 26.964174582451562 ], [ 85.953277000205674, 26.963930603306494 ], [ 85.953207012830376, 26.963721619647686 ], [ 85.953200018769337, 26.963505639229879 ], [ 85.953229016648208, 26.963401649224579 ], [ 85.953324007994013, 26.963233664954828 ], [ 85.953416998338753, 26.963121677240281 ], [ 85.953494989718536, 26.963076682144276 ], [ 85.953592975821095, 26.963047686963421 ], [ 85.953610974938726, 26.963043687659138 ], [ 85.953904935944422, 26.963018695379844 ], [ 85.95430088325628, 26.963003703609559 ], [ 85.95436687672327, 26.962938710193498 ], [ 85.954395874602085, 26.962834721087518 ], [ 85.954386878640605, 26.962697732999743 ], [ 85.954392882543345, 26.962480752531064 ], [ 85.954370887718767, 26.962376761626444 ], [ 85.954295898290297, 26.962306766157212 ], [ 85.954194913833703, 26.962291766292992 ], [ 85.954142919280685, 26.96231476206782 ], [ 85.954027934111423, 26.962333759437627 ], [ 85.954016937148822, 26.962274764528331 ], [ 85.954088933619175, 26.96200279025328 ], [ 85.954224921656021, 26.961696820542784 ], [ 85.954319912102562, 26.961527837121423 ], [ 85.954477895863306, 26.961359854650311 ], [ 85.95448690081804, 26.961050882988502 ], [ 85.95451389769579, 26.961003887790696 ], [ 85.954539895421931, 26.960981890268158 ], [ 85.954558892791795, 26.960982890319031 ] ] ] ] } },
{ "type": "Feature", "properties": { "OBJECTID": 768, "Name": "Kushwahashanti", "code": "DNS/PU/23/02", "regime": "CF", "area_ha": 10.880226861700001 }, "geometry": { "type": "MultiPolygon", "coordinates": [ [ [ [ 85.972925827663744, 26.897263956395193 ], [ 85.972945831379775, 26.896992980372318 ], [ 85.972955847177388, 26.896215051387458 ], [ 85.97295784727919, 26.896167055239459 ], [ 85.972966853133244, 26.895849084018835 ], [ 85.972873899660954, 26.894287223045694 ], [ 85.972854915780999, 26.893635282487992 ], [ 85.972838924859161, 26.893314311114693 ], [ 85.972706946918493, 26.893047332597519 ], [ 85.972646958253563, 26.892943341692899 ], [ 85.972459986506522, 26.892768353469478 ], [ 85.972251019934959, 26.89250937266155 ], [ 85.971731099586236, 26.891993411147439 ], [ 85.971522133014673, 26.891736430441256 ], [ 85.971302168581133, 26.891421454876763 ], [ 85.971178188349711, 26.891316461223255 ], [ 85.971063203180449, 26.891313461070524 ], [ 85.970832231891677, 26.891352453163108 ], [ 85.970404284749577, 26.891593424061568 ], [ 85.970057328240671, 26.891687409061205 ], [ 85.969991337471697, 26.89168240880673 ], [ 85.970006335537221, 26.891698407822503 ], [ 85.970017332499879, 26.891743403817827 ], [ 85.970128315666841, 26.891873393347907 ], [ 85.970213301107719, 26.892011382385874 ], [ 85.970621237339174, 26.892434351756663 ], [ 85.970830203910737, 26.892690332411917 ], [ 85.970902192287156, 26.892831320703294 ], [ 85.970925187162663, 26.892923313695064 ], [ 85.970907185347073, 26.893106296929716 ], [ 85.970759199397378, 26.893378269406128 ], [ 85.970728199618065, 26.89356125174146 ], [ 85.970737194680225, 26.893687241067937 ], [ 85.970805181054345, 26.893963217345288 ], [ 85.970864169668403, 26.894101205483935 ], [ 85.970957150120512, 26.894424178757731 ], [ 85.970951147117091, 26.894609162094184 ], [ 85.970882152598108, 26.894789144276842 ], [ 85.970879150646738, 26.894882135520845 ], [ 85.970987131862387, 26.895113116702191 ], [ 85.971099114180959, 26.895220108658862 ], [ 85.971249092138521, 26.895315102702625 ], [ 85.971337080430033, 26.895372099308815 ], [ 85.971320078665372, 26.895487088974676 ], [ 85.971328065582725, 26.896083034775756 ], [ 85.971292061951601, 26.896451001346918 ], [ 85.971344047511309, 26.896818968817342 ], [ 85.971366042335887, 26.89693395848326 ], [ 85.971731990818682, 26.897067954512238 ], [ 85.9720869414395, 26.89715595179706 ], [ 85.972289914900273, 26.897172953561721 ], [ 85.972544881115425, 26.897167957803845 ], [ 85.972647867472517, 26.897146961231499 ], [ 85.972912829700022, 26.897256956938179 ], [ 85.972925827663744, 26.897263956395193 ] ] ] ] } },
{ "type": "Feature", "properties": { "OBJECTID": 769, "Name": "Lalgadh", "code": "DNS/LA/02/03", "regime": "CF", "area_ha": 1000.15005228 }, "geometry": { "type": "MultiPolygon", "coordinates": [ [ [ [ 85.945721645316439, 26.980500975510893 ], [ 85.945604662743335, 26.980398982909435 ], [ 85.9455276768104, 26.980217997078569 ], [ 85.94558067501157, 26.979975020682389 ], [ 85.945794650830919, 26.979764043217074 ], [ 85.945830649066124, 26.979693050394928 ], [ 85.945769657652306, 26.979646054297802 ], [ 85.945410708626525, 26.97949306179828 ], [ 85.945189736947441, 26.979485058693115 ], [ 85.945138744244048, 26.979484057742866 ], [ 85.944973768220905, 26.979372064632344 ], [ 85.944930776824037, 26.979249074559277 ], [ 85.944921778164542, 26.979230076290094 ], [ 85.944967776009435, 26.979065091273696 ], [ 85.945007773548866, 26.978960103016163 ], [ 85.945000776789868, 26.978818114673857 ], [ 85.94484279932442, 26.978777116184176 ], [ 85.944710816887095, 26.978792112451117 ], [ 85.944614830886337, 26.978721116930956 ], [ 85.944615832735906, 26.978626125585151 ], [ 85.94466082873123, 26.978540133798106 ], [ 85.944608836876228, 26.978430142588081 ], [ 85.944389866198264, 26.97843613839683 ], [ 85.944302879756322, 26.978357145167479 ], [ 85.944199899694524, 26.978057169467149 ], [ 85.944235897030353, 26.977947180955084 ], [ 85.944219902511236, 26.977797194004268 ], [ 85.944263898455631, 26.977743199349447 ], [ 85.944308895350275, 26.977641210345325 ], [ 85.944425884218617, 26.977414232065541 ], [ 85.944435884727682, 26.977288244537704 ], [ 85.944383894671319, 26.977185251885373 ], [ 85.944251913133371, 26.977145252547245 ], [ 85.944128929355543, 26.97716024971345 ], [ 85.944084933411091, 26.97721424346895 ], [ 85.943663989323284, 26.977203237513038 ], [ 85.943657989917199, 26.977202237462166 ], [ 85.943471016371518, 26.97716323817491 ], [ 85.943367031762193, 26.977068245030466 ], [ 85.943394032237222, 26.976926258486856 ], [ 85.943410029454355, 26.976912260472147 ], [ 85.94373499293738, 26.976610291864631 ], [ 85.943717996568637, 26.976563296666825 ], [ 85.94364800559606, 26.97653129773596 ], [ 85.94343703352672, 26.976529295835519 ], [ 85.943239058521783, 26.976585286095428 ], [ 85.943112075439672, 26.976621280733355 ], [ 85.942981095751236, 26.976518288080968 ], [ 85.943018094037313, 26.97635330396389 ], [ 85.942992099009132, 26.976267310378205 ], [ 85.942975102640446, 26.976211315621583 ], [ 85.942888115299127, 26.976124321985026 ], [ 85.942805573327973, 26.976086463942977 ], [ 85.942341499347037, 26.976475890239442 ], [ 85.941328716681596, 26.976743786069562 ], [ 85.940404509567713, 26.976933626667631 ], [ 85.939567406707624, 26.977202831017507 ], [ 85.938643562921641, 26.977353305403255 ], [ 85.937987313691394, 26.977072863071271 ], [ 85.936668538832294, 26.977180991776436 ], [ 85.935615147085457, 26.977094327293287 ], [ 85.935135335792666, 26.976736489834877 ], [ 85.93470019134179, 26.976300274286245 ], [ 85.93413365531103, 26.97582370776297 ], [ 85.934094923123723, 26.975272416213159 ], [ 85.933570833498095, 26.974953596927833 ], [ 85.932950470986555, 26.974432302408445 ], [ 85.932801494878504, 26.974279314405578 ], [ 85.932700508623213, 26.974231316458884 ], [ 85.932596522215249, 26.974262312640917 ], [ 85.932453540117365, 26.974351300983358 ], [ 85.932350551961633, 26.974371297504774 ], [ 85.932299559258183, 26.974359297793228 ], [ 85.932187576040292, 26.974266304750586 ], [ 85.932052597946893, 26.974077319411833 ], [ 85.931680656353308, 26.973668349854393 ], [ 85.931522683384458, 26.973412369199139 ], [ 85.931322714573014, 26.973223382961123 ], [ 85.931068749308167, 26.973149386388968 ], [ 85.930966763001948, 26.973146384437598 ], [ 85.930863774846216, 26.973179378922737 ], [ 85.930312838530313, 26.973624329628194 ], [ 85.930198850713964, 26.973777314033725 ], [ 85.930179852444837, 26.973804310911476 ], [ 85.930189850255886, 26.973896303903246 ], [ 85.930213845182266, 26.973944299151924 ], [ 85.930288834610678, 26.974001294858795 ], [ 85.930518803150562, 26.974018297522775 ], [ 85.930670782109246, 26.974058296860903 ], [ 85.930795764190236, 26.974151289903546 ], [ 85.930832757979715, 26.97419928695092 ], [ 85.930855752855166, 26.974289278941569 ], [ 85.930854751904917, 26.974337275089567 ], [ 85.930815756215054, 26.974370270474083 ], [ 85.930660776204263, 26.974412264518037 ], [ 85.930199837274984, 26.974402257713734 ], [ 85.930055855126227, 26.974500246514253 ], [ 85.930001859572087, 26.974592237707384 ], [ 85.930034852258586, 26.974775220942036 ], [ 85.930096840125998, 26.974868213984735 ], [ 85.930170830402858, 26.97493920860552 ], [ 85.930182827416388, 26.974986204702645 ], [ 85.930341801335487, 26.975206187122694 ], [ 85.930329791731367, 26.975739139609573 ], [ 85.930112813960648, 26.976037108912806 ], [ 85.930064816913273, 26.976149097526672 ], [ 85.930043819441664, 26.976197092775351 ], [ 85.930051815352215, 26.976357078436592 ], [ 85.930215782331175, 26.976866035097714 ], [ 85.930213780430734, 26.976945027427746 ], [ 85.930185783502111, 26.977003022286169 ], [ 85.929992807852386, 26.977045015430804 ], [ 85.929793834595159, 26.977030013767944 ], [ 85.929580860625379, 26.97713599937839 ], [ 85.929472871315795, 26.97731798166285 ], [ 85.929469870263745, 26.977410972906853 ], [ 85.929552852904806, 26.977641954088199 ], [ 85.929550851903684, 26.977686949184204 ], [ 85.929599844505333, 26.977779942226846 ], [ 85.929643834154433, 26.978009922458 ], [ 85.929639831252871, 26.978147910596647 ], [ 85.929584835647859, 26.978282896783981 ], [ 85.92954483990701, 26.978327891879928 ], [ 85.929409855518372, 26.978459877914531 ], [ 85.929586828555045, 26.978616866121058 ], [ 85.92973880571509, 26.97869886130178 ], [ 85.930193740741686, 26.978893851442535 ], [ 85.930396713303139, 26.978933851679983 ], [ 85.930698670219442, 26.979100842194157 ], [ 85.930900640931327, 26.979185837527552 ], [ 85.931205598899624, 26.979262836051078 ], [ 85.931280587428773, 26.979333831571239 ], [ 85.931390568746224, 26.979518816706332 ], [ 85.931624532093736, 26.979798794985925 ], [ 85.931747512274285, 26.979984780171947 ], [ 85.931818497901816, 26.980158765646479 ], [ 85.931852489739867, 26.980332750221635 ], [ 85.931807491945904, 26.980537730978881 ], [ 85.93172049651065, 26.980866700960746 ], [ 85.931764484361167, 26.981144676440579 ], [ 85.931799477149468, 26.981245668091788 ], [ 85.931811475961638, 26.981270664867736 ], [ 85.931960443076377, 26.981836616336352 ], [ 85.931981436950764, 26.982007601658211 ], [ 85.932028427651915, 26.982145590696177 ], [ 85.932213398397778, 26.982356575356107 ], [ 85.932274388912276, 26.982461565412279 ], [ 85.932342372588437, 26.982735542487148 ], [ 85.932343372639366, 26.98273754258895 ], [ 85.932654334510403, 26.982619558166334 ], [ 85.932808314470265, 26.98260056169579 ], [ 85.933163265091082, 26.982689560830181 ], [ 85.933317244151624, 26.982692562781494 ], [ 85.93350022288962, 26.982558578443786 ], [ 85.933646206938874, 26.982379597211377 ], [ 85.933698201491836, 26.98235660053723 ], [ 85.933749194195286, 26.982370600350521 ], [ 85.933873175326028, 26.982486590966687 ], [ 85.933957160715977, 26.982656577136879 ], [ 85.933964159273671, 26.982670576950227 ], [ 85.933982156592606, 26.982706573386736 ], [ 85.933806179110206, 26.982730569212436 ], [ 85.933751186203153, 26.982736566819881 ], [ 85.93367319572269, 26.982769562204339 ], [ 85.933350236838123, 26.982875546915523 ], [ 85.933196256878261, 26.982872544964152 ], [ 85.932929292750316, 26.982820545015215 ], [ 85.932737318950103, 26.982805543352356 ], [ 85.932531345336599, 26.982858534358911 ], [ 85.932505347610459, 26.982891530642746 ], [ 85.932501346507536, 26.982993521445565 ], [ 85.932587331999287, 26.983133510585333 ], [ 85.932622325686907, 26.983237502389272 ], [ 85.932550329216554, 26.983510475815933 ], [ 85.93246633573267, 26.983737454095717 ], [ 85.932422336190939, 26.983942433953587 ], [ 85.932425330048375, 26.984251407414035 ], [ 85.932461322887605, 26.984355398318655 ], [ 85.932632294719497, 26.984600379313292 ], [ 85.932831263480068, 26.984812364024151 ], [ 85.932983242438752, 26.984849362310229 ], [ 85.933189216052256, 26.984832367740182 ], [ 85.933228211742176, 26.984799371456347 ], [ 85.933181220141705, 26.984670381977139 ], [ 85.933209218868967, 26.984580390885867 ], [ 85.933249214609759, 26.984535395789862 ], [ 85.933466185185921, 26.984528399930184 ], [ 85.933518178839563, 26.984530400031986 ], [ 85.933618164144605, 26.98460139645141 ], [ 85.933948108996276, 26.985102356302662 ], [ 85.934095084103149, 26.985345337195497 ], [ 85.934256059023369, 26.985497326046811 ], [ 85.934483026511202, 26.985630317528262 ], [ 85.934688000073777, 26.985622321617655 ], [ 85.934931967527632, 26.98559532923656 ], [ 85.935188934743906, 26.985542338230005 ], [ 85.935289920999139, 26.985591335328252 ], [ 85.935401902418391, 26.985709326945482 ], [ 85.935564878339733, 26.985839317374939 ], [ 85.935637865867761, 26.985954307940119 ], [ 85.935797840737052, 26.986165291700729 ], [ 85.935871828315953, 26.986270284454918 ], [ 85.935883826228803, 26.986290282774974 ], [ 85.935944816743245, 26.986385275020154 ], [ 85.935955812806526, 26.98645526869069 ], [ 85.935913816064613, 26.986557258594189 ], [ 85.935754833152259, 26.986758238248456 ], [ 85.935635845980755, 26.986882225674492 ], [ 85.935527856671172, 26.987052208247405 ], [ 85.935511856756079, 26.987154198150904 ], [ 85.935547849595309, 26.987258189954844 ], [ 85.935657832711399, 26.987399178246221 ], [ 85.935745819204271, 26.987458174054893 ], [ 85.935976788694347, 26.987464177957577 ], [ 85.936199763173192, 26.987285197624487 ], [ 85.936717698708605, 26.987068227048383 ], [ 85.936871678668467, 26.987038232715918 ], [ 85.936974665924879, 26.987041233767968 ], [ 85.93707565128085, 26.987078232054046 ], [ 85.937112645969592, 26.98712322804937 ], [ 85.937016653673538, 26.987328208806559 ], [ 85.936817675020393, 26.987574182657511 ], [ 85.936799674104179, 26.987746167130922 ], [ 85.936836666994282, 26.987816161700778 ], [ 85.936886659646802, 26.987841159376046 ], [ 85.936987645902093, 26.987864158748152 ], [ 85.937039638656415, 26.987856161038906 ], [ 85.937566571052685, 26.987776177651256 ], [ 85.937618564706327, 26.987754181028038 ], [ 85.937874530972351, 26.98776118498165 ], [ 85.937976515479932, 26.987786183556238 ], [ 85.938355462825768, 26.987942176208435 ], [ 85.938406455529218, 26.987956176021726 ], [ 85.938744405284694, 26.988194160257365 ], [ 85.938818393762915, 26.988275153588518 ], [ 85.938954371907187, 26.988450140013299 ], [ 85.939103349813877, 26.988591130103316 ], [ 85.939126343790008, 26.988695121907256 ], [ 85.938833374741307, 26.989065083184244 ], [ 85.938738382496126, 26.989270063042113 ], [ 85.938716379577613, 26.989545037469895 ], [ 85.938761369277643, 26.989753019279135 ], [ 85.93883535775592, 26.989857011982394 ], [ 85.939012332591176, 26.989942007315847 ], [ 85.939332290423749, 26.989926014595312 ], [ 85.93969424409886, 26.989796032259846 ], [ 85.940003204968775, 26.989758040218135 ], [ 85.940448143982962, 26.98983804159235 ], [ 85.940729106125616, 26.989867043967877 ], [ 85.940932078687069, 26.989918042067245 ], [ 85.941145045462235, 26.990091030188808 ], [ 85.941182040151034, 26.990119028916126 ], [ 85.941160036333201, 26.990438999339233 ], [ 85.94118203115778, 26.990542990243853 ], [ 85.941220024998131, 26.99057698747788 ], [ 85.941522981065987, 26.990720980418587 ], [ 85.942048903518753, 26.991099954744243 ], [ 85.942311864745136, 26.991299941542252 ], [ 85.942359857295855, 26.991381935823654 ], [ 85.942470838664178, 26.991533922876272 ], [ 85.942632814534647, 26.991697911439076 ], [ 85.942934770551574, 26.991855902394434 ], [ 85.943021757892893, 26.991936896624964 ], [ 85.943351710838499, 26.992059891194685 ], [ 85.943453696245342, 26.992062892246736 ], [ 85.943607677104524, 26.99202989866086 ], [ 85.943815650819829, 26.991942909520901 ], [ 85.944039626248866, 26.991718934091864 ], [ 85.944108621667169, 26.991536951807404 ], [ 85.944111623618539, 26.991446959816813 ], [ 85.943993645491219, 26.991122986492087 ], [ 85.943949656741381, 26.990882006600373 ], [ 85.943890668127381, 26.990696023213047 ], [ 85.943894671028943, 26.990559036024592 ], [ 85.943962663698414, 26.990424049837259 ], [ 85.944119645609589, 26.990335060595498 ], [ 85.944324620071541, 26.99030506626309 ], [ 85.94464257510424, 26.990370065974389 ], [ 85.944795554113853, 26.990419063972013 ], [ 85.944994522874424, 26.990607051058475 ], [ 85.945045515577874, 26.990680044881742 ], [ 85.945215487358894, 26.990923025774578 ], [ 85.945210484406402, 26.991072012674522 ], [ 85.945228476329362, 26.991346988001624 ], [ 85.945289465944484, 26.991450978906244 ], [ 85.945414448025474, 26.991532974086965 ], [ 85.945653412526838, 26.991676965229033 ], [ 85.945754397882808, 26.991724963175727 ], [ 85.945907377791741, 26.991762962412054 ], [ 85.945957370444262, 26.991787960087265 ], [ 85.945994364233684, 26.991832956981909 ], [ 85.946034350081902, 26.99221292326456 ], [ 85.946040344991388, 26.992442902596338 ], [ 85.946084334640489, 26.992684882538924 ], [ 85.946107328616677, 26.992765874970814 ], [ 85.946154320217147, 26.992914861870759 ], [ 85.946202310969227, 26.993019853725571 ], [ 85.946186311054134, 26.993122843679998 ], [ 85.946159314176384, 26.993156840914025 ], [ 85.946024327989051, 26.993392816953929 ], [ 85.946107310630111, 26.993600799662488 ], [ 85.946099306625626, 26.99387577409027 ], [ 85.946132297513486, 26.99408375589951 ], [ 85.946178289962404, 26.994183748399166 ], [ 85.946094293780504, 26.994482719551968 ], [ 85.945947309680378, 26.994686698459589 ], [ 85.945802325681996, 26.994821683747602 ], [ 85.945477364896988, 26.994983663215351 ], [ 85.945437369156195, 26.995053656885887 ], [ 85.945435368155074, 26.995120650403749 ], [ 85.94571132734518, 26.995310638491389 ], [ 85.9457853158234, 26.995380633061245 ], [ 85.946031274385803, 26.995730605910751 ], [ 85.946042272247723, 26.995800599581344 ], [ 85.946001277355379, 26.995867593099206 ], [ 85.945993276948172, 26.995905588738196 ], [ 85.945927278984527, 26.99622155985702 ], [ 85.945933272994694, 26.996426541513529 ], [ 85.945906275217624, 26.996496534284802 ], [ 85.94585228056286, 26.996563527802664 ], [ 85.945527320677172, 26.996739506184383 ], [ 85.945283352323997, 26.996766499464798 ], [ 85.945232358721228, 26.996777497326775 ], [ 85.945217359756327, 26.99684549089551 ], [ 85.945242355632956, 26.996881488231395 ], [ 85.945292347386157, 26.996915485465422 ], [ 85.945482321084512, 26.99696648446411 ], [ 85.945566306474461, 26.997152469650132 ], [ 85.945577304336382, 26.997220462319603 ], [ 85.945687284754513, 26.997394450492095 ], [ 85.945910250240104, 26.997631431079526 ], [ 85.945961243842874, 26.997654430451632 ], [ 85.946035231421774, 26.997736424733034 ], [ 85.946210206155229, 26.997865416010882 ], [ 85.94640917401648, 26.998088399482981 ], [ 85.946377178682894, 26.998090398685463 ], [ 85.946293189695666, 26.998096397192228 ], [ 85.945964235901613, 26.997974401774059 ], [ 85.945622284143838, 26.997841408493912 ], [ 85.945584288504847, 26.997852406355889 ], [ 85.945557292526416, 26.997885402639668 ], [ 85.945555290625975, 26.997953397107779 ], [ 85.945591284364525, 26.998023390778371 ], [ 85.945828248764087, 26.99825837396196 ], [ 85.946320177580105, 26.998476363474822 ], [ 85.946506148376898, 26.998687347235432 ], [ 85.946504147375776, 26.998754340753294 ], [ 85.946451152771886, 26.998822333422765 ], [ 85.946320167687531, 26.998922322325086 ], [ 85.946161186573818, 26.999090305695574 ], [ 85.946119188033265, 26.999228291136262 ], [ 85.946125182942694, 26.999433273692091 ], [ 85.946207167331522, 26.99967725193784 ], [ 85.946318149599165, 26.999816241926055 ], [ 85.946406136092037, 26.999875237734727 ], [ 85.946594106990688, 27.000030227638035 ], [ 85.946629100678308, 27.000134218542655 ], [ 85.946492109892574, 27.000571176934784 ], [ 85.946491109841645, 27.000571176934784 ], [ 85.946585094841282, 27.000693166957035 ], [ 85.946688076701776, 27.000899150463113 ], [ 85.946728067046593, 27.001105132170551 ], [ 85.946665071034374, 27.001312113029542 ], [ 85.946514084931948, 27.001553087525281 ], [ 85.946502084321139, 27.001690075613055 ], [ 85.946490081012314, 27.001909056183592 ], [ 85.946415086187926, 27.002150032477971 ], [ 85.946402089123467, 27.002102037229292 ], [ 85.946337100204062, 27.00197804620592 ], [ 85.946298108111478, 27.001840058966593 ], [ 85.946294122297047, 27.001199116270868 ], [ 85.946242131341364, 27.001061127232845 ], [ 85.946087158525245, 27.000787150157976 ], [ 85.946047166381732, 27.00065116212113 ], [ 85.946058166941668, 27.000570169689297 ], [ 85.946056167739187, 27.000570169689297 ], [ 85.946290140979329, 27.000355192919699 ], [ 85.946356134446262, 27.000288199401837 ], [ 85.946373135311603, 27.000150212162509 ], [ 85.946299145934063, 27.000046220358513 ], [ 85.946150169826012, 26.999905231167816 ], [ 85.945910203475137, 26.999772238787045 ], [ 85.945848213809086, 26.999702243317813 ], [ 85.945813221020785, 26.999598253312513 ], [ 85.945819224923468, 26.999392271605075 ], [ 85.945796229148698, 26.999322277035219 ], [ 85.945828229878259, 26.999106297516732 ], [ 85.945855225856633, 26.999061302420728 ], [ 85.945972212926335, 26.998994309802185 ], [ 85.946062201319705, 26.998975312432378 ], [ 85.946155191664388, 26.998874324378392 ], [ 85.946107199113669, 26.998770332574452 ], [ 85.94607020532419, 26.998722335527134 ], [ 85.946019213520117, 26.998699337953667 ], [ 85.945821243911155, 26.998488353293737 ], [ 85.945582278510471, 26.9983323633395 ], [ 85.945507289981322, 26.998262367870268 ], [ 85.945397308663871, 26.998087382344863 ], [ 85.945387311752143, 26.998020387028362 ], [ 85.945342322052113, 26.997800407306272 ], [ 85.945320327227591, 26.997696416401652 ], [ 85.945185350033512, 26.997488432793773 ], [ 85.94508536562779, 26.99740443841057 ], [ 85.944933386669106, 26.997344440752386 ], [ 85.944733416058966, 26.997189451748341 ], [ 85.944609435827545, 26.997050461760125 ], [ 85.944574442139924, 26.996946470855505 ], [ 85.944576444040365, 26.996876477184969 ], [ 85.944617439832086, 26.996809484566427 ], [ 85.94474842491644, 26.996674497479773 ], [ 85.944983397308135, 26.996543514194059 ], [ 85.945062388738847, 26.996476521575516 ], [ 85.945270363353472, 26.996353535999049 ], [ 85.945427345264704, 26.996221551763085 ], [ 85.945600326191652, 26.996017572855408 ], [ 85.945616327006121, 26.995916581204199 ], [ 85.945455352085901, 26.995739594677616 ], [ 85.945179392895795, 26.995527609067494 ], [ 85.945043414751524, 26.99537562021618 ], [ 85.944842444090511, 26.99523363007529 ], [ 85.944869441867525, 26.995200632892136 ], [ 85.945028424779878, 26.995020652508117 ], [ 85.945096417449349, 26.994883666219039 ], [ 85.945106424253652, 26.994540697323146 ], [ 85.945293404094571, 26.994305722233491 ], [ 85.94528240713197, 26.994235727663579 ], [ 85.945185423778298, 26.994071740899471 ], [ 85.944775487444986, 26.993637773666762 ], [ 85.944653508214742, 26.993429790058883 ], [ 85.944656509266736, 26.993361795590772 ], [ 85.944721500884157, 26.99329480297223 ], [ 85.945084457308155, 26.993152821824538 ], [ 85.945123452098755, 26.993119825540759 ], [ 85.945151449926698, 26.993051832871288 ], [ 85.945142453965218, 26.992914843884193 ], [ 85.94509946526631, 26.992661866978949 ], [ 85.94508147334335, 26.992419888835002 ], [ 85.945023485679542, 26.992211906126442 ], [ 85.945005493756582, 26.991936930799341 ], [ 85.944945504192333, 26.991797942609765 ], [ 85.94482252401184, 26.99163495499721 ], [ 85.944747535482691, 26.991575959188594 ], [ 85.944711542643461, 26.991505963719362 ], [ 85.944727541659233, 26.991403973815864 ], [ 85.944806533089945, 26.991336981197321 ], [ 85.944873526607864, 26.991235991344752 ], [ 85.944878529560356, 26.991062006769539 ], [ 85.944805542032327, 26.990924018630892 ], [ 85.944604570471995, 26.990805026063413 ], [ 85.944463590274552, 26.990791024451426 ], [ 85.944361603069069, 26.990810021821289 ], [ 85.944308610263818, 26.990844016357357 ], [ 85.944265611672336, 26.99102599954108 ], [ 85.944310601372365, 26.991211983827782 ], [ 85.944369589087046, 26.99138297004896 ], [ 85.944413578736203, 26.99161394943161 ], [ 85.944408574884392, 26.991796932666261 ], [ 85.944380577056393, 26.991888924758712 ], [ 85.944179598301446, 26.99215789618313 ], [ 85.944036615304242, 26.99225888513638 ], [ 85.943764649123125, 26.99234487152745 ], [ 85.943254718491517, 26.99229786823571 ], [ 85.943051745930063, 26.992235869576405 ], [ 85.94277378573878, 26.992113875956875 ], [ 85.942419836068154, 26.991957883304678 ], [ 85.94213087801495, 26.991765896913932 ], [ 85.941930908304187, 26.991624905025219 ], [ 85.941691943802823, 26.991480914782471 ], [ 85.94158995749666, 26.991456914460173 ], [ 85.94148797119044, 26.991465912220292 ], [ 85.941398983747376, 26.991428913034895 ], [ 85.941465976365919, 26.991327924980965 ], [ 85.941484978232381, 26.991133942985016 ], [ 85.941424988668132, 26.990993954744567 ], [ 85.941300008385781, 26.990888961091059 ], [ 85.941198022079618, 26.990862960666959 ], [ 85.941072039947755, 26.990850960056093 ], [ 85.941007047431015, 26.990845958902241 ], [ 85.940845072459922, 26.990693970950304 ], [ 85.94072109312782, 26.990552980860286 ], [ 85.940726095180992, 26.990380997286195 ], [ 85.940641109740113, 26.990232009486931 ], [ 85.940541124435072, 26.990172012728067 ], [ 85.940439138128909, 26.990147013254159 ], [ 85.940144177072284, 26.990185004396551 ], [ 85.93988720985601, 26.990212997727895 ], [ 85.939577249834542, 26.990297984068036 ], [ 85.939295286741697, 26.99031397858721 ], [ 85.938835347863289, 26.990303970883588 ], [ 85.938682368853677, 26.990277970459431 ], [ 85.938593381410612, 26.990231974413234 ], [ 85.938518391982143, 26.990192976025355 ], [ 85.93835641701105, 26.990040987174041 ], [ 85.93830842625897, 26.989936995370101 ], [ 85.938325426224992, 26.989799008130717 ], [ 85.938511407813678, 26.989564032141743 ], [ 85.938552403605399, 26.989460042136443 ], [ 85.938542405794351, 26.989392048567709 ], [ 85.938559406659692, 26.989244061718637 ], [ 85.938624409069007, 26.988764106533665 ], [ 85.938617413209329, 26.988592122060254 ], [ 85.938558424595328, 26.988440135007636 ], [ 85.938470438102456, 26.988370139538404 ], [ 85.938320461943533, 26.988240148209684 ], [ 85.938170482187275, 26.988133155353694 ], [ 85.938119490383201, 26.988121155642204 ], [ 85.93794451475037, 26.988066158238496 ], [ 85.937853527205448, 26.988036158510113 ], [ 85.937699548144906, 26.988030156406012 ], [ 85.937418585102989, 26.988023152452399 ], [ 85.937213611540415, 26.98802014870239 ], [ 85.936879656592509, 26.988037141473797 ], [ 85.936637688341136, 26.988051136790489 ], [ 85.936407719801309, 26.988011136553041 ], [ 85.936254741691016, 26.987985136128884 ], [ 85.936217747002217, 26.987951138894857 ], [ 85.936206749140297, 26.987881144324945 ], [ 85.936234747867559, 26.987814151706402 ], [ 85.936300739535909, 26.987735159376371 ], [ 85.936613702408067, 26.987559180994651 ], [ 85.936642701186258, 26.987433192567494 ], [ 85.93660570739678, 26.987388196572169 ], [ 85.936516719054339, 26.98737319580863 ], [ 85.936362739094534, 26.987393191430726 ], [ 85.936154764479909, 26.987490178381734 ], [ 85.935947789916156, 26.987554169948226 ], [ 85.935688823497458, 26.987663155711402 ], [ 85.935534842638276, 26.98767115162201 ], [ 85.935433857282305, 26.987645151197853 ], [ 85.935270881360964, 26.987515160768453 ], [ 85.935184894969893, 26.987411168964456 ], [ 85.935148901231344, 26.987307178059837 ], [ 85.935220898601074, 26.987057202206643 ], [ 85.935248895529696, 26.986987208536107 ], [ 85.93543387616819, 26.98678523062955 ], [ 85.935488871773202, 26.986650242643634 ], [ 85.935419885348153, 26.98640826360031 ], [ 85.935344895919684, 26.986338268131078 ], [ 85.935319901841751, 26.986313271355186 ], [ 85.935121932232732, 26.986104285897738 ], [ 85.934984953138269, 26.985952297046424 ], [ 85.934884967833227, 26.985890301085078 ], [ 85.934782981527007, 26.985867301712972 ], [ 85.934525014259862, 26.98592829222747 ], [ 85.934204056376416, 26.985966282470486 ], [ 85.93394909106064, 26.985948278856313 ], [ 85.933796112950347, 26.985900281808938 ], [ 85.933760119211797, 26.985830287239025 ], [ 85.933766122215218, 26.985624305531587 ], [ 85.93374312644039, 26.985554312760371 ], [ 85.93368413692707, 26.985393325249561 ], [ 85.933622148160339, 26.985312331918408 ], [ 85.933434175463105, 26.985182340589688 ], [ 85.933283196555294, 26.985108344916853 ], [ 85.933130218445001, 26.985082343593376 ], [ 85.932873252128047, 26.98512133658528 ], [ 85.932666278463671, 26.985174327591892 ], [ 85.932308325891483, 26.9851783215002 ], [ 85.932148347424857, 26.985086326709791 ], [ 85.932119353143321, 26.985070327694018 ], [ 85.932031364851753, 26.985034328559493 ], [ 85.931803397313047, 26.984926335652631 ], [ 85.931691414994475, 26.984830341557881 ], [ 85.931669420169897, 26.984726350653261 ], [ 85.931696417047647, 26.984659357135399 ], [ 85.931736412788439, 26.984625361700012 ], [ 85.931943387352135, 26.984550371372222 ], [ 85.932009379020485, 26.98448337875368 ], [ 85.932012380971855, 26.984379388748437 ], [ 85.931988386045475, 26.984311393381006 ], [ 85.931957395259417, 26.984058416475762 ], [ 85.931957404252671, 26.983645453909332 ], [ 85.931900417539111, 26.983403473966689 ], [ 85.931895419982595, 26.983315482077842 ], [ 85.931895419982595, 26.983311483672935 ], [ 85.931601462574179, 26.983133493498144 ], [ 85.931403492965217, 26.982933508498832 ], [ 85.931366500075058, 26.982876512792018 ], [ 85.930653606774626, 26.982309551379842 ], [ 85.930450634213173, 26.982246553568984 ], [ 85.93029765520356, 26.982254550378912 ], [ 85.929883706076112, 26.982393530474496 ], [ 85.929855710046809, 26.982474522906386 ], [ 85.92937576745237, 26.982680495620514 ], [ 85.928548872845681, 26.9829474570505 ], [ 85.928311899452865, 26.983160433718297 ], [ 85.928259905799223, 26.983179431088161 ], [ 85.928170917456782, 26.983190428950081 ], [ 85.927991941620348, 26.98317342718542 ], [ 85.927887954313007, 26.983206422569936 ], [ 85.927613987130769, 26.983393401511591 ], [ 85.927298022307241, 26.983684370458491 ], [ 85.927231029688699, 26.98377435975118 ], [ 85.927203031860699, 26.983866351843631 ], [ 85.927135037392645, 26.983990339269667 ], [ 85.926991054344512, 26.984113325745454 ], [ 85.926835073383529, 26.984189316124116 ], [ 85.926474119759291, 26.984260302650966 ], [ 85.926319137949918, 26.984327294370189 ], [ 85.926126164098832, 26.984332290128066 ], [ 85.926042176010867, 26.984284293080748 ], [ 85.924680356694637, 26.98427427008852 ], [ 85.92466936782597, 26.983852308862652 ], [ 85.924646372950519, 26.983759316719272 ], [ 85.924573386321811, 26.983621328580625 ], [ 85.92452339276997, 26.983596329106717 ], [ 85.92448439708005, 26.983607327868015 ], [ 85.924431402476159, 26.983685320147117 ], [ 85.924334411028553, 26.983924296339751 ], [ 85.924306412301291, 26.983991289857613 ], [ 85.92430141024812, 26.984165274432769 ], [ 85.924421389376619, 26.984441251609439 ], [ 85.924419387476121, 26.984511244380712 ], [ 85.924377390734207, 26.984612235132602 ], [ 85.924272401577355, 26.984713224085851 ], [ 85.923960439655389, 26.984877203655401 ], [ 85.923804458694406, 26.984955194135864 ], [ 85.923541489374088, 26.985188168224397 ], [ 85.923371508599814, 26.985311154700241 ], [ 85.923344511722064, 26.985356150695566 ], [ 85.923260517338861, 26.985594126837213 ], [ 85.923256515336618, 26.985732114975917 ], [ 85.923293509126097, 26.985768111412426 ], [ 85.923496480788231, 26.98581711030937 ], [ 85.923570469266451, 26.9859351019266 ], [ 85.923568467365953, 26.986003095495334 ], [ 85.92354147048826, 26.98603609177917 ], [ 85.92350247479834, 26.986070088113877 ], [ 85.923372490664178, 26.986114082259689 ], [ 85.923139520172981, 26.986200070449399 ], [ 85.92311052139479, 26.986335057535996 ], [ 85.923192505783561, 26.986580036731993 ], [ 85.92320250179597, 26.986681028383259 ], [ 85.923227498571919, 26.986706026058528 ], [ 85.923204500099132, 26.986736022189632 ], [ 85.923174503068708, 26.98677301867707 ], [ 85.923001528436998, 26.986662026516797 ], [ 85.922814553991998, 26.986660023716979 ], [ 85.922716566990061, 26.98666002191834 ], [ 85.922680574150888, 26.986567028875697 ], [ 85.922493601504527, 26.986403040312894 ], [ 85.922432610990029, 26.986321046031492 ], [ 85.92239961560557, 26.986310048169514 ], [ 85.922146646794261, 26.986475027789993 ], [ 85.921830681970732, 26.986740999061624 ], [ 85.921635705319829, 26.986862985486539 ], [ 85.921532719862114, 26.986882982007955 ], [ 85.921378740801572, 26.986867979445776 ], [ 85.921277754546281, 26.986819982398401 ], [ 85.921228762844009, 26.986749986929226 ], [ 85.921170773381562, 26.986578001556495 ], [ 85.921187775146223, 26.98642901645519 ], [ 85.921266764778295, 26.986362022937328 ], [ 85.921369752934027, 26.986329027552813 ], [ 85.921408748623946, 26.986295032117425 ], [ 85.921475742141808, 26.986194042264856 ], [ 85.921490741106652, 26.986127048746994 ], [ 85.921651725020126, 26.985889073504609 ], [ 85.921863701637051, 26.985654097515635 ], [ 85.921841707711792, 26.985516110276308 ], [ 85.921661739918363, 26.985133141142967 ], [ 85.921454775247241, 26.98478416924371 ], [ 85.921420781610493, 26.984646180205743 ], [ 85.921450781338933, 26.984475196682581 ], [ 85.921648759941149, 26.984296216349492 ], [ 85.921739748385392, 26.984240223391566 ], [ 85.921806741903254, 26.98413923263962 ], [ 85.921796744991525, 26.984046242294937 ], [ 85.921771749114953, 26.98401224416159 ], [ 85.92157077845394, 26.983916249167521 ], [ 85.921417799444328, 26.983877250779642 ], [ 85.920904865962029, 26.983934236593882 ], [ 85.920644898593082, 26.98404222230613 ], [ 85.92056590716237, 26.98412021278665 ], [ 85.920551908248399, 26.984166209732166 ], [ 85.92057490312385, 26.984258200925296 ], [ 85.9206938813021, 26.984537178254698 ], [ 85.92077986679385, 26.984677167394466 ], [ 85.920801861618429, 26.984768159435987 ], [ 85.920798858767739, 26.984905146624442 ], [ 85.920744865012296, 26.984973139293913 ], [ 85.920574884238022, 26.985118123292239 ], [ 85.920493891806188, 26.985255109581374 ], [ 85.920484886851398, 26.985528084806674 ], [ 85.920442891008804, 26.985665071995072 ], [ 85.920085933091514, 26.985875046711499 ], [ 85.920080929239703, 26.986098026586319 ], [ 85.920123914341332, 26.986483993174375 ], [ 85.920447852592304, 26.987372917916787 ], [ 85.920416851014295, 26.987672890019837 ], [ 85.920062889652456, 26.98803385173801 ], [ 85.919879911813723, 26.988140838298705 ], [ 85.919788922470161, 26.988193832003276 ], [ 85.918959026811478, 26.988516789089147 ], [ 85.91874305268891, 26.988637774563813 ], [ 85.918695057440232, 26.988663770491314 ], [ 85.918683047836112, 26.989203722435207 ], [ 85.919090983168303, 26.989691686121319 ], [ 85.918822000951991, 26.990508606299443 ], [ 85.919039932907992, 26.992309447961816 ], [ 85.919048893795718, 26.994063289030407 ], [ 85.919507809240713, 26.995188196108018 ], [ 85.920180706800409, 26.995801151767694 ], [ 85.920486648631709, 26.996575087743565 ], [ 85.920685847619836, 26.997252972967203 ], [ 85.920789586713056, 26.997605999029645 ], [ 85.921763416856322, 26.999506843983568 ], [ 85.921655423949403, 26.999809816239292 ], [ 85.921911377624895, 27.000372769353874 ], [ 85.921659371092801, 27.002217597967388 ], [ 85.9216143741981, 27.002359584510998 ], [ 85.921762354751877, 27.002394583594651 ], [ 85.921954326753394, 27.00249757804562 ], [ 85.922083307239348, 27.002599571546455 ], [ 85.922134299942797, 27.002645567592651 ], [ 85.922212285926662, 27.002781556528873 ], [ 85.922381254059417, 27.003193522641709 ], [ 85.922419247899768, 27.00327251587106 ], [ 85.922497234782952, 27.003399506147787 ], [ 85.922562224601734, 27.003490499088628 ], [ 85.922587220478306, 27.003524496322711 ], [ 85.922678205325269, 27.003660485258877 ], [ 85.922756190409814, 27.003843470292225 ], [ 85.922745185353222, 27.004118445619326 ], [ 85.922720186778633, 27.004290429193361 ], [ 85.922695188204045, 27.004382419487172 ], [ 85.922710179075011, 27.004702392608237 ], [ 85.922710177276372, 27.004772385379511 ], [ 85.922710176377052, 27.004795382952921 ], [ 85.922711172830645, 27.004982366391175 ], [ 85.92268717250829, 27.005126353036644 ], [ 85.922678173848851, 27.005137350898565 ], [ 85.922611180330989, 27.005218343330398 ], [ 85.922586181756401, 27.005311333675138 ], [ 85.922625173848985, 27.005449322713105 ], [ 85.922702161580617, 27.005551314415243 ], [ 85.92279214817529, 27.005619310681993 ], [ 85.922866136653511, 27.005666307678439 ], [ 85.922882134769964, 27.005676306388807 ], [ 85.922998117292138, 27.005756301467727 ], [ 85.923151095402432, 27.005834297344165 ], [ 85.923306073614526, 27.005892294900548 ], [ 85.923344066555558, 27.005982286891197 ], [ 85.923418053235139, 27.006168272077218 ], [ 85.923435049603825, 27.006211267970741 ], [ 85.923503035978001, 27.006448247658852 ], [ 85.923527030005005, 27.006532241142736 ], [ 85.923579020960688, 27.006670229281383 ], [ 85.923733994676184, 27.006944207255572 ], [ 85.923863970716354, 27.007229183091681 ], [ 85.924044940359352, 27.007549158011443 ], [ 85.924121927191607, 27.007651150612901 ], [ 85.924147924018428, 27.007685147846928 ], [ 85.924147923119108, 27.007733143095663 ], [ 85.924250905878864, 27.007846135357681 ], [ 85.924533863626664, 27.008074119084313 ], [ 85.92472683388047, 27.008278103387909 ], [ 85.924855812567728, 27.008440091848911 ], [ 85.925086777561205, 27.008633078290586 ], [ 85.925356740043242, 27.008780069585328 ], [ 85.925510718204407, 27.008826067430221 ], [ 85.925625702474349, 27.008825070077307 ], [ 85.92579168124638, 27.00877907672907 ], [ 85.92590566726409, 27.008721083669286 ], [ 85.926020652433351, 27.008674090270176 ], [ 85.926328611453698, 27.008719091661419 ], [ 85.926596575632573, 27.008717096056273 ], [ 85.926826545971096, 27.008705100841382 ], [ 85.927171500579504, 27.008669110700168 ], [ 85.927466461636129, 27.00863811901479 ], [ 85.9275044563758, 27.008634119710507 ], [ 85.927657438083372, 27.00859912512351 ], [ 85.92778442206486, 27.008530133302486 ], [ 85.927861412494394, 27.008483139903376 ], [ 85.927912406996484, 27.008449143568669 ], [ 85.927950402635474, 27.008414147183032 ], [ 85.928090384580685, 27.00837315318995 ], [ 85.92810238788951, 27.008161172076427 ], [ 85.928248380932018, 27.007582227140688 ], [ 85.928780325274033, 27.00687930017483 ], [ 85.929699220966427, 27.006070389397166 ], [ 85.931259017086234, 27.005925428781325 ], [ 85.932746816735687, 27.006046444833089 ], [ 85.935952389071133, 27.006133491529908 ], [ 85.938363054039485, 27.006795473965667 ], [ 85.938763996209957, 27.007049457217079 ], [ 85.940089806499088, 27.007655426010388 ], [ 85.940385764009307, 27.007862413164673 ], [ 85.940837697084476, 27.008163392513211 ], [ 85.942737421477773, 27.009229330761968 ], [ 85.944611150842888, 27.010208272676152 ], [ 85.944704594448069, 27.010338546393427 ], [ 85.945509738846965, 27.009776330726424 ], [ 85.946325845134766, 27.009112770872264 ], [ 85.947640312220642, 27.008452932430544 ], [ 85.948958916207744, 27.00734666569025 ], [ 85.950341863397909, 27.00601764300734 ], [ 85.952971182481349, 27.004642070293244 ], [ 85.95609569583479, 27.003604952756064 ], [ 85.957677497571069, 27.003315822032164 ], [ 85.957853546100239, 27.003130141717804 ], [ 85.957903542350095, 27.00295715899216 ], [ 85.957915544759544, 27.002808172991536 ], [ 85.957951547491348, 27.002466204146572 ], [ 85.958014542604303, 27.002328217806564 ], [ 85.958154526348096, 27.002156235131793 ], [ 85.958204522597953, 27.00205424612767 ], [ 85.958267516811532, 27.001940256512682 ], [ 85.958343510787529, 27.001767273787038 ], [ 85.958303521341975, 27.001493298510809 ], [ 85.958268530352314, 27.001310314376838 ], [ 85.95826453104803, 27.00128831595498 ], [ 85.958251533983628, 27.001242319908727 ], [ 85.958212540092347, 27.001220320587549 ], [ 85.958097556721782, 27.001092331159271 ], [ 85.95802056988947, 27.000990338557756 ], [ 85.95791659157544, 27.000649367965082 ], [ 85.957890595647939, 27.000570374735673 ], [ 85.957898597853784, 27.00043938605404 ], [ 85.957886599940935, 27.000391390805305 ], [ 85.957864606015733, 27.000287399001365 ], [ 85.957804616451483, 27.000149410862718 ], [ 85.957768622712933, 27.000068416632189 ], [ 85.957575656955783, 26.999696447159522 ], [ 85.957457679727725, 26.999362476023748 ], [ 85.957435684903146, 26.999269483880425 ], [ 85.957413690078624, 26.999131495741779 ], [ 85.957455687719857, 26.998994508553324 ], [ 85.95757667589254, 26.998814527269985 ], [ 85.957554681067961, 26.998676540030658 ], [ 85.957459699614731, 26.998434559188752 ], [ 85.957348717347031, 26.998293569998054 ], [ 85.95720073949127, 26.998152581706677 ], [ 85.956901785425657, 26.99790459786135 ], [ 85.956752807519024, 26.997738610995384 ], [ 85.956532845783443, 26.997412635770218 ], [ 85.956340880077164, 26.996995670302226 ], [ 85.956246896876223, 26.996742691598286 ], [ 85.956235900812885, 26.996649700354283 ], [ 85.956190910213536, 26.996453717357213 ], [ 85.956156918375427, 26.996315728319246 ], [ 85.956159920326797, 26.996222737075243 ], [ 85.956151925315567, 26.996039753840535 ], [ 85.956179923143509, 26.995949761849943 ], [ 85.956234917849201, 26.995857770656812 ], [ 85.956366902984485, 26.99568978908502 ], [ 85.956458893278239, 26.99561179770518 ], [ 85.957026822365549, 26.995407825092798 ], [ 85.957322784372366, 26.995312839142969 ], [ 85.957621750129249, 26.995125861999952 ], [ 85.957715739625485, 26.994990874913356 ], [ 85.957798733957816, 26.994763896633572 ], [ 85.957817735824278, 26.99458091429824 ], [ 85.957808739862799, 26.994443926210465 ], [ 85.957705762498961, 26.994027961692666 ], [ 85.957623778110133, 26.99379698141064 ], [ 85.957514795944292, 26.99358899870208 ], [ 85.957443810316761, 26.993403013516058 ], [ 85.957370823688109, 26.99326302527561 ], [ 85.957252841963395, 26.99311703583038 ], [ 85.957349828914403, 26.993125036237643 ], [ 85.957540802663686, 26.993153037662864 ], [ 85.957577797352485, 26.993176037034971 ], [ 85.957651785830706, 26.993260031418174 ], [ 85.957660781792185, 26.993398017758182 ], [ 85.957696774631415, 26.99348801064815 ], [ 85.957771764059885, 26.993536006796205 ], [ 85.957849755439668, 26.993472014330337 ], [ 85.957891751282318, 26.993368024325093 ], [ 85.95789575418388, 26.993230037085709 ], [ 85.957871758358181, 26.993163043567847 ], [ 85.957892761225764, 26.992910064863963 ], [ 85.957845770524614, 26.992772077624636 ], [ 85.957587813150042, 26.992420105572648 ], [ 85.95745183410645, 26.992279115482631 ], [ 85.957241866584639, 26.992034133588675 ], [ 85.957066892750447, 26.991904142259898 ], [ 85.956915914741955, 26.991820146977375 ], [ 85.956374992425026, 26.991554162215834 ], [ 85.956323998822256, 26.991542163403608 ], [ 85.956272005168614, 26.991573158686322 ], [ 85.956270003268116, 26.991666149930325 ], [ 85.956376983533517, 26.991933128447556 ], [ 85.956470965835194, 26.99220910382553 ], [ 85.956566948238674, 26.992395089910872 ], [ 85.956701927231336, 26.992572075538135 ], [ 85.956837905375608, 26.99273506315069 ], [ 85.956898895890106, 26.992828056193332 ], [ 85.956916891410401, 26.992912047878576 ], [ 85.956845901286215, 26.992895049711251 ], [ 85.956466953940378, 26.992760054530663 ], [ 85.956354971621749, 26.992677060198332 ], [ 85.956193994902947, 26.992512073383296 ], [ 85.956034020932975, 26.992289089911196 ], [ 85.955865051001524, 26.991965115687208 ], [ 85.955642085515933, 26.991731133453811 ], [ 85.955468111732671, 26.991588142362673 ], [ 85.955243145245959, 26.991410154885898 ], [ 85.955055171649349, 26.991303162029908 ], [ 85.954752215581493, 26.991170169649138 ], [ 85.95451324928149, 26.991060173942458 ], [ 85.954399265961797, 26.99101117774353 ], [ 85.954098310895063, 26.99083318756874 ], [ 85.953874344459223, 26.990631202467625 ], [ 85.953863347496622, 26.990585206421429 ], [ 85.953805358933494, 26.990389223424359 ], [ 85.953921353146939, 26.989918266898826 ], [ 85.95395035192513, 26.989796278675271 ], [ 85.954020347394362, 26.989616295593294 ], [ 85.954002354572026, 26.989352319926809 ], [ 85.953965359883284, 26.9893163234903 ], [ 85.953929367044054, 26.989223330447601 ], [ 85.953918370980773, 26.98915533597949 ], [ 85.9539613650756, 26.989150336624334 ], [ 85.95384238599803, 26.988927355850194 ], [ 85.953773396875022, 26.988792366065582 ], [ 85.953695408193141, 26.98875236942547 ], [ 85.953203473081885, 26.988749361178805 ], [ 85.952844523156728, 26.988652363435904 ], [ 85.952564563762962, 26.988524369510969 ], [ 85.952209641920604, 26.987074494453736 ], [ 85.951714721045789, 26.986433544563397 ], [ 85.951245795199156, 26.985942580724554 ], [ 85.950983831325743, 26.985838584423959 ], [ 85.950967838605209, 26.985602605686097 ], [ 85.950902848786484, 26.985550610233759 ], [ 85.950860859239128, 26.98534562677861 ], [ 85.950871862497024, 26.985086651366601 ], [ 85.950934856710603, 26.984961662990315 ], [ 85.951087846512166, 26.984513705836889 ], [ 85.951106846579989, 26.984380718852094 ], [ 85.950880882740364, 26.984142736415095 ], [ 85.950754911400395, 26.983544787814196 ], [ 85.950605933493705, 26.983424796095164 ], [ 85.950307973183726, 26.983422791496707 ], [ 85.95011500023196, 26.983358792735601 ], [ 85.94977005101947, 26.983163804393484 ], [ 85.949640070482644, 26.982996818375966 ], [ 85.94962407596347, 26.982847831476022 ], [ 85.949627082411439, 26.982556858032467 ], [ 85.949497103673252, 26.982398869775068 ], [ 85.949269135235227, 26.982294875273169 ], [ 85.949043169596905, 26.982103888933295 ], [ 85.948806201600064, 26.982101884334838 ], [ 85.948674217364101, 26.982140879125438 ], [ 85.948551234485649, 26.982107879244325 ], [ 85.948413258038215, 26.98187889726546 ], [ 85.948300274769394, 26.981775904613073 ], [ 85.948088302649126, 26.981829896569877 ], [ 85.947984318039801, 26.981749902390277 ], [ 85.94780633775764, 26.981929882774239 ], [ 85.947640360784249, 26.981896882893125 ], [ 85.947308407736841, 26.981760889460304 ], [ 85.947081441148384, 26.981593900744826 ], [ 85.946906466414873, 26.981466908669461 ], [ 85.946556515149211, 26.981369911825823 ], [ 85.946005603115111, 26.980747957506651 ], [ 85.945721645316439, 26.980500975510893 ] ] ] ] } },
{ "type": "Feature", "properties": { "OBJECTID": 770, "Name": "Laligurans", "code": "DNS/MB/75/04", "regime": "CF", "area_ha": 198.67514372700001 }, "geometry": { "type": "MultiPolygon", "coordinates": [ [ [ [ 86.197204899882365, 26.906373037850699 ], [ 86.197201899729635, 26.906401034779321 ], [ 86.197200897880066, 26.906485027363885 ], [ 86.197176898457087, 26.90660601643583 ], [ 86.197019907552601, 26.907127966564133 ], [ 86.197036903921344, 26.907190961677031 ], [ 86.196976909860439, 26.907316948305549 ], [ 86.19697590711155, 26.907459935799409 ], [ 86.196956905245088, 26.907659917201443 ], [ 86.196973900714454, 26.907754909446567 ], [ 86.197090880589599, 26.907960892952644 ], [ 86.197082876585057, 26.908166873760763 ], [ 86.197140864248865, 26.908382855077889 ], [ 86.197437815514661, 26.90880682270091 ], [ 86.19747480930414, 26.908877817321695 ], [ 86.197801757600359, 26.909254788847591 ], [ 86.198000727260251, 26.90945077454262 ], [ 86.198264690336202, 26.909541771080796 ], [ 86.198640639328005, 26.909575773710799 ], [ 86.19888760783391, 26.909587777918944 ], [ 86.1991345736418, 26.909583782211939 ], [ 86.19943453315426, 26.909674778750116 ], [ 86.19984547673306, 26.909782777052953 ], [ 86.200148437297514, 26.909713787929945 ], [ 86.200840339421632, 26.910007774116764 ], [ 86.201434259040468, 26.910068778121115 ], [ 86.20170022671482, 26.909906797754104 ], [ 86.202020172856123, 26.910456753804226 ], [ 86.202186129144991, 26.911462667415037 ], [ 86.202448085823846, 26.911875633578802 ], [ 86.202914476469459, 26.912020403537497 ], [ 86.203797897334653, 26.912294620732439 ], [ 86.204872751504865, 26.912453625228636 ], [ 86.205123728308251, 26.911990670009686 ], [ 86.205976624238417, 26.91156572302026 ], [ 86.206664550440735, 26.910793806032075 ], [ 86.206899518335774, 26.910826805913189 ], [ 86.207211476660405, 26.910833810766121 ], [ 86.207393451750249, 26.910840812921094 ], [ 86.207546432558502, 26.910872813650656 ], [ 86.208044360780605, 26.911097801721155 ], [ 86.208223334818399, 26.911216794288634 ], [ 86.208433303239531, 26.911381782902367 ], [ 86.208578277345339, 26.911672759943258 ], [ 86.208565274884961, 26.911846743619094 ], [ 86.208500281468901, 26.911961732385635 ], [ 86.208388294653673, 26.912008726684121 ], [ 86.208329302442337, 26.912008725784801 ], [ 86.208188322244894, 26.911986724664985 ], [ 86.208053340554216, 26.911985721916096 ], [ 86.207917358812665, 26.911990718573293 ], [ 86.207682388219609, 26.912046710631898 ], [ 86.207357429233241, 26.912150694341904 ], [ 86.207275439448495, 26.91219768953971 ], [ 86.20719244781418, 26.912270681564337 ], [ 86.207144453464764, 26.912318675913696 ], [ 86.207115457384589, 26.912318675913696 ], [ 86.207020466938104, 26.912433663780917 ], [ 86.20702546449462, 26.912523655771565 ], [ 86.207095453668558, 26.912618648016746 ], [ 86.207454406291674, 26.912573659216037 ], [ 86.207654380499093, 26.912563663203628 ], [ 86.207807359508706, 26.912575664713813 ], [ 86.20787235112607, 26.912617662355046 ], [ 86.207871348377239, 26.912717653056063 ], [ 86.207773356878704, 26.912893635035061 ], [ 86.207625375425607, 26.913003623547127 ], [ 86.207507390103615, 26.913050616046974 ], [ 86.207329409821455, 26.913228598127773 ], [ 86.207175425364994, 26.913391581243729 ], [ 86.20705643729417, 26.913596560202279 ], [ 86.2070144405522, 26.913675551632991 ], [ 86.20701443965288, 26.913712548120429 ], [ 86.207061433052047, 26.913786542893945 ], [ 86.206913450699631, 26.913848534358635 ], [ 86.20667047790073, 26.914084508599842 ], [ 86.206557488336614, 26.914284489102556 ], [ 86.20632251234764, 26.914602456725845 ], [ 86.20625751803226, 26.914728444253683 ], [ 86.20639149607473, 26.914940426266583 ], [ 86.206572469315006, 26.915104415728706 ], [ 86.206818432374007, 26.915253406225929 ], [ 86.206947413759281, 26.915333401304849 ], [ 86.207091385116144, 26.915761365534138 ], [ 86.207272349363166, 26.916313318988159 ], [ 86.207482315086338, 26.916599296673837 ], [ 86.207564301273806, 26.916726286950563 ], [ 86.207727278993787, 26.916797283369988 ], [ 86.207760275277565, 26.916755287527394 ], [ 86.208123226305645, 26.916778292295476 ], [ 86.208234211271304, 26.916800292515973 ], [ 86.208289205077676, 26.916808291124539 ], [ 86.208400190942655, 26.916744300457367 ], [ 86.208480182424239, 26.916667308229137 ], [ 86.208537181728389, 26.916327339485974 ], [ 86.208665167559388, 26.916187354842805 ], [ 86.208926135878585, 26.916061370012926 ], [ 86.209211100023424, 26.915991381738309 ], [ 86.209338084904232, 26.915914390409398 ], [ 86.209438072907233, 26.915819401761553 ], [ 86.209438075605192, 26.915685412927189 ], [ 86.20928210183888, 26.915464430456211 ], [ 86.20907013331589, 26.915279443522422 ], [ 86.20893715352571, 26.91514445283849 ], [ 86.208717188192793, 26.914930468925206 ], [ 86.208482226593048, 26.914638490934124 ], [ 86.208451231310391, 26.914546498841673 ], [ 86.208523225082729, 26.91442651071992 ], [ 86.208666207180613, 26.914356519747287 ], [ 86.208824188243398, 26.914265530403725 ], [ 86.208979170052828, 26.914170542655256 ], [ 86.209193144972858, 26.914030558012087 ], [ 86.209520110356323, 26.913607603030528 ], [ 86.209608102245113, 26.913480614552441 ], [ 86.209679093268619, 26.913416622086629 ], [ 86.209879072872013, 26.913155649270834 ], [ 86.21011804816527, 26.91286667862704 ], [ 86.210229034929569, 26.912740691998522 ], [ 86.210380017434716, 26.912634704589379 ], [ 86.210605992066235, 26.912434726784682 ], [ 86.210828967444399, 26.912194752339815 ], [ 86.21108393905547, 26.911976775417543 ], [ 86.211408899840478, 26.911801797086753 ], [ 86.211495888980437, 26.911752803585784 ], [ 86.211712871247812, 26.911257852133872 ], [ 86.211824861660318, 26.911003876077075 ], [ 86.212445806035987, 26.909743001647144 ], [ 86.212613793003754, 26.909383036382508 ], [ 86.212681786572546, 26.909231051128529 ], [ 86.213411700523523, 26.908761106345196 ], [ 86.213824652298058, 26.90847314024893 ], [ 86.21388864476387, 26.908409145984422 ], [ 86.214128621906696, 26.907993187761917 ], [ 86.214525575564778, 26.907719220579679 ], [ 86.214878534177728, 26.90747724783165 ], [ 86.215044514748399, 26.907378259879522 ], [ 86.215481465046651, 26.906991302233848 ], [ 86.215675451539198, 26.906433355669037 ], [ 86.215693456052747, 26.90611438439754 ], [ 86.215706459412445, 26.905877406508068 ], [ 86.215210553775307, 26.904593513820146 ], [ 86.21503558803505, 26.904107553833114 ], [ 86.215524542778837, 26.903125650437232 ], [ 86.215664530119966, 26.902860677417834 ], [ 86.216838390228872, 26.902187757375032 ], [ 86.21763928890806, 26.901952793976591 ], [ 86.217453320809227, 26.901638817563594 ], [ 86.217197363536457, 26.901208852333184 ], [ 86.216959402683301, 26.900850880875112 ], [ 86.216798428662457, 26.900642896367913 ], [ 86.216915422926775, 26.900214936635223 ], [ 86.216909425319329, 26.900114945034886 ], [ 86.21690342951058, 26.900008955827104 ], [ 86.216878433633951, 26.899941960510603 ], [ 86.216822442474665, 26.899861967230322 ], [ 86.21676645131538, 26.899800972219225 ], [ 86.216773451671713, 26.899723979091675 ], [ 86.216702466044183, 26.899551992819625 ], [ 86.216702468742142, 26.89941500473185 ], [ 86.216741466230701, 26.899311016525246 ], [ 86.216895449787842, 26.899118036378866 ], [ 86.216921448413359, 26.899014045474246 ], [ 86.21706243490604, 26.898776068433222 ], [ 86.217165424860468, 26.898571090373991 ], [ 86.21716642581066, 26.898535093038106 ], [ 86.217229420024239, 26.898434103185537 ], [ 86.217307415900677, 26.898159129657074 ], [ 86.217308419548885, 26.89798714518372 ], [ 86.217311431392829, 26.897450193392558 ], [ 86.217304432835192, 26.897385198177858 ], [ 86.217286439113536, 26.897209214400164 ], [ 86.217173462140067, 26.896831246420732 ], [ 86.217124476733034, 26.896488276625519 ], [ 86.217138477445644, 26.896350289386191 ], [ 86.217176475782651, 26.896213302197737 ], [ 86.217241468299392, 26.896112312345167 ], [ 86.217332464837568, 26.895736348064759 ], [ 86.217359470708573, 26.895289388264302 ], [ 86.21732248051643, 26.895047409220979 ], [ 86.217272491461188, 26.894912420335686 ], [ 86.217006535478049, 26.894508451932097 ], [ 86.216841560354226, 26.894347463522024 ], [ 86.216638589591412, 26.89424547002119 ], [ 86.216434616979086, 26.894221468799572 ], [ 86.216251642737689, 26.894148471378969 ], [ 86.216231645316952, 26.894139471820154 ], [ 86.216052672178478, 26.894000481831938 ], [ 86.215913694780795, 26.893850493082482 ], [ 86.215862701178082, 26.893827493710376 ], [ 86.21578671259806, 26.893804494338269 ], [ 86.215748716959013, 26.893827491911736 ], [ 86.215722719232872, 26.893863488348245 ], [ 86.215696719708092, 26.893998475434898 ], [ 86.215757703027919, 26.894411439799967 ], [ 86.215755692134223, 26.894914393457725 ], [ 86.215420722746217, 26.89555333065573 ], [ 86.215254739477587, 26.89575830961428 ], [ 86.215215742888347, 26.895850299908034 ], [ 86.214856779473337, 26.896385246201419 ], [ 86.214843779710918, 26.896430241297423 ], [ 86.214748787465794, 26.896640221409825 ], [ 86.214740788857227, 26.89665821962808 ], [ 86.214726786345921, 26.896795206816535 ], [ 86.214764778387632, 26.896933194955182 ], [ 86.214827769003875, 26.897026187997881 ], [ 86.214852761283169, 26.89723116965439 ], [ 86.214838761469878, 26.897333159557888 ], [ 86.214850756684768, 26.897471147696535 ], [ 86.214876750813573, 26.897541141367128 ], [ 86.214977736169544, 26.897643134867906 ], [ 86.215192706643847, 26.897698133170877 ], [ 86.21523269968668, 26.897737130659436 ], [ 86.215333685042651, 26.897782128453457 ], [ 86.215588651257747, 26.897806131473772 ], [ 86.215690637563966, 26.897807133323283 ], [ 86.215715632541219, 26.897888125755117 ], [ 86.215771624599824, 26.897938122004973 ], [ 86.215791621121241, 26.897957121173476 ], [ 86.215842612026051, 26.898049112366607 ], [ 86.215854609039582, 26.898140105307448 ], [ 86.215789612026185, 26.89841507973523 ], [ 86.215712617099996, 26.898597061120313 ], [ 86.215672616862548, 26.898872036447415 ], [ 86.215621621461139, 26.899007022634748 ], [ 86.215469635307784, 26.899209002339944 ], [ 86.215349648984727, 26.899354986389199 ], [ 86.215159668091701, 26.89961196080003 ], [ 86.215043679274231, 26.899838939079814 ], [ 86.21490269368087, 26.89999792109279 ], [ 86.214799705525138, 26.900112908960011 ], [ 86.214646722918189, 26.900249895249146 ], [ 86.214492741159688, 26.90032788483029 ], [ 86.214288767647986, 26.900396874852675 ], [ 86.214033799634251, 26.900428867488301 ], [ 86.213773834063943, 26.900404865367307 ], [ 86.213536866966422, 26.900380863246312 ], [ 86.213383887057432, 26.900345864162716 ], [ 86.213179915344426, 26.900333860853891 ], [ 86.213026936334813, 26.900296861668494 ], [ 86.212925950978843, 26.900250864722977 ], [ 86.212848962347948, 26.900194867268397 ], [ 86.212659992297745, 26.899906889480917 ], [ 86.2124690203471, 26.89980389592921 ], [ 86.212354036976478, 26.899767896794685 ], [ 86.212291045460915, 26.899710901087872 ], [ 86.212228057542575, 26.899606910183252 ], [ 86.21217806758807, 26.899434923911201 ], [ 86.212178070286029, 26.899298936773675 ], [ 86.21218407418877, 26.899098955371642 ], [ 86.212360061563743, 26.898614000831458 ], [ 86.21240006270051, 26.898306030119898 ], [ 86.21238806748562, 26.898134045646486 ], [ 86.212427066772818, 26.897963061224004 ], [ 86.212428069521707, 26.89781407432406 ], [ 86.212389075630483, 26.89779107675065 ], [ 86.212287088424944, 26.897824072135109 ], [ 86.211776149648529, 26.898108036229075 ], [ 86.211252212009015, 26.898447996878303 ], [ 86.210945248542941, 26.898594977381208 ], [ 86.210921252717242, 26.898603976939967 ], [ 86.210833262627034, 26.898634972222681 ], [ 86.210817264510581, 26.898639971577836 ], [ 86.210421313601387, 26.898797950841981 ], [ 86.210166347386291, 26.898818944716311 ], [ 86.210088357805148, 26.89880494490302 ], [ 86.210106357822042, 26.898684955881947 ], [ 86.209963375724158, 26.898783943834076 ], [ 86.209350449742203, 26.899066907877113 ], [ 86.208839513663747, 26.899235884103859 ], [ 86.208481558393601, 26.899404862129302 ], [ 86.208328576685972, 26.899448856275058 ], [ 86.208238588292659, 26.899459853237659 ], [ 86.208148598999969, 26.899511846891301 ], [ 86.208098605448129, 26.899540842971533 ], [ 86.207997617394199, 26.899629833112613 ], [ 86.207688653826324, 26.899810811748807 ], [ 86.207446683776311, 26.899935796527814 ], [ 86.207267703443222, 26.90008378067887 ], [ 86.207126720547819, 26.900150771498716 ], [ 86.207003734071975, 26.900247761147739 ], [ 86.20690874542413, 26.900321752323919 ], [ 86.206832754146149, 26.900368746622405 ], [ 86.206704770113788, 26.900457736763485 ], [ 86.206421801574095, 26.900740705303178 ], [ 86.206396804798146, 26.900765702978447 ], [ 86.205909855552136, 26.901391638615394 ], [ 86.205854859947124, 26.901508627483736 ], [ 86.205844861236756, 26.901529624955401 ], [ 86.205511894648566, 26.901962580445911 ], [ 86.205421906255253, 26.90205257063792 ], [ 86.205152932132876, 26.90243953098161 ], [ 86.204588993356595, 26.903054466058563 ], [ 86.204384017096004, 26.903236445645064 ], [ 86.203961064812461, 26.903669398437614 ], [ 86.203833078082141, 26.903772388391985 ], [ 86.20376908471701, 26.903850378872505 ], [ 86.203563108405547, 26.90403435856075 ], [ 86.203308136794419, 26.904261334142518 ], [ 86.203129157360706, 26.904395319379603 ], [ 86.202796197967132, 26.904601293892426 ], [ 86.202337253743679, 26.904826266674434 ], [ 86.202132278382408, 26.904906256357378 ], [ 86.201774322212884, 26.905098232855551 ], [ 86.200752448257333, 26.905528176502173 ], [ 86.200331498773608, 26.905787145618888 ], [ 86.200280504271518, 26.905798143480808 ], [ 86.200241508581598, 26.905846138729487 ], [ 86.199806561982484, 26.906094109084961 ], [ 86.199717570942084, 26.906161099904807 ], [ 86.199555590575017, 26.906248089944086 ], [ 86.199464602130774, 26.906297083445054 ], [ 86.199359614772561, 26.906355076504781 ], [ 86.199248628907583, 26.906391072042027 ], [ 86.199243629552427, 26.906387071838424 ], [ 86.199173634982515, 26.906542057245076 ], [ 86.19911664287298, 26.906525057279111 ], [ 86.198659708643959, 26.906293069751541 ], [ 86.198493732569887, 26.906224073433918 ], [ 86.198367749538704, 26.906167075928408 ], [ 86.198356751676783, 26.906162076573253 ], [ 86.198290760907753, 26.906132077744132 ], [ 86.198087791943635, 26.905960090572819 ], [ 86.198036798340866, 26.905935091098911 ], [ 86.197985805637416, 26.905946088960832 ], [ 86.197895816344783, 26.906004082919878 ], [ 86.197639845582103, 26.906219058790157 ], [ 86.197282889463509, 26.906366039293005 ], [ 86.197213899441124, 26.90637203779977 ], [ 86.197204899882365, 26.906373037850699 ] ] ] ] } },
{ "type": "Feature", "properties": { "OBJECTID": 771, "Name": "Mahila Chautari", "code": "DNS/DR/70/03", "regime": "CF", "area_ha": 5.8544073074499998 }, "geometry": { "type": "MultiPolygon", "coordinates": [ [ [ [ 86.034349033224885, 26.927302312677455 ], [ 86.034491021567192, 26.926989342610682 ], [ 86.03452801805463, 26.926913350433324 ], [ 86.034681001560841, 26.926774364941764 ], [ 86.034913972951415, 26.926617383030532 ], [ 86.034936970524882, 26.926602384965008 ], [ 86.035089950433814, 26.926558392617892 ], [ 86.035191939437937, 26.926488400745939 ], [ 86.035306926405895, 26.926374412929647 ], [ 86.035319925268936, 26.926326416781592 ], [ 86.034959979789562, 26.926047434955592 ], [ 86.03467502553724, 26.925683463192115 ], [ 86.034300085589621, 26.925203500812529 ], [ 86.034218098502834, 26.92509950810927 ], [ 86.033822145795, 26.925332480399163 ], [ 86.033781440485654, 26.925619709047794 ], [ 86.03386839275322, 26.925834302704345 ], [ 86.033710424281026, 26.926069152787647 ], [ 86.033602456555286, 26.926155796586272 ], [ 86.033347459763093, 26.926337552240454 ], [ 86.033200204965681, 26.926458878559856 ], [ 86.033043126826556, 26.926588875284551 ], [ 86.032953983799985, 26.926754291078282 ], [ 86.032806430426263, 26.926910567917616 ], [ 86.032725840892624, 26.927215853240739 ], [ 86.032713633436742, 26.927504130503905 ], [ 86.032672482061571, 26.927757256697305 ], [ 86.03262217914147, 26.927940413501915 ], [ 86.032511374940384, 26.928153454921244 ], [ 86.032603242925802, 26.928366186072935 ], [ 86.032623234051243, 26.928606165014401 ], [ 86.032625234153045, 26.928606165014401 ], [ 86.032664228943645, 26.928561169918396 ], [ 86.032664228943645, 26.92855617056324 ], [ 86.033119157674946, 26.929111127767214 ], [ 86.033247130915356, 26.929537090995439 ], [ 86.03341210424054, 26.929749075706241 ], [ 86.033478098606793, 26.929638086243983 ], [ 86.03363108571034, 26.92927112242171 ], [ 86.033721083996284, 26.928812165607724 ], [ 86.033798079821793, 26.928526191519325 ], [ 86.033798080721169, 26.928480196372448 ], [ 86.033914072236598, 26.928161226899533 ], [ 86.034093057066286, 26.927794263976637 ], [ 86.034183048157615, 26.927621281250993 ], [ 86.034259043032932, 26.92743929806727 ], [ 86.034336035261163, 26.927313311438752 ], [ 86.034349033224885, 26.927302312677455 ] ] ] ] } },
{ "type": "Feature", "properties": { "OBJECTID": 772, "Name": "Maltole", "code": "DNS/MA/44/01", "regime": "CF", "area_ha": 996.12994592699999 }, "geometry": { "type": "MultiPolygon", "coordinates": [ [ [ [ 86.047447635191986, 26.957512349460842 ], [ 86.04854445271036, 26.954892843826542 ], [ 86.048955112102021, 26.952531393593404 ], [ 86.048874319320589, 26.950516883681303 ], [ 86.04868921547444, 26.949289742982785 ], [ 86.047616014266055, 26.949107373987999 ], [ 86.046042011487827, 26.949076551375981 ], [ 86.045991018784434, 26.949041554091025 ], [ 86.045762053892759, 26.948880565680952 ], [ 86.045417101082933, 26.948731572485713 ], [ 86.045290120698837, 26.948639578594623 ], [ 86.045265124822208, 26.948569583125391 ], [ 86.045303122259895, 26.948455594409722 ], [ 86.045469103729886, 26.948329609579844 ], [ 86.045597089560886, 26.948204622102935 ], [ 86.045597090460205, 26.948170626667547 ], [ 86.045801068468506, 26.947919652562064 ], [ 86.046134031459417, 26.94762168415815 ], [ 86.046338007669078, 26.947437705369225 ], [ 86.046351007431497, 26.947358713039193 ], [ 86.046313013591146, 26.94731371524523 ], [ 86.046262020887696, 26.9473127151943 ], [ 86.045956059271191, 26.947414700601144 ], [ 86.045547109498898, 26.947608676301797 ], [ 86.045343133289236, 26.947710663507337 ], [ 86.045177155416525, 26.947768655667744 ], [ 86.044870191950451, 26.947906636611776 ], [ 86.044615223936717, 26.947974626583232 ], [ 86.044360258620884, 26.947972622884151 ], [ 86.044105292405789, 26.947961619626255 ], [ 86.043901320692726, 26.947926617844644 ], [ 86.04364635357831, 26.947938613059534 ], [ 86.043237407403353, 26.947949604626217 ], [ 86.042727474073786, 26.948029588013867 ], [ 86.042510502598304, 26.948009586096475 ], [ 86.0422935320222, 26.947992585231134 ], [ 86.042255539081168, 26.947856596294969 ], [ 86.042332534007414, 26.947683612670005 ], [ 86.042345535568472, 26.947545626329998 ], [ 86.042332538504013, 26.947478631013496 ], [ 86.042205559918557, 26.947271647456489 ], [ 86.04208757909322, 26.947059664544327 ], [ 86.041824625960771, 26.946583703267663 ], [ 86.041735642114986, 26.946309726192794 ], [ 86.041710649835693, 26.94608374706462 ], [ 86.041724667635492, 26.945233823408046 ], [ 86.04173766919655, 26.94507083849345 ], [ 86.04173767099519, 26.944958848980264 ], [ 86.041636686538595, 26.944887852560839 ], [ 86.041533699282184, 26.944900850524562 ], [ 86.041380718473931, 26.944980840207563 ], [ 86.04112574956082, 26.945071827752429 ], [ 86.040857784482625, 26.945128818063324 ], [ 86.040806791779175, 26.945127817113075 ], [ 86.040408844365516, 26.945109811700206 ], [ 86.040296860248247, 26.945104810546354 ], [ 86.040091887584992, 26.94506880961319 ], [ 86.039773931652917, 26.94498981098792 ], [ 86.039632951455474, 26.944930814279928 ], [ 86.03951897083374, 26.944760828109679 ], [ 86.039480978792085, 26.944588843636325 ], [ 86.039480982389364, 26.944450854598301 ], [ 86.039506980115505, 26.94434786464393 ], [ 86.039634966845824, 26.944199881392194 ], [ 86.039736956749323, 26.944060895001257 ], [ 86.0397829518962, 26.943970903010666 ], [ 86.039864944378962, 26.943810919148063 ], [ 86.040044929259579, 26.94343295656455 ], [ 86.040057930820637, 26.943272971802685 ], [ 86.040057932619277, 26.943202978132092 ], [ 86.040019939678245, 26.943098986328152 ], [ 86.039956955357297, 26.942755016482067 ], [ 86.039917962365337, 26.942654024830802 ], [ 86.039816979707382, 26.942481038507879 ], [ 86.03972799496222, 26.942332050708615 ], [ 86.03956202338486, 26.942058071835106 ], [ 86.039295069149432, 26.941542114817651 ], [ 86.039206085303647, 26.941392126967457 ], [ 86.03904111287784, 26.94108215075812 ], [ 86.038939130168956, 26.940946160922579 ], [ 86.038837146560752, 26.940834170510072 ], [ 86.038581185690703, 26.940555190482769 ], [ 86.038570186929405, 26.940544191721472 ], [ 86.038494199248703, 26.940439199866603 ], [ 86.038074266003719, 26.939958235637448 ], [ 86.037921288792745, 26.939810246989794 ], [ 86.037628333233897, 26.939569262601424 ], [ 86.037488353986703, 26.939476269558781 ], [ 86.037233389570247, 26.939373273309116 ], [ 86.037029419655823, 26.939258280945239 ], [ 86.03691643638706, 26.939185285323276 ], [ 86.036609481014921, 26.938982297473274 ], [ 86.036265530953983, 26.938788310081407 ], [ 86.036099554879968, 26.938697315341869 ], [ 86.035641622398657, 26.938409333057734 ], [ 86.035539636092437, 26.93836433616309 ], [ 86.03525867754712, 26.938170348771223 ], [ 86.034596773352803, 26.937813369270089 ], [ 86.034367804863848, 26.937735371595011 ], [ 86.034303814196676, 26.937735370695691 ], [ 86.034265817658309, 26.937779366640086 ], [ 86.034265816758989, 26.93782536178702 ], [ 86.034251816046378, 26.937951350214178 ], [ 86.034188823631439, 26.9379643481779 ], [ 86.034124830266251, 26.938089335654865 ], [ 86.034124830266251, 26.938090335705738 ], [ 86.034124829366931, 26.938108333924049 ], [ 86.034136820984543, 26.938456302175098 ], [ 86.034161814163156, 26.938593291162192 ], [ 86.034148813501417, 26.938684282304393 ], [ 86.03417380847867, 26.938776275296163 ], [ 86.034288790050653, 26.9389262631463 ], [ 86.03440276887369, 26.939200240221169 ], [ 86.034402767075051, 26.939292232313619 ], [ 86.034364768738101, 26.939430218653627 ], [ 86.034325771249542, 26.939590203415548 ], [ 86.034314772488244, 26.939594203619151 ], [ 86.034274777646772, 26.939612200938086 ], [ 86.034263777986155, 26.939617200293242 ], [ 86.034188786759046, 26.939656195983162 ], [ 86.03415979157819, 26.939647195525026 ], [ 86.034121798637159, 26.93957720185449 ], [ 86.03418579290161, 26.939395218670711 ], [ 86.03418879395366, 26.939349223523834 ], [ 86.03413180903874, 26.939041250114258 ], [ 86.034046821799279, 26.938913260685922 ], [ 86.034008828858248, 26.938811268084464 ], [ 86.034008831556207, 26.938707278079164 ], [ 86.034008838750822, 26.938378308097299 ], [ 86.034008839650141, 26.938342310761414 ], [ 86.033997853479434, 26.93775736372163 ], [ 86.03399785797609, 26.93756138072456 ], [ 86.033858885974382, 26.937116418327889 ], [ 86.033781900041447, 26.936944432955158 ], [ 86.033629927378001, 26.936633458493532 ], [ 86.033540944431536, 26.936360481469592 ], [ 86.033541947180424, 26.936222494230265 ], [ 86.033579945517431, 26.936051509807783 ], [ 86.033605949538867, 26.935742538145973 ], [ 86.033644949725385, 26.935501560952218 ], [ 86.033657952185763, 26.935271580721121 ], [ 86.033665951693649, 26.935259582808271 ], [ 86.033695948724073, 26.935214587712267 ], [ 86.033760953831404, 26.934597644439521 ], [ 86.033786955154881, 26.934378663868983 ], [ 86.033787964199007, 26.933931704068527 ], [ 86.033762972819034, 26.933726722411961 ], [ 86.033744979097435, 26.933552737836806 ], [ 86.033724985273977, 26.933358755840857 ], [ 86.033624005313982, 26.933016784297877 ], [ 86.0333450549644, 26.932466829147074 ], [ 86.033269068183017, 26.932316841296881 ], [ 86.033065104563946, 26.931904875184046 ], [ 86.032900135735417, 26.931434914212787 ], [ 86.032748163971291, 26.931090942568062 ], [ 86.032596193106542, 26.930678977354546 ], [ 86.032532206036649, 26.930472994747788 ], [ 86.032482216082144, 26.93029001061376 ], [ 86.032444223141113, 26.930245013719116 ], [ 86.032392229487471, 26.930233014007626 ], [ 86.032239249578481, 26.930277008153382 ], [ 86.03198427976605, 26.930392992474253 ], [ 86.031908287588749, 26.930484983667327 ], [ 86.031894285976762, 26.930667966002659 ], [ 86.031933278968722, 26.930757958892627 ], [ 86.032111251156948, 26.930975942110251 ], [ 86.03214924409798, 26.931068935152894 ], [ 86.032136243436241, 26.931158925344903 ], [ 86.032020256417411, 26.931261915299274 ], [ 86.031995260540839, 26.931263914501756 ], [ 86.031957266700488, 26.93120491869314 ], [ 86.031970267362226, 26.931066931453813 ], [ 86.031920278306984, 26.930895947031331 ], [ 86.031716311989896, 26.930552972739463 ], [ 86.031691317012644, 26.930482979968247 ], [ 86.031691319710603, 26.930381988316981 ], [ 86.031793309614102, 26.930220004352634 ], [ 86.031896297769833, 26.9301280149582 ], [ 86.031972288148495, 26.930106018334925 ], [ 86.032189259623976, 26.930094023120091 ], [ 86.032202258487018, 26.930060026785384 ], [ 86.032202259386338, 26.930027028702909 ], [ 86.032100274878815, 26.929888039614013 ], [ 86.032011291932349, 26.929716054241283 ], [ 86.031948303114746, 26.929544068868552 ], [ 86.031884316044852, 26.929372083495878 ], [ 86.031694351339752, 26.928893122965803 ], [ 86.031605370191926, 26.928583148555106 ], [ 86.031555380237364, 26.928388165608965 ], [ 86.03153039155535, 26.928045196713072 ], [ 86.031492399513695, 26.927873211340341 ], [ 86.031454407471983, 26.927769219536401 ], [ 86.031250439356256, 26.9275292369976 ], [ 86.031097463044603, 26.927392247111186 ], [ 86.031059468304932, 26.927370248689328 ], [ 86.031008477400178, 26.927254258972539 ], [ 86.030970482660507, 26.927220260839192 ], [ 86.030881495217386, 26.927219258989624 ], [ 86.030855498390565, 26.927208260228326 ], [ 86.030843502276355, 26.927151264521513 ], [ 86.030865500698212, 26.927068272887198 ], [ 86.030779510709863, 26.927092269612217 ], [ 86.030692523368543, 26.927113266184563 ], [ 86.030052603206855, 26.92726624069752 ], [ 86.029134721954563, 26.927413211307794 ], [ 86.028598793596814, 26.92743619988795 ], [ 86.028254839039278, 26.927470190826739 ], [ 86.028139852970696, 26.927458190215873 ], [ 86.028063864390674, 26.927423192031597 ], [ 86.027910887179701, 26.927310200668899 ], [ 86.027900889368652, 26.927294200753749 ], [ 86.027770909731146, 26.927092217451275 ], [ 86.027529956819251, 26.926449271056413 ], [ 86.027504962741261, 26.926312282968695 ], [ 86.027542961078268, 26.926174295729311 ], [ 86.027632951270277, 26.926037309440233 ], [ 86.027709942599188, 26.925957317958591 ], [ 86.028117895917831, 26.925671351064807 ], [ 86.02821988402269, 26.925556363197586 ], [ 86.028232884684371, 26.925466371206937 ], [ 86.028207888807799, 26.925418375958259 ], [ 86.028054909798186, 26.925374377315848 ], [ 86.027441991010846, 26.925361367660855 ], [ 86.027175027782221, 26.925326364979981 ], [ 86.027060043512279, 26.925280368034407 ], [ 86.027022049671928, 26.92524637080038 ], [ 86.026895071086471, 26.925017388821516 ], [ 86.026653114526312, 26.924512429665981 ], [ 86.026500140013354, 26.924281448484635 ], [ 86.026267178515354, 26.923900479453152 ], [ 86.026243185387671, 26.923758492010165 ], [ 86.026146203832639, 26.923495512797274 ], [ 86.025830257894938, 26.922929558630642 ], [ 86.025410326448593, 26.922303606805826 ], [ 86.02502838704396, 26.921849643051701 ], [ 86.024448482526964, 26.92101070736453 ], [ 86.022809757929281, 26.918354918408625 ], [ 86.022230851664574, 26.917538982992824 ], [ 86.022085877558823, 26.917247005901061 ], [ 86.021525975858538, 26.916124097126612 ], [ 86.021448990824922, 26.915906115707685 ], [ 86.021294018008746, 26.915619138870397 ], [ 86.021163042816966, 26.915262169261894 ], [ 86.021133048484501, 26.915179175828939 ], [ 86.020899088734325, 26.914750210649402 ], [ 86.020227168742394, 26.915160162271206 ], [ 86.020103189410293, 26.914986175897354 ], [ 86.019849230440684, 26.914641201503741 ], [ 86.01950628852461, 26.914023251884771 ], [ 86.019188340686469, 26.913610283922367 ], [ 86.019049361490147, 26.913471293034831 ], [ 86.018986371773224, 26.913383301145984 ], [ 86.019500311601689, 26.913016342719743 ], [ 86.0197402815499, 26.912887357737134 ], [ 86.019752284858725, 26.912704375401802 ], [ 86.019727289881416, 26.912603383750593 ], [ 86.019740292341794, 26.912395402840673 ], [ 86.019765290017062, 26.912373405318135 ], [ 86.019957265615915, 26.912315414057048 ], [ 86.020225231593429, 26.912258423746152 ], [ 86.0202632263331, 26.912236426223615 ], [ 86.020289224958617, 26.912166432553022 ], [ 86.02023924309799, 26.911652478335384 ], [ 86.020176256978345, 26.911412498494542 ], [ 86.01987029895912, 26.911320502804813 ], [ 86.019752315435824, 26.911271503907869 ], [ 86.019678320662308, 26.9114674851063 ], [ 86.019435339769473, 26.912120422117596 ], [ 86.019281353514316, 26.912430392031695 ], [ 86.019038378916775, 26.912738359145976 ], [ 86.018881395206904, 26.912922340632861 ], [ 86.018756410427955, 26.913013329976422 ], [ 86.018654423222472, 26.913058324173107 ], [ 86.018143479949401, 26.913539272214393 ], [ 86.01804049089435, 26.913665257943592 ], [ 86.017976497529162, 26.913791246370749 ], [ 86.017861509661941, 26.913928231760508 ], [ 86.017729522728018, 26.914098214333478 ], [ 86.017721524119452, 26.91411221234813 ], [ 86.017465552457452, 26.914329189219529 ], [ 86.016788634009686, 26.914751138754184 ], [ 86.016532663247006, 26.914957115964967 ], [ 86.016519663484644, 26.915004112062093 ], [ 86.016046714951244, 26.91557605124558 ], [ 86.015100819683141, 26.916500951740034 ], [ 86.014856844135352, 26.916855915850761 ], [ 86.014728855606393, 26.917132889481024 ], [ 86.014694857472989, 26.917244878094891 ], [ 86.014689857218514, 26.917265876465876 ], [ 86.014728852009057, 26.917267876567678 ], [ 86.014663847801103, 26.917887819993155 ], [ 86.014638850125834, 26.917910817566565 ], [ 86.0145968569812, 26.917909816616373 ], [ 86.014586854673553, 26.918024806282233 ], [ 86.014569853808212, 26.918180791739871 ], [ 86.013981931796764, 26.918203779420708 ], [ 86.013910936276659, 26.918378762248153 ], [ 86.013820947883346, 26.918459753780667 ], [ 86.01351497907217, 26.918825715753371 ], [ 86.013259004712211, 26.919283668919149 ], [ 86.013054023955021, 26.919605637645418 ], [ 86.012927037275631, 26.919764620557714 ], [ 86.012415094850951, 26.92025756651185 ], [ 86.012390097175739, 26.920302562507175 ], [ 86.01200613968274, 26.920669522732112 ], [ 86.01178916371066, 26.920909497176979 ], [ 86.011240225697918, 26.921390444318945 ], [ 86.011152237406407, 26.921437438617374 ], [ 86.011143237847591, 26.921442438871907 ], [ 86.011010253560755, 26.921551425534403 ], [ 86.010985255885487, 26.921596421529728 ], [ 86.010908261858617, 26.921756405392273 ], [ 86.010857264658569, 26.921940387778534 ], [ 86.010843262147262, 26.92216836700851 ], [ 86.010818263572673, 26.922261358252513 ], [ 86.010817259924465, 26.922443342335612 ], [ 86.010855247469578, 26.92275331494767 ], [ 86.010881242497703, 26.922846307090992 ], [ 86.010905232028165, 26.923166278413419 ], [ 86.010841233267001, 26.923533244034331 ], [ 86.010815231943582, 26.923763222466789 ], [ 86.01096820375858, 26.924085196588976 ], [ 86.011006196699611, 26.924221184625878 ], [ 86.011005193051403, 26.924358172713596 ], [ 86.010992187893009, 26.924715139624141 ], [ 86.011005182259453, 26.924898122858792 ], [ 86.011043174301165, 26.924979117089322 ], [ 86.011081169040835, 26.925013114323349 ], [ 86.011157158520177, 26.925036113695455 ], [ 86.01131013842911, 26.925049116155833 ], [ 86.011438118864191, 26.925117111523264 ], [ 86.011501109480434, 26.925197105702864 ], [ 86.011565097449648, 26.925369091075538 ], [ 86.01155209408995, 26.925599070407372 ], [ 86.011488098026803, 26.925781052691775 ], [ 86.011270122003793, 26.926057023573151 ], [ 86.011142131676195, 26.926353995523471 ], [ 86.011104131540549, 26.926583973056609 ], [ 86.011166111314026, 26.927179920656386 ], [ 86.011192103644191, 26.927385903263144 ], [ 86.011268086828295, 26.927660879489565 ], [ 86.011407062427281, 26.927982852712432 ], [ 86.011471051295814, 26.928075845755131 ], [ 86.011509043337526, 26.928213833893778 ], [ 86.01157203125581, 26.92839681802775 ], [ 86.011649015390105, 26.928624799056422 ], [ 86.011738001933907, 26.928763788145318 ], [ 86.011966966825526, 26.928947775927497 ], [ 86.012081950196148, 26.928993772873014 ], [ 86.012349912576383, 26.929062771888653 ], [ 86.01273186097427, 26.929142771464228 ], [ 86.013190798902428, 26.929177775943799 ], [ 86.013369775638182, 26.92916777993139 ], [ 86.013866709205388, 26.929179787736814 ], [ 86.014134672484943, 26.929260784665303 ], [ 86.014325645334907, 26.929352780355032 ], [ 86.014605603829295, 26.929548766949438 ], [ 86.014758581040269, 26.929684757684242 ], [ 86.014822569908802, 26.929766751965644 ], [ 86.014873560813555, 26.929904740104348 ], [ 86.014911551955947, 26.93007572542615 ], [ 86.014910540213805, 26.930626675231906 ], [ 86.014871543624565, 26.930716666323235 ], [ 86.014845542301089, 26.930901647861049 ], [ 86.01484553870381, 26.93107263408217 ], [ 86.014896530507883, 26.93117662498679 ], [ 86.015176487203632, 26.931393610851501 ], [ 86.015291470574255, 26.93150960146761 ], [ 86.015380455319359, 26.931647591404897 ], [ 86.015482438028243, 26.931864572772952 ], [ 86.01562141272791, 26.932141550899814 ], [ 86.015698397761582, 26.932369531928487 ], [ 86.015824375396789, 26.932645508205781 ], [ 86.015850368626332, 26.932806494817271 ], [ 86.015926351810378, 26.933081471943012 ], [ 86.015938347025269, 26.93321945918234 ], [ 86.015989337030703, 26.933402443316311 ], [ 86.015989335232064, 26.933493436257208 ], [ 86.016052320452388, 26.933768410684991 ], [ 86.016052319553069, 26.933816406832989 ], [ 86.016204291317138, 26.934227372894952 ], [ 86.016332268154883, 26.934456354873817 ], [ 86.016497241480067, 26.934665337633305 ], [ 86.016841191540948, 26.934918321733107 ], [ 86.017185139803246, 26.935204302116802 ], [ 86.017363112890791, 26.935341292902535 ], [ 86.01764407053679, 26.935582275492209 ], [ 86.017745054094064, 26.935698267007638 ], [ 86.017905030762051, 26.935805259863628 ], [ 86.018127997146905, 26.936008245914991 ], [ 86.018175987898985, 26.936096238703158 ], [ 86.018190985964566, 26.936123236480228 ], [ 86.018190985065246, 26.936157233714255 ], [ 86.018330960715161, 26.936431210789124 ], [ 86.018393947734126, 26.936614195822415 ], [ 86.01847093456638, 26.936797179956443 ], [ 86.018533923383984, 26.936936168146019 ], [ 86.018571913627056, 26.93711915317931 ], [ 86.018519918174718, 26.937256140367765 ], [ 86.018404931206817, 26.937370127284737 ], [ 86.018264944765008, 26.937599104767003 ], [ 86.018264942067049, 26.937692095111686 ], [ 86.01830293500808, 26.937830084149653 ], [ 86.018327930884652, 26.937875080144977 ], [ 86.018339925200223, 26.938058063379628 ], [ 86.018313920279411, 26.93842603085011 ], [ 86.018274920092892, 26.938653009129837 ], [ 86.018248919668736, 26.938860990039757 ], [ 86.01823591181244, 26.939270953352832 ], [ 86.018285901766944, 26.939456937639534 ], [ 86.018374882015451, 26.939774909759478 ], [ 86.018412874956482, 26.939867902802121 ], [ 86.018564843123272, 26.940417855255021 ], [ 86.018729817347776, 26.940634838421715 ], [ 86.018819803942449, 26.940680835367232 ], [ 86.018895794321111, 26.9406818372168 ], [ 86.018933789060782, 26.940670839354823 ], [ 86.01899778062733, 26.940645842578931 ], [ 86.019005780135217, 26.940657841391101 ], [ 86.019099765134854, 26.940784831667827 ], [ 86.019124759212787, 26.940888822572447 ], [ 86.019201747843738, 26.94094581827926 ], [ 86.019315732062751, 26.940957819789389 ], [ 86.019405718657424, 26.94101481639558 ], [ 86.01958369084565, 26.941207801937878 ], [ 86.019684673503662, 26.941379788209929 ], [ 86.01986364484344, 26.941644767524679 ], [ 86.019964629300091, 26.941758758938306 ], [ 86.020193595091087, 26.941917749045217 ], [ 86.020461556571945, 26.942021743547173 ], [ 86.020856500235652, 26.942251729174245 ], [ 86.021161453707293, 26.942526710796642 ], [ 86.021289434142375, 26.942674699444296 ], [ 86.021352422959978, 26.942767691587676 ], [ 86.021415400086369, 26.94340863518272 ], [ 86.021440396862261, 26.943453632077365 ], [ 86.021478387105333, 26.943648615023562 ], [ 86.021567369152478, 26.943924591300856 ], [ 86.021681350673532, 26.944107576334204 ], [ 86.021796333144835, 26.944210569885911 ], [ 86.021910316464528, 26.944278564353965 ], [ 86.022076292538543, 26.944369559992822 ], [ 86.022534226818493, 26.944587548606364 ], [ 86.022573221609093, 26.944587549505684 ], [ 86.02287917693036, 26.944761539476872 ], [ 86.022942169345242, 26.944748540613773 ], [ 86.023057153615184, 26.944737543651172 ], [ 86.023134144944095, 26.944702548164855 ], [ 86.02336311163441, 26.94483054029115 ], [ 86.023592078324725, 26.944989530398061 ], [ 86.023860039805641, 26.945104524560577 ], [ 86.024164997773937, 26.945174524526465 ], [ 86.024279981144559, 26.945220521471981 ], [ 86.024509949684443, 26.945298518247796 ], [ 86.02467492480821, 26.945437508236012 ], [ 86.024700920735711, 26.945482505130656 ], [ 86.024801906091682, 26.945539502636109 ], [ 86.02518384999297, 26.945770487414734 ], [ 86.02548980441486, 26.945986473228515 ], [ 86.025821757462268, 26.946124466763138 ], [ 86.026293742817131, 26.946187049085268 ], [ 86.026402514540621, 26.946201471581958 ], [ 86.026402682714661, 26.946201494065122 ], [ 86.026402837398791, 26.946201513850269 ], [ 86.026432675248486, 26.946205469986921 ], [ 86.026802625733524, 26.946228474754946 ], [ 86.027070589013078, 26.946250476774139 ], [ 86.027452539209605, 26.946250483968754 ], [ 86.027733501352259, 26.946263488227771 ], [ 86.028077455909795, 26.946275492435916 ], [ 86.02838341482834, 26.946252499359105 ], [ 86.028498399098282, 26.9462874984427 ], [ 86.028638378345477, 26.946412489516945 ], [ 86.02899431642669, 26.947100433705771 ], [ 86.029083299373156, 26.947284417890671 ], [ 86.029286264739994, 26.947648389654148 ], [ 86.029439242850287, 26.947776380881123 ], [ 86.029757195185084, 26.947981368832927 ], [ 86.02991017329532, 26.948072361773768 ], [ 86.030123141869183, 26.948218352118317 ], [ 86.030165135913137, 26.948245350794707 ], [ 86.030394102603452, 26.94837134371852 ], [ 86.030522083937853, 26.948462337558681 ], [ 86.030538081154987, 26.948479336625383 ], [ 86.030789042669824, 26.948726318621141 ], [ 86.030954015995007, 26.948932303026595 ], [ 86.031170982973833, 26.949117289960327 ], [ 86.031284966293526, 26.949208283800544 ], [ 86.031552926875065, 26.949356274246895 ], [ 86.031705904086039, 26.949495265134431 ], [ 86.031858881297012, 26.949643253782142 ], [ 86.032163832070694, 26.950033224171079 ], [ 86.032264812930009, 26.950261205199695 ], [ 86.032277807296452, 26.950422190911809 ], [ 86.032200814168903, 26.95060617329807 ], [ 86.031996838858561, 26.950765156210366 ], [ 86.031714865873141, 26.951178114280196 ], [ 86.031650871608633, 26.951349096904039 ], [ 86.031420891377536, 26.951808051020066 ], [ 86.031253909856616, 26.952015030080418 ], [ 86.031139921140948, 26.952163014231473 ], [ 86.030844952889765, 26.952550973726716 ], [ 86.030738964581303, 26.952653963681087 ], [ 86.030678970520455, 26.95271195674087 ], [ 86.030614977155267, 26.952792949172704 ], [ 86.030461993649055, 26.952974929658467 ], [ 86.030334006918736, 26.953158910246032 ], [ 86.030283010618007, 26.953295897434487 ], [ 86.030218010906651, 26.953660862953598 ], [ 86.030218006409996, 26.953891843235624 ], [ 86.030216995567173, 26.954394796893382 ], [ 86.030254986709565, 26.954577781027353 ], [ 86.030317973728529, 26.954785763735913 ], [ 86.030585930712789, 26.955116739215555 ], [ 86.03057293184969, 26.95516173341224 ], [ 86.030533937059147, 26.955197730748068 ], [ 86.030380955351518, 26.955230725233264 ], [ 86.030278968146035, 26.955277718632374 ], [ 86.030011002168521, 26.95533370889234 ], [ 86.029858022259589, 26.95535770381872 ], [ 86.029297098025211, 26.955299699967043 ], [ 86.028991140005985, 26.95526569733704 ], [ 86.028974582508567, 26.955265615498377 ], [ 86.02878716649434, 26.955264693688832 ], [ 86.028583192982637, 26.955310687037127 ], [ 86.028404213548868, 26.955435671816076 ], [ 86.028327220421318, 26.955572658105154 ], [ 86.028237228430669, 26.955779638064826 ], [ 86.0281997660922, 26.955981622266677 ], [ 86.028186228532661, 26.956054612492608 ], [ 86.028211221711274, 26.956237596626636 ], [ 86.028262212616028, 26.956375584765283 ], [ 86.028402190064583, 26.956548571088206 ], [ 86.028491175709064, 26.956661561551641 ], [ 86.028631154056939, 26.956811552099794 ], [ 86.028797131030274, 26.956868549605247 ], [ 86.028848124633043, 26.956844551980907 ], [ 86.028963111600945, 26.956707566591149 ], [ 86.029001109038632, 26.956604576636721 ], [ 86.029091100129904, 26.956467590347643 ], [ 86.029295075440245, 26.956353604329934 ], [ 86.029372065869836, 26.956317608792745 ], [ 86.02956304051844, 26.956319611592505 ], [ 86.029716020427429, 26.956354611575478 ], [ 86.029805006971173, 26.956422607842171 ], [ 86.029995977123178, 26.956629592298498 ], [ 86.030122955708634, 26.956812578231165 ], [ 86.030122954809315, 26.956857572427793 ], [ 86.030274926573441, 26.957224542545362 ], [ 86.0303429147462, 26.957353532923889 ], [ 86.030363911318545, 26.957396528817412 ], [ 86.030528882845033, 26.957704504025628 ], [ 86.030605868777968, 26.957842493063595 ], [ 86.03064385992036, 26.958025477197623 ], [ 86.030604861532481, 26.958208459532955 ], [ 86.030514870441152, 26.958392441919159 ], [ 86.030437874615643, 26.958656416686324 ], [ 86.030401872783159, 26.958910392743178 ], [ 86.030399872681357, 26.958931391114106 ], [ 86.03034987823014, 26.959012383545996 ], [ 86.030335880215489, 26.959034381068534 ], [ 86.030041913813875, 26.959228358567827 ], [ 86.029722953334215, 26.959366340411179 ], [ 86.029315002713531, 26.959582313634371 ], [ 86.029136023279818, 26.959732296987909 ], [ 86.029059031051588, 26.959847284855186 ], [ 86.028966041606225, 26.95993927514894 ], [ 86.028932045271461, 26.959972272332095 ], [ 86.028753064938428, 26.960178250442254 ], [ 86.02854908782939, 26.960351230469882 ], [ 86.028243125313566, 26.960511211634469 ], [ 86.0276811938337, 26.960787176220549 ], [ 86.02759220369262, 26.960843170077851 ], [ 86.027439221085672, 26.961004153091949 ], [ 86.02737522772054, 26.961130140619787 ], [ 86.027324232319131, 26.9612111321523 ], [ 86.027056261844962, 26.961462104459144 ], [ 86.027017265255722, 26.961520099317511 ], [ 86.026609313735719, 26.961852061358172 ], [ 86.026226358991607, 26.96211503157781 ], [ 86.026022380983306, 26.962299010366735 ], [ 86.025920391079808, 26.962424998793892 ], [ 86.025766408421987, 26.962608978482194 ], [ 86.025754408710498, 26.962653973578199 ], [ 86.025766404824708, 26.962779963803996 ], [ 86.025743407251241, 26.962786962361633 ], [ 86.025639420843277, 26.962814958390936 ], [ 86.025562429514366, 26.962895949923507 ], [ 86.02556242681635, 26.963033937162834 ], [ 86.025625412935995, 26.96326191729213 ], [ 86.025689400905208, 26.963399906330096 ], [ 86.025778386549689, 26.963524897404341 ], [ 86.025829378353762, 26.9636178886484 ], [ 86.025867368596835, 26.963845868777696 ], [ 86.025842370022247, 26.963937859970827 ], [ 86.025784375163823, 26.964039849874268 ], [ 86.026178319675921, 26.964192842373791 ], [ 86.026858243672393, 26.965690283701065 ], [ 86.027331754284717, 26.967444815452325 ], [ 86.028103683863492, 26.968588460893784 ], [ 86.028575720479978, 26.97051810497544 ], [ 86.029537860279959, 26.972275994811241 ], [ 86.030699965294104, 26.973509875061438 ], [ 86.0322656996658, 26.973257942274131 ], [ 86.033244373580771, 26.973089531723645 ], [ 86.035199475792808, 26.973015362480851 ], [ 86.038722518424038, 26.972426486284178 ], [ 86.039122310356106, 26.971378453623061 ], [ 86.039730149748152, 26.96884325803552 ], [ 86.041018978838451, 26.966662944720042 ], [ 86.042696378066523, 26.964747947966657 ], [ 86.044374458983953, 26.962745371215874 ], [ 86.045663864542405, 26.960477451822555 ], [ 86.047447635191986, 26.957512349460842 ] ] ] ] } },
{ "type": "Feature", "properties": { "OBJECTID": 773, "Name": "Pashchhim Kharsangedada", "code": "DNS/LA/02/02", "regime": "CF", "area_ha": 117.308556551 }, "geometry": { "type": "MultiPolygon", "coordinates": [ [ [ [ 85.942805573327973, 26.976086463942977 ], [ 85.942731138783927, 26.976052325514672 ], [ 85.94252317136386, 26.975783346895696 ], [ 85.942515174553989, 26.975712352274854 ], [ 85.942497176335735, 26.975715351528265 ], [ 85.942459181596007, 26.97572135093435 ], [ 85.942458182444454, 26.975722350985222 ], [ 85.942409189842806, 26.975663355176607 ], [ 85.942398191980885, 26.975643355957232 ], [ 85.942263215686182, 26.975384377847263 ], [ 85.942202225171684, 26.975302383565861 ], [ 85.942025250336371, 26.975217389131728 ], [ 85.941998253458678, 26.975228386993706 ], [ 85.941909264216918, 26.975262381529774 ], [ 85.941766282118977, 26.975303375522799 ], [ 85.941650296898842, 26.975336371806634 ], [ 85.941574307419501, 26.975334370805513 ], [ 85.941499318890351, 26.975263374386032 ], [ 85.941463326051121, 26.975170383142029 ], [ 85.941470329105414, 26.974942403912053 ], [ 85.941388344716643, 26.974698423867608 ], [ 85.941327356900103, 26.974605431724285 ], [ 85.941294360616325, 26.974571434490258 ], [ 85.941292361413844, 26.974569434388457 ], [ 85.941153382217522, 26.974419445638944 ], [ 85.94106839767602, 26.974278457347566 ], [ 85.94105940081522, 26.974141468360472 ], [ 85.941087399542482, 26.974051478168462 ], [ 85.941307372069957, 26.97398748750129 ], [ 85.941372362788059, 26.97399148860427 ], [ 85.940640473017083, 26.973409528227194 ], [ 85.939484673179948, 26.971214706079707 ], [ 85.938969767474987, 26.969991807503561 ], [ 85.938740827764491, 26.968633926337418 ], [ 85.937699002253851, 26.966963058916633 ], [ 85.937645027384235, 26.966113135260059 ], [ 85.936252259550258, 26.963955305103354 ], [ 85.936291261535473, 26.96358633938064 ], [ 85.936215279250746, 26.963263367006221 ], [ 85.935888337249764, 26.962537427178347 ], [ 85.935890341848165, 26.962301448440485 ], [ 85.935779363177801, 26.962017472655248 ], [ 85.935533405514775, 26.961570508358136 ], [ 85.935263447529394, 26.96130152794052 ], [ 85.935089471947435, 26.961213532454337 ], [ 85.934967490019176, 26.96112653881778 ], [ 85.934818511213166, 26.961077540820213 ], [ 85.934617541451473, 26.960926551120451 ], [ 85.934372573946746, 26.960932546029937 ], [ 85.934197597414595, 26.96086854906747 ], [ 85.934171603285733, 26.960781555430856 ], [ 85.933700671941324, 26.960518571721309 ], [ 85.933287736354714, 26.960055605710465 ], [ 85.932956786955515, 26.959738629144795 ], [ 85.93219489655678, 26.95934365130671 ], [ 85.932198895861063, 26.959376648489808 ], [ 85.932195893909693, 26.959466640480457 ], [ 85.932154897218652, 26.959559631724517 ], [ 85.932138899102199, 26.959592628008295 ], [ 85.932289876211371, 26.959745616910539 ], [ 85.932477848009285, 26.959864609478018 ], [ 85.932690815683827, 26.960030598142623 ], [ 85.932790800988869, 26.960101593662728 ], [ 85.932814797713888, 26.960148589759854 ], [ 85.932927780083389, 26.960241582802553 ], [ 85.933026764438182, 26.960357575217301 ], [ 85.933098751915281, 26.960498563508679 ], [ 85.933136746654952, 26.96050956226992 ], [ 85.933131743702461, 26.960669547931161 ], [ 85.932932764149996, 26.960930520746956 ], [ 85.932667793828557, 26.961232489354529 ], [ 85.932639796000615, 26.961300482923264 ], [ 85.932642795253969, 26.961322480445801 ], [ 85.932278838779041, 26.961560452090907 ], [ 85.93227983882997, 26.96156145214178 ], [ 85.932153850402813, 26.961725436207985 ], [ 85.931951860805043, 26.962500362342155 ], [ 85.931871860330148, 26.963002315948984 ], [ 85.931868859278097, 26.963140303188311 ], [ 85.931809861670843, 26.963367282367415 ], [ 85.931804857819031, 26.963550265602066 ], [ 85.931777860041962, 26.963595260698071 ], [ 85.931725867287639, 26.963617257321289 ], [ 85.931503892859723, 26.963762241319614 ], [ 85.931511888770274, 26.963945224554266 ], [ 85.931492886004492, 26.96419820145951 ], [ 85.931489884952441, 26.964231197743345 ], [ 85.931499882763489, 26.964322190684186 ], [ 85.931589860364909, 26.964738153403346 ], [ 85.931671844753737, 26.965013130529144 ], [ 85.931849810646668, 26.965477091194941 ], [ 85.931894800346697, 26.965663075481643 ], [ 85.931886796342212, 26.965936051606263 ], [ 85.931842797699801, 26.966118033890723 ], [ 85.931818792880847, 26.966486000461828 ], [ 85.931841785957658, 26.966650985478225 ], [ 85.931860780629506, 26.966794973022957 ], [ 85.931907772230034, 26.966934962162782 ], [ 85.931902768378166, 26.967117944498114 ], [ 85.931875770601152, 26.967162939594118 ], [ 85.931744786416061, 26.967263929446688 ], [ 85.931385831994305, 26.967287919876412 ], [ 85.931295843600992, 26.967354912494955 ], [ 85.931167862266648, 26.96729491573609 ], [ 85.931052877996706, 26.967244918586971 ], [ 85.931039878234287, 26.967302913445337 ], [ 85.931062874009115, 26.967395904689397 ], [ 85.931134861486157, 26.967533893727364 ], [ 85.931209849115987, 26.967604888348149 ], [ 85.931636786314584, 26.967889871378929 ], [ 85.931687779018034, 26.967948866288225 ], [ 85.931631784261413, 26.968038857379497 ], [ 85.931625781258049, 26.968223839816687 ], [ 85.931568783752539, 26.968451819046663 ], [ 85.931515781054713, 26.968908775758848 ], [ 85.931489783328573, 26.968953771754173 ], [ 85.931342790235192, 26.969591711599207 ], [ 85.931230788131415, 26.970321644436069 ], [ 85.931225785178924, 26.970506626873203 ], [ 85.931160793561503, 26.970537623954556 ], [ 85.931052806050616, 26.970574617743978 ], [ 85.93107679827898, 26.970778599349615 ], [ 85.931103787962115, 26.971143567566685 ], [ 85.931125782786694, 26.971247558471305 ], [ 85.931099785060496, 26.971281555705389 ], [ 85.931133776898605, 26.971430542605333 ], [ 85.931172763595271, 26.971846506223756 ], [ 85.931143765716399, 26.971936496415765 ], [ 85.931037775609298, 26.972070482552169 ], [ 85.931020775643276, 26.972208469791497 ], [ 85.931056768482506, 26.972301461934876 ], [ 85.931168751700397, 26.972394456776215 ], [ 85.931283736869659, 26.972408456589505 ], [ 85.93130673174511, 26.972479450310971 ], [ 85.931382721224452, 26.972515448546119 ], [ 85.931496705443521, 26.972541448070956 ], [ 85.932103620328121, 26.972785437108655 ], [ 85.932330586017315, 26.972926428097992 ], [ 85.932855508419152, 26.973330400998236 ], [ 85.932929495998053, 26.973411393430069 ], [ 85.932980489600823, 26.973434392802176 ], [ 85.933241448926765, 26.973694374560353 ], [ 85.933388424932957, 26.973916357082203 ], [ 85.93342541692374, 26.974068344134878 ], [ 85.933479404383945, 26.974284325452004 ], [ 85.933425410628445, 26.974374315644013 ], [ 85.933346419197733, 26.974441309161875 ], [ 85.933140444684909, 26.974505298929728 ], [ 85.933038459278066, 26.97449129821706 ], [ 85.932950470986555, 26.974432302408445 ], [ 85.933570833498095, 26.974953596927833 ], [ 85.934094923123723, 26.975272416213159 ], [ 85.93413365531103, 26.97582370776297 ], [ 85.93470019134179, 26.976300274286245 ], [ 85.935135335792666, 26.976736489834877 ], [ 85.935615147085457, 26.977094327293287 ], [ 85.936668538832294, 26.977180991776436 ], [ 85.937987313691394, 26.977072863071271 ], [ 85.938643562921641, 26.977353305403255 ], [ 85.939567406707624, 26.977202831017507 ], [ 85.940404509567713, 26.976933626667631 ], [ 85.941328716681596, 26.976743786069562 ], [ 85.942341499347037, 26.976475890239442 ], [ 85.942805573327973, 26.976086463942977 ] ] ] ] } },
{ "type": "Feature", "properties": { "OBJECTID": 774, "Name": "Quarter", "code": "DNS/DR/60/01", "regime": "CF", "area_ha": 9.4405098291500007 }, "geometry": { "type": "MultiPolygon", "coordinates": [ [ [ [ 86.043918153384027, 26.90928510334021 ], [ 86.04387816393853, 26.909079120733452 ], [ 86.04385416721351, 26.909090119494749 ], [ 86.043701188203897, 26.909033121989239 ], [ 86.043472218815623, 26.908998121107004 ], [ 86.043395228386032, 26.909008118018733 ], [ 86.043166257199061, 26.909102105716329 ], [ 86.042997277375036, 26.909200093617585 ], [ 86.042910288235078, 26.909249088917193 ], [ 86.042757306527449, 26.909363074934845 ], [ 86.042540330555425, 26.909569053944324 ], [ 86.042348350459918, 26.909854024384458 ], [ 86.042233359894681, 26.910072002206107 ], [ 86.042212362423072, 26.910119997454785 ], [ 86.042156366767131, 26.910242985729269 ], [ 86.04208037369051, 26.910346975734569 ], [ 86.042080372791133, 26.910379972018347 ], [ 86.041798401604353, 26.910824926321084 ], [ 86.041709411463273, 26.910928916326384 ], [ 86.041581424732954, 26.911100899001156 ], [ 86.041535428686757, 26.911145894097103 ], [ 86.041441440089784, 26.911237883491594 ], [ 86.041109478049123, 26.911499853660359 ], [ 86.040955493592662, 26.911717832381271 ], [ 86.040904498191253, 26.911865818331023 ], [ 86.040878496867776, 26.912071799139085 ], [ 86.0408914903349, 26.912276780795651 ], [ 86.041043462998346, 26.91265474877514 ], [ 86.041068453478999, 26.912895727767477 ], [ 86.041030456041312, 26.912997718570296 ], [ 86.040876472484172, 26.913226695153242 ], [ 86.040647496800602, 26.913500665932816 ], [ 86.040583502536094, 26.913603655887187 ], [ 86.040493508746806, 26.913878628516329 ], [ 86.040493504250207, 26.914119607508667 ], [ 86.040581484447785, 26.914427580918243 ], [ 86.04067046829357, 26.914669560860887 ], [ 86.040810443943485, 26.914943537935756 ], [ 86.040950419593401, 26.915149522341153 ], [ 86.040969416063888, 26.915217516809264 ], [ 86.041014411159892, 26.9151835204745 ], [ 86.041257384858113, 26.91494354602969 ], [ 86.041524352583394, 26.914771566052934 ], [ 86.041793320410477, 26.914599586975498 ], [ 86.042137278565349, 26.914442606862963 ], [ 86.042234266415676, 26.914417610986334 ], [ 86.042201273729177, 26.91426862318707 ], [ 86.042150284623006, 26.914085639053098 ], [ 86.042074298740999, 26.91389165525851 ], [ 86.04204930286437, 26.913845658312937 ], [ 86.042024310585077, 26.913662675078285 ], [ 86.04203732024007, 26.913114724525883 ], [ 86.042076321325965, 26.912850749758718 ], [ 86.042230310279024, 26.912393793046476 ], [ 86.0422303111784, 26.912348797051152 ], [ 86.04235730055575, 26.912074824472938 ], [ 86.0424732884739, 26.911889842935125 ], [ 86.042664269417799, 26.911627870068401 ], [ 86.042779257285076, 26.91151288220118 ], [ 86.04312421728946, 26.911240912422727 ], [ 86.043290197860131, 26.911103927932288 ], [ 86.04353117055723, 26.910917948142242 ], [ 86.043558166535661, 26.910897950721505 ], [ 86.043865129102414, 26.910771968589586 ], [ 86.043914121704006, 26.910764969132629 ], [ 86.043915121754935, 26.910737972254879 ], [ 86.043916125403143, 26.910566986933077 ], [ 86.043929133259496, 26.910176022788505 ], [ 86.043925140250451, 26.909845052704782 ], [ 86.043918153384027, 26.90928510334021 ] ] ] ] } },
{ "type": "Feature", "properties": { "OBJECTID": 775, "Name": "Raktahi Kamala", "code": "DNS/GD/76/02", "regime": "CF", "area_ha": 55.008441930300002 }, "geometry": { "type": "MultiPolygon", "coordinates": [ [ [ [ 86.126409187586887, 26.910692411482614 ], [ 86.126461183039225, 26.910578422766946 ], [ 86.126476185601405, 26.9103384447248 ], [ 86.126451192422792, 26.910201456637026 ], [ 86.126363207728559, 26.910029470364975 ], [ 86.126351212513669, 26.909891482226328 ], [ 86.126301221659787, 26.909753494087681 ], [ 86.126251230805963, 26.909638503522444 ], [ 86.126213237864931, 26.909533511667576 ], [ 86.126024268714048, 26.909259533693387 ], [ 86.125846296525822, 26.909087546522017 ], [ 86.125720317091918, 26.908926558111943 ], [ 86.125631330548174, 26.908855563491159 ], [ 86.125568341730514, 26.908717574453135 ], [ 86.1254303661824, 26.908441596377145 ], [ 86.125431368931288, 26.908306609290548 ], [ 86.124621269244244, 26.908127394233304 ], [ 86.124106392317685, 26.907607296717288 ], [ 86.124227278866499, 26.906884382223325 ], [ 86.124578766181514, 26.906162897658191 ], [ 86.125214916367156, 26.905908389200192 ], [ 86.124932241007855, 26.905182971880947 ], [ 86.124362516865176, 26.904300704851494 ], [ 86.124449315347931, 26.903449998781014 ], [ 86.124258382068319, 26.902852729171514 ], [ 86.123919667885389, 26.901920202389647 ], [ 86.123639802920934, 26.900832968092857 ], [ 86.123355155338913, 26.900365988388444 ], [ 86.123072105859819, 26.899692256253957 ], [ 86.12324903932614, 26.899176450323296 ], [ 86.124171394727, 26.899182173636234 ], [ 86.12406846143017, 26.89757913340884 ], [ 86.123433951615823, 26.897626887638069 ], [ 86.122587984995221, 26.897297551630345 ], [ 86.122345013095639, 26.897456532744002 ], [ 86.122286019984983, 26.897456531844682 ], [ 86.12224602694215, 26.897437533575498 ], [ 86.122256025652518, 26.897397536935387 ], [ 86.1219040697884, 26.897527518371533 ], [ 86.121885070619953, 26.897616511210629 ], [ 86.120243262232179, 26.898797375273091 ], [ 86.120244078820519, 26.907267612161263 ], [ 86.120694010894624, 26.907669584060386 ], [ 86.121221925355201, 26.908388528028524 ], [ 86.122158776098217, 26.909545440332295 ], [ 86.122662692934512, 26.910267384453164 ], [ 86.123568370328201, 26.91008509369982 ], [ 86.123754534480156, 26.910929344405758 ], [ 86.124947651864204, 26.910662241781495 ], [ 86.126203208577465, 26.910955384400211 ], [ 86.126281200856567, 26.91085239444584 ], [ 86.126340194866543, 26.910780402472142 ], [ 86.126384189911676, 26.910726407817322 ], [ 86.126409187586887, 26.910692411482614 ] ] ] ] } },
{ "type": "Feature", "properties": { "OBJECTID": 776, "Name": "Sayapatri", "code": "DNS/MB/75/06", "regime": "CF", "area_ha": 199.77353494600001 }, "geometry": { "type": "MultiPolygon", "coordinates": [ [ [ [ 86.18543332769093, 26.932321723739676 ], [ 86.187691997512729, 26.931661297138533 ], [ 86.19086839570133, 26.93023644673633 ], [ 86.192483738713236, 26.929476045622039 ], [ 86.193884414323747, 26.92871439894077 ], [ 86.196378547569452, 26.927546116453925 ], [ 86.196224566710271, 26.927615107375573 ], [ 86.196122579504788, 26.927603106764764 ], [ 86.196046590924709, 26.927591106153955 ], [ 86.196042592519802, 26.9275581089708 ], [ 86.196033594759626, 26.927488116199527 ], [ 86.196047595472294, 26.927384125294907 ], [ 86.196150584527345, 26.927235141092979 ], [ 86.196217578944527, 26.927103153259736 ], [ 86.196279572207857, 26.926983165137983 ], [ 86.196318571495112, 26.926812180715501 ], [ 86.19631957514332, 26.926641196293019 ], [ 86.196345574668101, 26.926526207526422 ], [ 86.196320579690848, 26.926410217809632 ], [ 86.196130611388412, 26.926136238936124 ], [ 86.196042626694179, 26.925998249898157 ], [ 86.195902648346305, 26.925826262726787 ], [ 86.195852658391743, 26.925688274588083 ], [ 86.195880658018382, 26.925519290267403 ], [ 86.195892657729871, 26.925447297394385 ], [ 86.195918657254651, 26.925298310494441 ], [ 86.195958659290795, 26.924989339731951 ], [ 86.196035652418345, 26.924852353442816 ], [ 86.196049653130956, 26.924703366542872 ], [ 86.195986666111992, 26.924497384835433 ], [ 86.19598766886088, 26.924360395848339 ], [ 86.196065662938679, 26.924152416737115 ], [ 86.196193649668999, 26.924016431398229 ], [ 86.196297639674299, 26.92381145064104 ], [ 86.196297640573619, 26.923775454204474 ], [ 86.196387631664891, 26.923638467915396 ], [ 86.196400631427309, 26.923570475245924 ], [ 86.196375636450057, 26.923500480676012 ], [ 86.196274652892725, 26.923398487175234 ], [ 86.196172665687243, 26.923408484986282 ], [ 86.195878703782228, 26.923441476773462 ], [ 86.195775715626439, 26.923499469833189 ], [ 86.195571742114794, 26.923520464606895 ], [ 86.195469756707894, 26.923486466473491 ], [ 86.195380770164149, 26.923426469714627 ], [ 86.195301783230036, 26.923306478894915 ], [ 86.195279789304834, 26.923151493488206 ], [ 86.195459767890156, 26.92300351023647 ], [ 86.195881716525491, 26.922845530972381 ], [ 86.195996701694753, 26.922823534349163 ], [ 86.196124685727057, 26.922742544615289 ], [ 86.196163684114993, 26.922594559564914 ], [ 86.195960713352179, 26.922500562874006 ], [ 86.195806734291637, 26.92247756260258 ], [ 86.195603761730183, 26.922430563807495 ], [ 86.195246811906827, 26.922279570510455 ], [ 86.195208818066476, 26.922257572088597 ], [ 86.195144829198, 26.922152580233728 ], [ 86.195133833134662, 26.922015593045273 ], [ 86.195187828688802, 26.921880605059357 ], [ 86.19519782829849, 26.921855609182728 ], [ 86.19527482052672, 26.921740619516868 ], [ 86.195724768788693, 26.921377660394853 ], [ 86.195756765021599, 26.921330664297727 ], [ 86.195827758743064, 26.921227676141996 ], [ 86.195853759167221, 26.921044692907344 ], [ 86.195700781056928, 26.920964696929047 ], [ 86.195599794801637, 26.920952696318238 ], [ 86.195342824887405, 26.921077680197868 ], [ 86.195138852275022, 26.921121673444304 ], [ 86.194984872315217, 26.921120670695416 ], [ 86.194845892219575, 26.921040675616496 ], [ 86.194680918894392, 26.920832691109297 ], [ 86.194553941208255, 26.920615707942602 ], [ 86.194477952628233, 26.920544714221137 ], [ 86.194426959924783, 26.920454720431849 ], [ 86.194071011951053, 26.920291729221958 ], [ 86.193956027681111, 26.920277728509348 ], [ 86.193917031991191, 26.920302725285239 ], [ 86.193879035452881, 26.920392717275888 ], [ 86.193891030667714, 26.920530704515215 ], [ 86.193941021521596, 26.920622697506985 ], [ 86.194005012188768, 26.920702691686586 ], [ 86.194064999954378, 26.920862677347827 ], [ 86.194104992097891, 26.920966669151767 ], [ 86.19428095878834, 26.921425631361728 ], [ 86.194302954512239, 26.921495625032321 ], [ 86.194331948793831, 26.921588617175644 ], [ 86.194304950117441, 26.921726603515651 ], [ 86.194240955852933, 26.921804595794811 ], [ 86.194099972957531, 26.921862588854538 ], [ 86.193933995084819, 26.921884582779796 ], [ 86.193831008727727, 26.921928577824872 ], [ 86.193729020622925, 26.921939574787473 ], [ 86.19342306170438, 26.921937569289753 ], [ 86.193219089091997, 26.921902569306781 ], [ 86.193065110031455, 26.921913565370119 ], [ 86.19288713424595, 26.921867567525226 ], [ 86.192734154337018, 26.921866564776337 ], [ 86.192530182623955, 26.921831563894102 ], [ 86.192351207686841, 26.921726569341274 ], [ 86.192288217969917, 26.921658575772483 ], [ 86.192289220718806, 26.921543585207303 ], [ 86.192404206787387, 26.92147659348808 ], [ 86.192496196181821, 26.921402602311844 ], [ 86.19253219171901, 26.921373604433029 ], [ 86.192673175513789, 26.921292614699155 ], [ 86.192789161633243, 26.921178626882806 ], [ 86.192811159155838, 26.92115562841002 ], [ 86.1928781526737, 26.921088636690797 ], [ 86.192969142916581, 26.920940650741102 ], [ 86.193033138080352, 26.920836662534441 ], [ 86.193072135568912, 26.9207216737679 ], [ 86.193060139454758, 26.920606683202664 ], [ 86.192984149975359, 26.92054968749585 ], [ 86.192882164568516, 26.92054968569721 ], [ 86.192677189207302, 26.920615675566864 ], [ 86.192536206311843, 26.920662668966031 ], [ 86.192178251041696, 26.920797650656652 ], [ 86.191922282976975, 26.920945632109749 ], [ 86.191845290748745, 26.921026624541582 ], [ 86.191767297570323, 26.921208606826042 ], [ 86.191741297146166, 26.921357591927347 ], [ 86.191714299369096, 26.92144958401974 ], [ 86.191700295958526, 26.921643566015689 ], [ 86.191674297333009, 26.921792552016313 ], [ 86.191648298707548, 26.921837547112318 ], [ 86.191533312638967, 26.921940536167369 ], [ 86.191226350971533, 26.922008525239505 ], [ 86.191124364665313, 26.922008523440866 ], [ 86.190907394089209, 26.921984521319871 ], [ 86.190652427874113, 26.921949520437636 ], [ 86.190498448813571, 26.921948517688747 ], [ 86.190141498090952, 26.921853520946968 ], [ 86.189968522559923, 26.92177152396755 ], [ 86.189950525240988, 26.921762524408791 ], [ 86.189645569970651, 26.921622532571007 ], [ 86.189378608540665, 26.9214245458748 ], [ 86.189212633365912, 26.921311552713462 ], [ 86.189060655306548, 26.921240556293981 ], [ 86.188907676296935, 26.921205556311065 ], [ 86.188498729222658, 26.921214548675209 ], [ 86.188370746988937, 26.921236544399108 ], [ 86.188268758884135, 26.921271538986105 ], [ 86.188075782335034, 26.921385525903133 ], [ 86.187998791006123, 26.921475516994406 ], [ 86.187931798387581, 26.921543509663877 ], [ 86.187895801051752, 26.921578505150137 ], [ 86.187857805412762, 26.921623500246142 ], [ 86.187704825503829, 26.921647496071841 ], [ 86.187499851941197, 26.921714485992425 ], [ 86.187192891173083, 26.921746477728675 ], [ 86.186937926756627, 26.92169947803427 ], [ 86.186631967838082, 26.921652476541169 ], [ 86.18650498655461, 26.921584480274419 ], [ 86.186427997923715, 26.921525483566484 ], [ 86.186251026685682, 26.921285503725699 ], [ 86.186124046301586, 26.921135513177546 ], [ 86.185882082546811, 26.920960524954126 ], [ 86.185628119080604, 26.920809534355101 ], [ 86.185526133673761, 26.920775536221697 ], [ 86.185386152627871, 26.920707539954947 ], [ 86.185292166728914, 26.920688539887124 ], [ 86.185144187074457, 26.920660540260542 ], [ 86.184735241798876, 26.92059953805483 ], [ 86.184531270985133, 26.920530540837831 ], [ 86.184353296098948, 26.920437545996492 ], [ 86.184226315714795, 26.920346552156332 ], [ 86.183947358170599, 26.920069572230773 ], [ 86.183846375512644, 26.919897585958722 ], [ 86.183783385795664, 26.919759596920755 ], [ 86.183580419529505, 26.919482617894516 ], [ 86.183479435972174, 26.91934462885655 ], [ 86.183453440044673, 26.919299632861225 ], [ 86.183326458761258, 26.919194640107037 ], [ 86.183122488846834, 26.919112643127676 ], [ 86.182906518321658, 26.919054645571293 ], [ 86.182497573046021, 26.919006643128 ], [ 86.182423582769104, 26.918990642313531 ], [ 86.182395586739801, 26.918983642856574 ], [ 86.182180617164818, 26.918951641227693 ], [ 86.182114623697885, 26.919016634643754 ], [ 86.181961643788952, 26.919037630316723 ], [ 86.181808664779339, 26.919025629705914 ], [ 86.18167967889741, 26.919106619439788 ], [ 86.18160268666918, 26.919243605728866 ], [ 86.181602684870541, 26.919335596921997 ], [ 86.181690670464093, 26.919473585959963 ], [ 86.181868642652319, 26.919646574081582 ], [ 86.182097609342634, 26.919785565868438 ], [ 86.182275582430179, 26.919953553735525 ], [ 86.182272582277506, 26.919978551410793 ], [ 86.181913615265159, 26.920608487251343 ], [ 86.181657647200495, 26.920710474456826 ], [ 86.181453675487433, 26.92067547357459 ], [ 86.181249703774427, 26.920583478784181 ], [ 86.180792772243308, 26.920247500352048 ], [ 86.180588800530302, 26.920167504373751 ], [ 86.18047381626036, 26.920177502184799 ], [ 86.18042282265759, 26.920200497959627 ], [ 86.18034583042936, 26.920280489441211 ], [ 86.180305832889928, 26.920463472675863 ], [ 86.18030483104036, 26.920555464768313 ], [ 86.180342822182695, 26.920671454485102 ], [ 86.180405812798995, 26.920739450751853 ], [ 86.181130704911652, 26.921269415676591 ], [ 86.181269682309278, 26.921455400862612 ], [ 86.181295677337459, 26.921545391953941 ], [ 86.181293672739002, 26.921775372185039 ], [ 86.181281672128193, 26.921886361647296 ], [ 86.181280671177944, 26.921901359712876 ], [ 86.181188676387535, 26.922221330135983 ], [ 86.181214671415717, 26.922314322279306 ], [ 86.181365646726249, 26.922531305446 ], [ 86.181785583568512, 26.922890279652961 ], [ 86.181925562815707, 26.922993273204611 ], [ 86.182026544574398, 26.923142261903251 ], [ 86.182128530880561, 26.923190259849889 ], [ 86.182179525382651, 26.92316626222555 ], [ 86.182230518985421, 26.923132265890843 ], [ 86.182320509177373, 26.923006280161644 ], [ 86.182449495059302, 26.922892291445976 ], [ 86.182551482264785, 26.922847297249348 ], [ 86.182857439384691, 26.922976291225154 ], [ 86.182946425029115, 26.923055285353826 ], [ 86.182983417919274, 26.923148278396525 ], [ 86.182999416035727, 26.923184274833034 ], [ 86.182853426590498, 26.923594234548773 ], [ 86.182827427965037, 26.923641230645899 ], [ 86.182738439622597, 26.923697224503201 ], [ 86.181971538177436, 26.923808200475605 ], [ 86.181153646726841, 26.923814185492461 ], [ 86.180949675013835, 26.923757187986951 ], [ 86.180746705150341, 26.923607197438798 ], [ 86.180632724528607, 26.923434211115875 ], [ 86.180277781102347, 26.922986245868515 ], [ 86.180227790248466, 26.922870255252406 ], [ 86.180163799581294, 26.922802259884975 ], [ 86.180010821471001, 26.922767260801379 ], [ 86.179857839763429, 26.922834250721962 ], [ 86.179805845210467, 26.922879246717287 ], [ 86.179674861025433, 26.922959237299551 ], [ 86.17979184269916, 26.923109225149744 ], [ 86.18009579342197, 26.92352419411327 ], [ 86.180243771277731, 26.9236421857305 ], [ 86.180305760943781, 26.923755177093255 ], [ 86.180296754190408, 26.924109144750389 ], [ 86.180333743483232, 26.924340124133096 ], [ 86.1803167300273, 26.925073058921271 ], [ 86.180364715383405, 26.92548602058838 ], [ 86.180375706050768, 26.925806992861055 ], [ 86.18032370969911, 26.92594398004951 ], [ 86.180182725904388, 26.926080964539949 ], [ 86.179874763286705, 26.926261943176144 ], [ 86.179567799820632, 26.926408923679048 ], [ 86.179195842938498, 26.926706891183642 ], [ 86.179041861179996, 26.926773882003488 ], [ 86.178939875773153, 26.926795877727386 ], [ 86.178837888567614, 26.926794876777194 ], [ 86.178684910457321, 26.926737879271684 ], [ 86.178264971816361, 26.926448897835996 ], [ 86.178111993706125, 26.926391900330543 ], [ 86.178036004226726, 26.92639989803979 ], [ 86.177857027490973, 26.926400894493383 ], [ 86.177551068572427, 26.926342895138305 ], [ 86.177360096621783, 26.926237901484853 ], [ 86.177233115338311, 26.926133908781537 ], [ 86.177182122634918, 26.926121909070048 ], [ 86.177037142233871, 26.926084909884651 ], [ 86.176952154095034, 26.926064909765955 ], [ 86.176799173286781, 26.926085905438924 ], [ 86.176288242604301, 26.926060898770402 ], [ 86.176134262644439, 26.926106892118639 ], [ 86.175930287334097, 26.92619588046108 ], [ 86.175828300128615, 26.926206876524361 ], [ 86.175675321119002, 26.926171877440765 ], [ 86.175432356414035, 26.926043885314471 ], [ 86.175177391997522, 26.925974887198208 ], [ 86.17507540479204, 26.925996882922107 ], [ 86.174819436727375, 26.926110868040439 ], [ 86.174666456818443, 26.926131863713408 ], [ 86.174577468476002, 26.926097865580061 ], [ 86.174335505620547, 26.925868881802558 ], [ 86.174183526661864, 26.925819883804991 ], [ 86.173978553998609, 26.925818880156783 ], [ 86.173825573190356, 26.925842874183786 ], [ 86.173364632462381, 26.925955856553287 ], [ 86.173211651654128, 26.925954853804399 ], [ 86.173007680840385, 26.925871858572748 ], [ 86.172803708228059, 26.925825858029896 ], [ 86.172497750208834, 26.925789857096731 ], [ 86.172242783993681, 26.925777852888643 ], [ 86.171935824124944, 26.925820844285511 ], [ 86.171727853107598, 26.925798842266317 ], [ 86.171749848831496, 26.925825840043387 ], [ 86.171794842128804, 26.925878835546598 ], [ 86.171858831896657, 26.925957830574646 ], [ 86.171958813604419, 26.926188810856615 ], [ 86.171957810855531, 26.92632579894439 ], [ 86.171956808106643, 26.926463786183717 ], [ 86.171885810787899, 26.926740760713301 ], [ 86.171865811568523, 26.926817752941531 ], [ 86.171825814029035, 26.927002735378721 ], [ 86.171806814860531, 26.927083727810555 ], [ 86.171747817253276, 26.927322705801771 ], [ 86.171733815641289, 26.927448694228985 ], [ 86.171768798537016, 26.927999644034742 ], [ 86.171755797875278, 26.928136631223197 ], [ 86.171767793989488, 26.928285619022461 ], [ 86.171791787117229, 26.928423607161108 ], [ 86.171855775985762, 26.928514599202629 ], [ 86.172160730356779, 26.9287575836928 ], [ 86.172236718936801, 26.928780582165587 ], [ 86.172389699745054, 26.928826581809119 ], [ 86.172466688376005, 26.928826582708439 ], [ 86.17269565686496, 26.928898579178792 ], [ 86.172887630665116, 26.928933580960347 ], [ 86.17307860351508, 26.929013576039267 ], [ 86.173333567931593, 26.929084574257388 ], [ 86.173409557410935, 26.929085576106957 ], [ 86.173524541680877, 26.929119574240303 ], [ 86.173944481221156, 26.929363560580043 ], [ 86.174097459331449, 26.929466553232373 ], [ 86.174287431231164, 26.929593545307796 ], [ 86.174631383090741, 26.929710541370753 ], [ 86.174785362151226, 26.929711544119641 ], [ 86.174977337750079, 26.929665550771404 ], [ 86.175149315928195, 26.929630557083726 ], [ 86.17519431012488, 26.929621558424287 ], [ 86.17523230576387, 26.929621558424287 ], [ 86.175347290933132, 26.929588563939092 ], [ 86.175807229811483, 26.929555575749248 ], [ 86.175986206547293, 26.929556578498136 ], [ 86.176024201286964, 26.929556579397456 ], [ 86.176131187847659, 26.929563580653053 ], [ 86.176203177123398, 26.929568581806905 ], [ 86.176280166653669, 26.929602579040989 ], [ 86.176433144763962, 26.929639578226386 ], [ 86.176777096623539, 26.929788571421568 ], [ 86.176865084015731, 26.92984756723024 ], [ 86.177056055966375, 26.929939562919969 ], [ 86.177209033177292, 26.930043556522548 ], [ 86.177281024251727, 26.930080553909306 ], [ 86.177324017447233, 26.930100553128739 ], [ 86.177475995506654, 26.930183547461013 ], [ 86.177679965421021, 26.930288542013841 ], [ 86.177794948791643, 26.930345538619974 ], [ 86.177985923440247, 26.930391538263507 ], [ 86.178443856820877, 26.93062452494263 ], [ 86.178558841090819, 26.930681522448083 ], [ 86.178863797260476, 26.930854511469022 ], [ 86.178993778696622, 26.930893510756221 ], [ 86.179055770161312, 26.930912509025404 ], [ 86.179361728180538, 26.931006506615631 ], [ 86.179590694870853, 26.931088502695673 ], [ 86.17993464762975, 26.93118150113429 ], [ 86.180087627538683, 26.931204501405716 ], [ 86.180206611112908, 26.931225501575341 ], [ 86.180419582384729, 26.931262502559377 ], [ 86.180615556388545, 26.93125550580038 ], [ 86.180675548650754, 26.931253508396537 ], [ 86.180789532869824, 26.931276506869324 ], [ 86.180942510080797, 26.931358502050045 ], [ 86.181152479401248, 26.931488495177462 ], [ 86.181184475634154, 26.931508493497518 ], [ 86.181299459004777, 26.931565491003028 ], [ 86.1814014435123, 26.931613488050345 ], [ 86.181553420672344, 26.931763476799858 ], [ 86.181629407453727, 26.931899465736024 ], [ 86.182432711830927, 26.931679029156157 ], [ 86.183503539717037, 26.932021952186403 ], [ 86.185009990495701, 26.932678480207812 ], [ 86.18543332769093, 26.932321723739676 ] ] ] ] } },
{ "type": "Feature", "properties": { "OBJECTID": 777, "Name": "Shidhashanti", "code": "DNS/PU/23/03", "regime": "CF", "area_ha": 13.237956218100001 }, "geometry": { "type": "MultiPolygon", "coordinates": [ [ [ [ 85.993289666335897, 26.918687376877415 ], [ 85.99229779031009, 26.919024330179298 ], [ 85.991815849412546, 26.919207304420695 ], [ 85.991946824604327, 26.919602271466886 ], [ 85.992168770253784, 26.920721174641756 ], [ 85.992226737233068, 26.921906067686336 ], [ 85.992151737912025, 26.922334028318289 ], [ 85.991954746770148, 26.92312695357009 ], [ 85.991932744750954, 26.923343934038769 ], [ 85.991770752692673, 26.924025868928936 ], [ 85.991504756239863, 26.92541674008362 ], [ 85.991502738151496, 26.926298659973099 ], [ 85.991547125302873, 26.926487930398309 ], [ 85.992071761718989, 26.926491678790512 ], [ 85.992803069625779, 26.92655009003704 ], [ 85.993255499129134, 26.926604662059333 ], [ 85.993260949946148, 26.926216484927124 ], [ 85.993343051247393, 26.925880199824689 ], [ 85.99338622520753, 26.925472715954356 ], [ 85.993548852190258, 26.924977433550396 ], [ 85.993514174166137, 26.924427553942962 ], [ 85.993439469824182, 26.923930579006765 ], [ 85.993443560859703, 26.923469625688256 ], [ 85.993702710741047, 26.923240982755431 ], [ 85.993865017563564, 26.922781158091482 ], [ 85.993868319889941, 26.922408849572719 ], [ 85.993654075171946, 26.922034990615373 ], [ 85.993420841178136, 26.921572344764684 ], [ 85.993425088696483, 26.921093663925092 ], [ 85.993469833779727, 26.920508889555947 ], [ 85.993356994403143, 26.919852071052105 ], [ 85.993204602653634, 26.919194971958461 ], [ 85.993289666335897, 26.918687376877415 ] ] ] ] } },
{ "type": "Feature", "properties": { "OBJECTID": 779, "Name": "Sundari", "code": "DNS/BA/01/01", "regime": "CF", "area_ha": 15.641166891299999 }, "geometry": { "type": "MultiPolygon", "coordinates": [ [ [ [ 85.921987297856106, 27.003607478064453 ], [ 85.921947307511232, 27.003435492691722 ], [ 85.921946312856278, 27.003194514598647 ], [ 85.921906321612141, 27.002988532891209 ], [ 85.92186832867111, 27.002920537523835 ], [ 85.921738349932923, 27.002759550013025 ], [ 85.92153437821986, 27.002681553237267 ], [ 85.9213124082886, 27.002647553305223 ], [ 85.921368398548509, 27.002761543819588 ], [ 85.921381396512288, 27.002797540256097 ], [ 85.9213563979377, 27.002864533773959 ], [ 85.92127940570947, 27.002934526545175 ], [ 85.921101427225949, 27.003038514751836 ], [ 85.920756470818844, 27.003164497783075 ], [ 85.920527498732554, 27.003303480576676 ], [ 85.920425509728432, 27.003419468494826 ], [ 85.920413510016886, 27.003464463590774 ], [ 85.920426507081345, 27.003532458058885 ], [ 85.920465501871945, 27.003555457430991 ], [ 85.920528493387508, 27.003544458669694 ], [ 85.92066947628291, 27.003441469614643 ], [ 85.92072046898636, 27.00345147012365 ], [ 85.92077146168981, 27.003485468257054 ], [ 85.920823453544813, 27.003578460400377 ], [ 85.920787447215673, 27.004058416484725 ], [ 85.920697452527065, 27.004344389673747 ], [ 85.920638454020434, 27.004678358111505 ], [ 85.920636452119993, 27.004781348965253 ], [ 85.920628445417492, 27.005158314195796 ], [ 85.920733420185172, 27.005640273079905 ], [ 85.920798408205258, 27.005812258452636 ], [ 85.920966378985156, 27.006120233660852 ], [ 85.921121354499235, 27.006290220730421 ], [ 85.92128832972486, 27.006427210616835 ], [ 85.921778250345142, 27.007146154584973 ], [ 85.922011209145126, 27.007558120697809 ], [ 85.922245166197342, 27.008140072081574 ], [ 85.922361146021558, 27.008346056487028 ], [ 85.922581109555779, 27.0086890289802 ], [ 85.922722087055206, 27.00886101705089 ], [ 85.922929052625705, 27.009169992309978 ], [ 85.923117023524298, 27.009344979634079 ], [ 85.923148018806955, 27.009373977512951 ], [ 85.923417980389672, 27.009542967229606 ], [ 85.923784928923396, 27.009654963038031 ], [ 85.92382692386667, 27.00966796190113 ], [ 85.923980902027836, 27.009689963021003 ], [ 85.924185871993132, 27.00980395713259 ], [ 85.92443083410194, 27.010056937635113 ], [ 85.924596811974595, 27.010088938364675 ], [ 85.924750789236498, 27.010157934682354 ], [ 85.924880769773324, 27.010280925654797 ], [ 85.924905765649896, 27.010305923330009 ], [ 85.925329703595139, 27.010624901796177 ], [ 85.925509674985847, 27.010806888577235 ], [ 85.92565065428397, 27.010898883367645 ], [ 85.925792630935007, 27.011102867671241 ], [ 85.925948602902736, 27.011446839316022 ], [ 85.926050589208899, 27.011478837347568 ], [ 85.926357549077693, 27.01140884907295 ], [ 85.926714505196287, 27.011246869605202 ], [ 85.926867487803179, 27.011110885165692 ], [ 85.926904485189937, 27.011018893972562 ], [ 85.926891487226214, 27.010972897026988 ], [ 85.926814499494583, 27.010904903458254 ], [ 85.926557536774965, 27.010755911162335 ], [ 85.926494546158722, 27.010703915710053 ], [ 85.926403559513119, 27.01063092008809 ], [ 85.926196594841997, 27.010265949173061 ], [ 85.926131607721231, 27.010035968941963 ], [ 85.926155609842169, 27.009807989711931 ], [ 85.926243603529656, 27.009624007325726 ], [ 85.926320593959247, 27.00955401635315 ], [ 85.926372588512265, 27.009469023717656 ], [ 85.926345592533835, 27.009464024362501 ], [ 85.925422720919642, 27.009193033950453 ], [ 85.925204751191927, 27.009113037072893 ], [ 85.924948788523238, 27.009011041773419 ], [ 85.924421865120223, 27.008680061797122 ], [ 85.924267888757697, 27.008510074727553 ], [ 85.924035928209946, 27.008167101335061 ], [ 85.923957942226082, 27.007961118728304 ], [ 85.923891955054444, 27.007755136121546 ], [ 85.923865961824902, 27.007618148033771 ], [ 85.923709989857173, 27.007276176490848 ], [ 85.923709990756549, 27.00724218015614 ], [ 85.923594010033014, 27.007069192933841 ], [ 85.92346503044638, 27.006899206763592 ], [ 85.923169077432817, 27.006522235237753 ], [ 85.922860125556156, 27.006213258179969 ], [ 85.922718148005799, 27.006054268972321 ], [ 85.922576171354763, 27.005848286365563 ], [ 85.922486186558729, 27.005678299295994 ], [ 85.922329217238143, 27.005232337747771 ], [ 85.922290226044822, 27.00506035237504 ], [ 85.922263235462424, 27.004819373382645 ], [ 85.92226124255518, 27.004476404486809 ], [ 85.922221253109683, 27.004236425545344 ], [ 85.922143268025138, 27.004030442039209 ], [ 85.922091278868152, 27.003881455139265 ], [ 85.921987297856106, 27.003607478064453 ] ] ] ] } },
{ "type": "Feature", "properties": { "OBJECTID": 780, "Name": "Sundari", "code": "DNS/BA/01/01", "regime": "CF", "area_ha": 1646.1598691300001 }, "geometry": { "type": "MultiPolygon", "coordinates": [ [ [ [ 85.944704594448069, 27.010338546393427 ], [ 85.944611150842888, 27.010208272676152 ], [ 85.942737421477773, 27.009229330761968 ], [ 85.940837697084476, 27.008163392513211 ], [ 85.940385764009307, 27.007862413164673 ], [ 85.940089806499088, 27.007655426010388 ], [ 85.938763996209957, 27.007049457217079 ], [ 85.938363054039485, 27.006795473965667 ], [ 85.935952389071133, 27.006133491529908 ], [ 85.932746816735687, 27.006046444833089 ], [ 85.931259017086234, 27.005925428781325 ], [ 85.929699220966427, 27.006070389397166 ], [ 85.928780325274033, 27.00687930017483 ], [ 85.928248380932018, 27.007582227140688 ], [ 85.92810238788951, 27.008161172076427 ], [ 85.928090384580685, 27.00837315318995 ], [ 85.928249364795022, 27.008327159841713 ], [ 85.928518321830211, 27.008674134337184 ], [ 85.928591310257502, 27.008698131961523 ], [ 85.928656300975604, 27.008789125801684 ], [ 85.928678296699502, 27.008858120320724 ], [ 85.928681295952856, 27.008867118080843 ], [ 85.928734285160829, 27.009029105642526 ], [ 85.92873628526263, 27.009042104505568 ], [ 85.928747280426592, 27.009144095308386 ], [ 85.92886426030168, 27.009350077915144 ], [ 85.928884257722416, 27.009373076387931 ], [ 85.928878254719052, 27.009589057705057 ], [ 85.928883252275568, 27.009603055719708 ], [ 85.928891251783455, 27.009623053140444 ], [ 85.928866252309547, 27.009727044045064 ], [ 85.928765262456977, 27.009864030334199 ], [ 85.928688271128067, 27.009933023054543 ], [ 85.928586283922527, 27.00999101701359 ], [ 85.928267323442924, 27.010108000486014 ], [ 85.928229328703253, 27.010107999586694 ], [ 85.92803835135669, 27.010234983568125 ], [ 85.927949360316234, 27.010360971995283 ], [ 85.927950358568523, 27.010464962000583 ], [ 85.928015345689289, 27.010636947373314 ], [ 85.928042337171064, 27.010841929929143 ], [ 85.92810732429183, 27.011081909769985 ], [ 85.92809532547966, 27.011115906104692 ], [ 85.928044329178931, 27.011218896059063 ], [ 85.928012332046706, 27.01125689169811 ], [ 85.92791734339886, 27.011368879412601 ], [ 85.927829352409333, 27.011424873269902 ], [ 85.927573383445349, 27.011587854587162 ], [ 85.927458397376768, 27.011622849174159 ], [ 85.927343413106826, 27.011623847426392 ], [ 85.927113444566942, 27.01157784688354 ], [ 85.926729496067253, 27.011567840978557 ], [ 85.926614510897991, 27.011625834038284 ], [ 85.926374531956469, 27.01209778701741 ], [ 85.926375526611423, 27.012336765008683 ], [ 85.926453514393927, 27.012440756812623 ], [ 85.926491508234278, 27.012463756184729 ], [ 85.926709478861312, 27.012496756965163 ], [ 85.92701743608302, 27.012621751636686 ], [ 85.927261398140899, 27.012792740555824 ], [ 85.927364381800032, 27.012950727913903 ], [ 85.927403376590576, 27.01297372638669 ], [ 85.927505361997419, 27.013008724570966 ], [ 85.927761328263443, 27.0130417253514 ], [ 85.927864312821896, 27.013087724095612 ], [ 85.927915305525346, 27.013133720141809 ], [ 85.927962298025136, 27.01320171460992 ], [ 85.928328237514677, 27.013736672594518 ], [ 85.92852320067567, 27.014252629611974 ], [ 85.928588189595075, 27.014320624979405 ], [ 85.928690176800615, 27.014319626727172 ], [ 85.928830160544464, 27.01421663857144 ], [ 85.928932148649267, 27.014169643373634 ], [ 85.929086127709809, 27.014146648498127 ], [ 85.929239107618741, 27.014145652044533 ], [ 85.929393085779907, 27.014202649550043 ], [ 85.929471072663091, 27.014338638486208 ], [ 85.929458072001353, 27.014442628491508 ], [ 85.929407076599944, 27.014512621262782 ], [ 85.928986128914858, 27.014684599440841 ], [ 85.92893613446364, 27.014765590973354 ], [ 85.928978125809635, 27.014869581877974 ], [ 85.929091109977776, 27.014972574530361 ], [ 85.929152101391594, 27.014963576770242 ], [ 85.929244089886708, 27.014948578704661 ], [ 85.929346077991568, 27.014877586781836 ], [ 85.929423067521782, 27.014877588580475 ], [ 85.929606043561876, 27.014849594349869 ], [ 85.929729027339704, 27.014830597879325 ], [ 85.929818016581464, 27.014783604480215 ], [ 85.929946998866001, 27.01481860356381 ], [ 85.930061982236623, 27.014875600169944 ], [ 85.930113974091626, 27.014943594638055 ], [ 85.930075975754676, 27.015092580638623 ], [ 85.929948990873868, 27.015172571220944 ], [ 85.929821006841564, 27.015207565807884 ], [ 85.929706021672303, 27.015220562872344 ], [ 85.929670027034433, 27.015218562770542 ], [ 85.92967702649139, 27.015238560191278 ], [ 85.929424058579457, 27.015308550264535 ], [ 85.929317071119442, 27.015339544647873 ], [ 85.92891312429964, 27.01538653444976 ], [ 85.928777138960754, 27.015520519686788 ], [ 85.928839129526125, 27.015590514256701 ], [ 85.928891118683168, 27.015762500528751 ], [ 85.92882712441866, 27.015866488735412 ], [ 85.92859914968534, 27.016107463231151 ], [ 85.928596148633289, 27.016186456460503 ], [ 85.928544154080328, 27.01629744502344 ], [ 85.928600143440974, 27.016408435385074 ], [ 85.92874212368929, 27.016483432008158 ], [ 85.92915206721716, 27.016563432482997 ], [ 85.929407033432312, 27.016538439304384 ], [ 85.929662999698337, 27.01654944166296 ], [ 85.929867971462272, 27.016593441204691 ], [ 85.929970956919988, 27.016650437810824 ], [ 85.930048942903852, 27.016811425321634 ], [ 85.930048942004532, 27.016879418890369 ], [ 85.929998945754733, 27.01698240794542 ], [ 85.929959950064813, 27.017005405518887 ], [ 85.929883959686151, 27.017018403482666 ], [ 85.929729981524929, 27.016971404687524 ], [ 85.929499013833492, 27.016859410677739 ], [ 85.929307041831976, 27.016801412222037 ], [ 85.929115067132443, 27.016791410813653 ], [ 85.929077071493452, 27.016804408777432 ], [ 85.929038075803533, 27.016849403873437 ], [ 85.929077069694756, 27.016905399529321 ], [ 85.929180054253209, 27.016951397374214 ], [ 85.929845963147784, 27.017121394336357 ], [ 85.929947948554627, 27.01716739128193 ], [ 85.92999994040963, 27.017199389313475 ], [ 85.930076927241942, 27.017326377791562 ], [ 85.930115920233845, 27.01742837039302 ], [ 85.930116917586759, 27.01753236039832 ], [ 85.93005392247386, 27.017705344023284 ], [ 85.929849946264198, 27.017866327037382 ], [ 85.929416000615333, 27.018027303756242 ], [ 85.928995054728887, 27.018110289095318 ], [ 85.928761081488744, 27.018288268478159 ], [ 85.928793072325732, 27.018503249744356 ], [ 85.928807069441064, 27.018566244857254 ], [ 85.928895059531214, 27.018522250711499 ], [ 85.929010045599796, 27.018442260129234 ], [ 85.9295069836636, 27.018188291267052 ], [ 85.929710958973942, 27.018106301482248 ], [ 85.930476863965509, 27.017828341291022 ], [ 85.9305148596045, 27.017783345295697 ], [ 85.930667841312129, 27.017678357038108 ], [ 85.930871816622471, 27.017551372157357 ], [ 85.930960806763551, 27.017493379996949 ], [ 85.931113789370443, 27.017356393707814 ], [ 85.931138787045711, 27.017309399409385 ], [ 85.931189779749104, 27.017287401886847 ], [ 85.931367760930641, 27.017126419772012 ], [ 85.931634727756602, 27.016963438454752 ], [ 85.931788708615727, 27.016894448432367 ], [ 85.931979685063027, 27.016826456662272 ], [ 85.932630603086636, 27.016650483676472 ], [ 85.933013555132732, 27.0164885051081 ], [ 85.933153537977262, 27.016431512998565 ], [ 85.933345513576114, 27.016371521635676 ], [ 85.933690469083899, 27.016313533072548 ], [ 85.93377945832566, 27.01629153644933 ], [ 85.933894442595602, 27.016290539096417 ], [ 85.934214399528798, 27.016299543151831 ], [ 85.934534356461995, 27.01634454544245 ], [ 85.934560353288816, 27.01634454544245 ], [ 85.934867311358971, 27.01640154564592 ], [ 85.935136274689398, 27.016421548462574 ], [ 85.935404239767593, 27.016398554486443 ], [ 85.935583217402666, 27.016363561698142 ], [ 85.935851183380237, 27.016293571624885 ], [ 85.936043158079713, 27.016292575171292 ], [ 85.936210136003297, 27.016291577818379 ], [ 85.936286124583376, 27.016315578140677 ], [ 85.936517094073452, 27.016301582823985 ], [ 85.936849048919498, 27.016335585453987 ], [ 85.937425968572313, 27.016504581465938 ], [ 85.937528954929405, 27.016550578411511 ], [ 85.937604943509427, 27.016582576443056 ], [ 85.937681932140379, 27.016627573337701 ], [ 85.937951893723039, 27.016717570724325 ], [ 85.938142869271019, 27.016683576188257 ], [ 85.93825785623892, 27.016625583128473 ], [ 85.938410837946492, 27.016556593106145 ], [ 85.938717797815286, 27.016464606409613 ], [ 85.939062754222391, 27.016417616607782 ], [ 85.939254727123284, 27.016450616488896 ], [ 85.93945869973561, 27.016483618168706 ], [ 85.940150603658367, 27.016675612653387 ], [ 85.940266587079918, 27.016730610057039 ], [ 85.940574542502929, 27.016936596261132 ], [ 85.940664528198283, 27.016982593206649 ], [ 85.9408954949904, 27.017130584552319 ], [ 85.941241446951778, 27.017232580751113 ], [ 85.941254444915558, 27.01724358041173 ], [ 85.941485413506314, 27.017277581243093 ], [ 85.941753376785869, 27.017308582821045 ], [ 85.941881359918852, 27.01734358190464 ], [ 85.94210032520084, 27.017536568346316 ], [ 85.942126321128342, 27.01758156434164 ], [ 85.942293296353967, 27.017741552700841 ], [ 85.942345287309649, 27.017834545743483 ], [ 85.942577252353999, 27.018038531845775 ], [ 85.942808218246796, 27.018187521443679 ], [ 85.942962196407962, 27.018253519407267 ], [ 85.943231157939749, 27.018321516573337 ], [ 85.943615107338815, 27.018353520900178 ], [ 85.943653102078486, 27.018365520611667 ], [ 85.943755089284025, 27.018377521222533 ], [ 85.943846075030251, 27.018434517828666 ], [ 85.943884069769922, 27.018445517489283 ], [ 85.943910065697423, 27.018479513823991 ], [ 85.944064042959269, 27.018593507036258 ], [ 85.944282011787664, 27.018717498958949 ], [ 85.944322005729816, 27.018734498025651 ], [ 85.944251012008351, 27.018837487980022 ], [ 85.944081030334758, 27.019080462577563 ], [ 85.944001037054477, 27.019240446440165 ], [ 85.943799057349281, 27.019505420358882 ], [ 85.943780059979474, 27.019510418814775 ], [ 85.943791058740715, 27.019512418916577 ], [ 85.943635077779788, 27.019592408599522 ], [ 85.943662070160883, 27.019775392733493 ], [ 85.943817043876322, 27.020002374610556 ], [ 85.943830041840044, 27.020049371607001 ], [ 85.943958022275126, 27.020188360695897 ], [ 85.943998015317959, 27.02023135748874 ], [ 85.944100000724802, 27.020322352228277 ], [ 85.944292972777248, 27.020411345966693 ], [ 85.944522941317075, 27.020445346797999 ], [ 85.944753909907888, 27.020444352143102 ], [ 85.944894891903971, 27.02046835156608 ], [ 85.944932885744322, 27.020502350598804 ], [ 85.944958880772504, 27.020592341690076 ], [ 85.944974867197686, 27.021096296298083 ], [ 85.94501485664324, 27.021371272524505 ], [ 85.945182827423082, 27.021646250549622 ], [ 85.945196824538414, 27.021736242540214 ], [ 85.945183823876675, 27.02179523744951 ], [ 85.945120831461793, 27.021864229270534 ], [ 85.945018845155573, 27.021886225893752 ], [ 85.944659892532457, 27.021854222466231 ], [ 85.94451891233507, 27.02181422402748 ], [ 85.94441692692817, 27.02178722535109 ], [ 85.944364933274528, 27.021764225978984 ], [ 85.944210956012682, 27.021672231188575 ], [ 85.944185960136053, 27.02162723519325 ], [ 85.944005986946706, 27.021501242269437 ], [ 85.943801015182771, 27.021457243627026 ], [ 85.943494056213297, 27.021448239571612 ], [ 85.943314083023949, 27.021334246359288 ], [ 85.943146109546092, 27.021127261903018 ], [ 85.943056122052099, 27.021059267434907 ], [ 85.942851151187483, 27.02099226852107 ], [ 85.942749164881263, 27.020991266671501 ], [ 85.942582187856999, 27.020981265263174 ], [ 85.942455204774888, 27.020982263515407 ], [ 85.942262232722442, 27.020857271541843 ], [ 85.942159246365406, 27.020836271372218 ], [ 85.941853285648165, 27.020928257169373 ], [ 85.941751298442682, 27.020916256558564 ], [ 85.941661312747328, 27.020881259273608 ], [ 85.941532331362055, 27.020792264635929 ], [ 85.941352359971347, 27.020552282996448 ], [ 85.941287371051885, 27.02045029129431 ], [ 85.941196388003618, 27.020208311351666 ], [ 85.941195390650705, 27.020106320548848 ], [ 85.941259385814533, 27.01998033212169 ], [ 85.941411367471233, 27.019842347580322 ], [ 85.941666338182984, 27.019656369588915 ], [ 85.941700334517691, 27.019625372507619 ], [ 85.941920309743125, 27.019414395042304 ], [ 85.942047296422572, 27.019244412469334 ], [ 85.942085292960883, 27.01914042336341 ], [ 85.942108291433669, 27.019064430286733 ], [ 85.94208429470865, 27.01904843127096 ], [ 85.941891324454843, 27.018900441723929 ], [ 85.941788339896391, 27.018786450310301 ], [ 85.941660360360686, 27.018684456809467 ], [ 85.94150638219952, 27.018592462019058 ], [ 85.941147431375043, 27.018502464632491 ], [ 85.940800482060752, 27.018309475492799 ], [ 85.940608510059235, 27.018184483519235 ], [ 85.94030155198908, 27.018139483027312 ], [ 85.940146574676362, 27.018061488050193 ], [ 85.939966601486958, 27.01792449636514 ], [ 85.939825622188835, 27.01784450128622 ], [ 85.939756632166507, 27.017816502558901 ], [ 85.939698638207403, 27.01787949587316 ], [ 85.939634644842272, 27.017982485827531 ], [ 85.939545653801872, 27.018052477699484 ], [ 85.93930268549957, 27.018086469537593 ], [ 85.939263691608346, 27.018097468298834 ], [ 85.939277686025662, 27.018190460442213 ], [ 85.939393668547837, 27.018303451804911 ], [ 85.939547646709059, 27.018372449021911 ], [ 85.940239550631816, 27.01856544355752 ], [ 85.940623498232185, 27.018631444219068 ], [ 85.940931455453892, 27.018744439179102 ], [ 85.941226412913181, 27.01887943166173 ], [ 85.941342394536036, 27.018984424415862 ], [ 85.941368389564218, 27.019074416406511 ], [ 85.941369386917131, 27.019212404545215 ], [ 85.94129339384051, 27.019396386032099 ], [ 85.941179406024162, 27.01949937508715 ], [ 85.941149408993738, 27.019517373305405 ], [ 85.941026424316533, 27.019590363531393 ], [ 85.940770457151189, 27.019638355182792 ], [ 85.940566485438183, 27.019605355301678 ], [ 85.940360514522638, 27.019525359323438 ], [ 85.940283524992367, 27.019526357575671 ], [ 85.940258527317155, 27.019560353910379 ], [ 85.94028452144596, 27.019653345154438 ], [ 85.940542481518548, 27.019914326963487 ], [ 85.940709456744116, 27.020039318037732 ], [ 85.94079944154015, 27.020175306973954 ], [ 85.940826433021925, 27.020406286356604 ], [ 85.940789435635168, 27.020509277210351 ], [ 85.940700446393407, 27.020565270168277 ], [ 85.940635455675363, 27.020556269710141 ], [ 85.940558467044411, 27.020510273663945 ], [ 85.940481478413517, 27.020408280163167 ], [ 85.940248518714156, 27.019995313999402 ], [ 85.940209525722253, 27.019893323196584 ], [ 85.940080547034995, 27.019698338451747 ], [ 85.939939568636191, 27.019596344051649 ], [ 85.939836583178419, 27.019550347106076 ], [ 85.939682605916573, 27.019425356031832 ], [ 85.939514633338035, 27.019220370777987 ], [ 85.93936065517687, 27.019129376937826 ], [ 85.93925866887065, 27.019142374002229 ], [ 85.939207674368561, 27.019232365093558 ], [ 85.939208671721474, 27.019324357186008 ], [ 85.939247663814115, 27.019462345324655 ], [ 85.939364641890563, 27.019736322399524 ], [ 85.939352641279754, 27.019828313592654 ], [ 85.939288647914566, 27.019907305922686 ], [ 85.939186661608403, 27.019942300509626 ], [ 85.938986687400984, 27.01995929507973 ], [ 85.938879701739609, 27.01996729278892 ], [ 85.938816709324669, 27.019991289513996 ], [ 85.938714719421171, 27.020106278280537 ], [ 85.938587735439739, 27.020197266724779 ], [ 85.938485748234257, 27.020244261023265 ], [ 85.938331767375075, 27.020267256798036 ], [ 85.93812679561114, 27.020257253591012 ], [ 85.937973815702208, 27.020222254507416 ], [ 85.93761486577705, 27.020086260175276 ], [ 85.937460887615885, 27.020053261193482 ], [ 85.937358902209041, 27.020055258597324 ], [ 85.937269912067961, 27.020111252454569 ], [ 85.937256912305543, 27.020158246753056 ], [ 85.937282907333724, 27.020248240542344 ], [ 85.937321902124268, 27.020294236588541 ], [ 85.937449882559349, 27.020371231514787 ], [ 85.937526871190244, 27.020419228562162 ], [ 85.937706845278967, 27.020522222113811 ], [ 85.937848821930004, 27.02068121042214 ], [ 85.937861818095087, 27.020819198560787 ], [ 85.937825818061242, 27.021049177892564 ], [ 85.937838814226325, 27.021139168983893 ], [ 85.937908801601623, 27.021293156138313 ], [ 85.937916800210189, 27.021311154356624 ], [ 85.937929797274649, 27.021368150063438 ], [ 85.938019782970002, 27.021495140340164 ], [ 85.938135765492177, 27.021586134180325 ], [ 85.938212754123072, 27.02160713345063 ], [ 85.938416727634774, 27.021595138235739 ], [ 85.938480719201266, 27.021618136708526 ], [ 85.938519711293907, 27.021697129937877 ], [ 85.938494713618638, 27.021756124847229 ], [ 85.938456717979648, 27.021778122369767 ], [ 85.938290741006256, 27.021790118483921 ], [ 85.938238746453294, 27.021815115259869 ], [ 85.938213748778026, 27.021860110355874 ], [ 85.938227745893357, 27.021927103873736 ], [ 85.938291736560529, 27.021984101379189 ], [ 85.938470711497644, 27.022053096797549 ], [ 85.938548698380828, 27.022133091876469 ], [ 85.938548696582188, 27.022232082526557 ], [ 85.938599689285638, 27.02222408391799 ], [ 85.93913661769426, 27.022212094099075 ], [ 85.939354590119933, 27.022198100581079 ], [ 85.939431579650204, 27.022198101480399 ], [ 85.939699545627718, 27.022139111067702 ], [ 85.939891519427931, 27.022150113426278 ], [ 85.940121488867078, 27.022183114206769 ], [ 85.940352455659195, 27.022286108657795 ], [ 85.940455439318328, 27.022411099731983 ], [ 85.940520428237733, 27.02250209267288 ], [ 85.940585415358555, 27.022685077706171 ], [ 85.940600407128784, 27.022961051285563 ], [ 85.940586409114132, 27.022972050946123 ], [ 85.940575406755556, 27.023200030176099 ], [ 85.940538407570159, 27.023407011035147 ], [ 85.940527403412943, 27.023647989128165 ], [ 85.940490405126866, 27.023785975468229 ], [ 85.940425410811486, 27.023868968001864 ], [ 85.940452407689179, 27.023877966661303 ], [ 85.940644379690752, 27.024000959432442 ], [ 85.940786358140429, 27.02412595050663 ], [ 85.940863346771323, 27.024196945127471 ], [ 85.941018320486819, 27.024423927004534 ], [ 85.941095309117713, 27.024491922371908 ], [ 85.941249287278936, 27.024560918689588 ], [ 85.941364271548878, 27.024558921285745 ], [ 85.941518251508683, 27.024593921268661 ], [ 85.941556245349034, 27.024605920080887 ], [ 85.941685228532947, 27.024649917823922 ], [ 85.941826206032431, 27.024785908558783 ], [ 85.941904192915615, 27.024924897647679 ], [ 85.941956181173282, 27.025107881781651 ], [ 85.941944179663153, 27.025244868970105 ], [ 85.941937181105459, 27.02526286718836 ], [ 85.941864191778848, 27.025242867069608 ], [ 85.941759205319954, 27.025211868189615 ], [ 85.941569230722223, 27.025214864745067 ], [ 85.941427249574588, 27.025211862793697 ], [ 85.941297268138385, 27.02520086313308 ], [ 85.941126289111878, 27.025216857652254 ], [ 85.941106291691142, 27.025229855615976 ], [ 85.94110429248866, 27.0252248553615 ], [ 85.940946314123835, 27.025226852765286 ], [ 85.9407413423599, 27.025134857974876 ], [ 85.940600363061833, 27.025020866561249 ], [ 85.94044638579993, 27.024931871024194 ], [ 85.940343400342215, 27.024907872500535 ], [ 85.939832467861038, 27.024899863999337 ], [ 85.939473517036561, 27.024820865374011 ], [ 85.939267547020393, 27.024705871211495 ], [ 85.939118569113703, 27.024573881579613 ], [ 85.939074577665963, 27.024535884141926 ], [ 85.939049580890014, 27.02450088595765 ], [ 85.939009588746501, 27.024399895205761 ], [ 85.939022588508919, 27.024295904301141 ], [ 85.939086580974731, 27.024248910002655 ], [ 85.93920056609312, 27.024249911852223 ], [ 85.939338546137833, 27.024329906031824 ], [ 85.939290555385753, 27.024202917553737 ], [ 85.939276559169741, 27.02406493031441 ], [ 85.939365552008837, 27.023905944704097 ], [ 85.939567532613296, 27.023548980491569 ], [ 85.939707516357146, 27.023409995899272 ], [ 85.940012482419434, 27.023180021963469 ], [ 85.940088473697415, 27.023065034096248 ], [ 85.940126472034422, 27.022928046907793 ], [ 85.940099477854631, 27.022790058769147 ], [ 85.940054487255281, 27.022641071869202 ], [ 85.939805518647631, 27.0227220607037 ], [ 85.93960054598432, 27.022748053933242 ], [ 85.939243590765045, 27.022885035725722 ], [ 85.938936629996931, 27.022932026426872 ], [ 85.938630667481107, 27.023038011138055 ], [ 85.938375698567995, 27.023175993880727 ], [ 85.9381207323529, 27.023210986669085 ], [ 85.937838770159374, 27.023176984039026 ], [ 85.937761781528422, 27.023166984429338 ], [ 85.937517814074567, 27.023099986414877 ], [ 85.937415829567044, 27.023042989808687 ], [ 85.937261852305198, 27.022917998734442 ], [ 85.937158869545385, 27.022793007660255 ], [ 85.937132872718564, 27.022781007948709 ], [ 85.936964898341387, 27.022622019640437 ], [ 85.936900908573534, 27.022518027836497 ], [ 85.936770935231323, 27.022140060756328 ], [ 85.936702947957826, 27.021934077250251 ], [ 85.936628958580286, 27.021924077640563 ], [ 85.936589963789686, 27.021890078607839 ], [ 85.936321002257898, 27.021775085344643 ], [ 85.936052038927471, 27.021767081340158 ], [ 85.935784072050581, 27.02180107407753 ], [ 85.935439116542796, 27.021918056650634 ], [ 85.935171150565282, 27.021977047063331 ], [ 85.935094161035011, 27.021999044585868 ], [ 85.935069162460479, 27.022035040123058 ], [ 85.935084159626683, 27.022096035134155 ], [ 85.935097158489782, 27.022089035677141 ], [ 85.935286133935904, 27.022056042091322 ], [ 85.935440112996389, 27.022055044738408 ], [ 85.935542099302609, 27.022079044161387 ], [ 85.93556809433079, 27.022113041395471 ], [ 85.935543096655522, 27.022180035812653 ], [ 85.93547910418971, 27.022250027684549 ], [ 85.9352501312041, 27.022388012225917 ], [ 85.93507215092194, 27.022559993101993 ], [ 85.934944166889579, 27.0226179852624 ], [ 85.934714197450376, 27.022618980816674 ], [ 85.934445235019268, 27.022527985177874 ], [ 85.934407239380278, 27.022541983192525 ], [ 85.934369244640607, 27.022586978288473 ], [ 85.934350246371423, 27.022603976455855 ], [ 85.934254256773329, 27.022689966444261 ], [ 85.934166264884482, 27.022862949169848 ], [ 85.934089273555628, 27.022931942789569 ], [ 85.933936292747319, 27.023000932811897 ], [ 85.933821306678738, 27.023024928637597 ], [ 85.933708322510597, 27.023012928026787 ], [ 85.933698322900909, 27.023027926092311 ], [ 85.932862426936765, 27.023382880310464 ], [ 85.932445481253922, 27.02345186673557 ], [ 85.932096528240493, 27.023397864886135 ], [ 85.931738576567625, 27.023387859880472 ], [ 85.931430618446598, 27.023319860915763 ], [ 85.931276640285432, 27.023262863410309 ], [ 85.931143659595875, 27.02316686931556 ], [ 85.931020675818047, 27.023172866923005 ], [ 85.930406755181139, 27.023266848325363 ], [ 85.930060800521801, 27.023307838721109 ], [ 85.929997809006181, 27.023313836328555 ], [ 85.929895821800699, 27.023314834580788 ], [ 85.929690848238124, 27.023349828268408 ], [ 85.929384887520882, 27.02345381377711 ], [ 85.929282901214719, 27.023443813268045 ], [ 85.928949945418424, 27.023409809738723 ], [ 85.928489008287784, 27.023389803324733 ], [ 85.928258038797708, 27.023331803969711 ], [ 85.92818204572103, 27.02345979249867 ], [ 85.92817004780818, 27.023493788833377 ], [ 85.92809305647927, 27.023562781553721 ], [ 85.927991069273787, 27.023620774613505 ], [ 85.927765097340227, 27.023693763940116 ], [ 85.927608117227635, 27.023760753860699 ], [ 85.927494130310663, 27.023817748668193 ], [ 85.927224166929307, 27.023772747276894 ], [ 85.927183172936225, 27.023761746716957 ], [ 85.927151177602639, 27.023752747158198 ], [ 85.927071187919694, 27.023726748532681 ], [ 85.926994198389423, 27.023728746835843 ], [ 85.92695420354795, 27.02373974559714 ], [ 85.926726232411909, 27.023807735568596 ], [ 85.926418276089521, 27.023694740608562 ], [ 85.926354285422349, 27.023626745241131 ], [ 85.926315292430445, 27.023535752300234 ], [ 85.926237304647941, 27.02346775693286 ], [ 85.926135319241041, 27.023410760326669 ], [ 85.925674381211081, 27.023388755609517 ], [ 85.925329426602616, 27.023447743324198 ], [ 85.925175445743491, 27.023436741864998 ], [ 85.924752506050481, 27.023300747532801 ], [ 85.924330563710441, 27.023222746260444 ], [ 85.924253573280851, 27.023244743782982 ], [ 85.924228576504902, 27.023280740219491 ], [ 85.924228574706262, 27.023337734127665 ], [ 85.924331559264715, 27.023439727628443 ], [ 85.9243965472848, 27.023543718533062 ], [ 85.924345551883391, 27.023647708538363 ], [ 85.924256562641631, 27.023703702395665 ], [ 85.924115581544868, 27.023692700936408 ], [ 85.92380762522248, 27.023613702311081 ], [ 85.923423678521431, 27.023466709217644 ], [ 85.923231705620594, 27.023410709964423 ], [ 85.923154715191004, 27.023410709065104 ], [ 85.923115720400403, 27.023421707826344 ], [ 85.923014731447154, 27.023526696083877 ], [ 85.922976734009524, 27.023616688074526 ], [ 85.922976733110147, 27.023686681745119 ], [ 85.922951735434935, 27.023720677180506 ], [ 85.922928737861469, 27.023740674601243 ], [ 85.922849747330076, 27.023811668322708 ], [ 85.922824749654808, 27.023847664759273 ], [ 85.922824747856168, 27.023949654662715 ], [ 85.92288973677563, 27.024087643700739 ], [ 85.922889735876254, 27.024121640035446 ], [ 85.922877733466805, 27.024281625696688 ], [ 85.922890732329904, 27.024292624457928 ], [ 85.923020709269395, 27.024521606436792 ], [ 85.923264672226651, 27.02471559292934 ], [ 85.923367654986407, 27.02487658044015 ], [ 85.923522629601166, 27.025103563216533 ], [ 85.923574620556849, 27.02524155045586 ], [ 85.923768588163568, 27.025560526224012 ], [ 85.923871570024005, 27.025721512835446 ], [ 85.924091531759586, 27.026131480645176 ], [ 85.924221507799814, 27.026451452866922 ], [ 85.9242734969568, 27.026659435575482 ], [ 85.924326484366077, 27.026887415704778 ], [ 85.924403472097708, 27.027023404640943 ], [ 85.924559443166061, 27.027390373859134 ], [ 85.924599433510934, 27.027618354887807 ], [ 85.924651421768658, 27.027790340260481 ], [ 85.924704410077254, 27.028018320389833 ], [ 85.924781396909509, 27.028201305423124 ], [ 85.924859383792693, 27.028292297464645 ], [ 85.924897378532364, 27.028326295598049 ], [ 85.925026357219679, 27.028488283159732 ], [ 85.925116342915032, 27.028590275761189 ], [ 85.925181330935118, 27.028714264985865 ], [ 85.92519432799952, 27.028760261931438 ], [ 85.925206323214411, 27.028956244029132 ], [ 85.925208321517573, 27.029001240024456 ], [ 85.925245311709716, 27.029263216488516 ], [ 85.92524831096307, 27.029288215063104 ], [ 85.925249306517344, 27.029471198297756 ], [ 85.925328288954802, 27.029837166565699 ], [ 85.925380278111845, 27.029973154602601 ], [ 85.925432268168151, 27.030111143640568 ], [ 85.925471261160112, 27.030201135631216 ], [ 85.925613237811149, 27.030419118848783 ], [ 85.925717220621834, 27.030603104832323 ], [ 85.925795205706322, 27.030786088966295 ], [ 85.925808201871462, 27.030876080956943 ], [ 85.925809199224375, 27.03100306943503 ], [ 85.925810194778649, 27.031174053857512 ], [ 85.925798191469823, 27.031368035853461 ], [ 85.9257621878387, 27.03178099841989 ], [ 85.925687192114935, 27.032054971897423 ], [ 85.925585202211494, 27.032194957439913 ], [ 85.925471216193785, 27.032263949260937 ], [ 85.925395224016427, 27.032355939554748 ], [ 85.925382224254065, 27.032458930408438 ], [ 85.92544721317347, 27.032527925826798 ], [ 85.925562197443412, 27.032593921092428 ], [ 85.925947143296071, 27.032718916663271 ], [ 85.926127116485418, 27.032843908636835 ], [ 85.92619110625327, 27.032923902816435 ], [ 85.926256095172675, 27.033061890955082 ], [ 85.926218096835726, 27.033198877244217 ], [ 85.926168102384509, 27.033279869676051 ], [ 85.925939127600259, 27.033496845648131 ], [ 85.925850136559859, 27.033635832039067 ], [ 85.925825137985271, 27.033725823130339 ], [ 85.925839132402643, 27.033863810369724 ], [ 85.925865129229464, 27.033908807264368 ], [ 85.925875127939833, 27.033914807569772 ], [ 85.925903123069816, 27.033931806636474 ], [ 85.926018108239077, 27.033910810064128 ], [ 85.926133093408339, 27.033852817004401 ], [ 85.926286076914607, 27.033736830884891 ], [ 85.92647705336185, 27.033667839063867 ], [ 85.926631032422335, 27.03368984018374 ], [ 85.926708020153967, 27.033734837977704 ], [ 85.926785007885599, 27.033836830579162 ], [ 85.926837997093514, 27.034020814764062 ], [ 85.92681299492159, 27.0342507922972 ], [ 85.926826990238283, 27.034432776380299 ], [ 85.926917974185869, 27.034557767454544 ], [ 85.92699496461546, 27.034569768065353 ], [ 85.927032960254508, 27.034547770542815 ], [ 85.927147945423769, 27.034478778721791 ], [ 85.927300927131341, 27.034384790124818 ], [ 85.927440909076495, 27.034338795877261 ], [ 85.927632883776027, 27.034337799423668 ], [ 85.927786863735889, 27.03439579698005 ], [ 85.92782485757624, 27.034429794214077 ], [ 85.927861852264982, 27.034454792788665 ], [ 85.928004829866268, 27.034554787087018 ], [ 85.928390771273143, 27.034907761887837 ], [ 85.928506755594015, 27.03496475849397 ], [ 85.928659734603627, 27.034986758714524 ], [ 85.928749722097621, 27.034962762888824 ], [ 85.92881271541188, 27.034894769320033 ], [ 85.928876710575707, 27.034755783828473 ], [ 85.928900709998686, 27.034642793365038 ], [ 85.928926707724827, 27.034606796928529 ], [ 85.929041692894089, 27.034537806006824 ], [ 85.929233667593621, 27.034525809892614 ], [ 85.929309656173643, 27.034560808976266 ], [ 85.929425638695818, 27.034673800338965 ], [ 85.92954162211737, 27.034742795757325 ], [ 85.92961861254696, 27.034765795129431 ], [ 85.929695600278535, 27.034822790836245 ], [ 85.929696596732128, 27.034960778974892 ], [ 85.92963359982059, 27.035234753351745 ], [ 85.929634597173504, 27.035372740591129 ], [ 85.929686587229867, 27.035463733531969 ], [ 85.929763575860761, 27.0355317288994 ], [ 85.929879558382936, 27.035577725844973 ], [ 85.929994544451574, 27.035576727592684 ], [ 85.930058536917386, 27.035554731868785 ], [ 85.930070534830236, 27.035518735432277 ], [ 85.930172524733734, 27.035392747904439 ], [ 85.930325503743347, 27.035391750551526 ], [ 85.930389496209159, 27.035380753588925 ], [ 85.93042749184815, 27.035344757152359 ], [ 85.930414496582387, 27.035207768165264 ], [ 85.930336509699202, 27.035071780128419 ], [ 85.9303235126348, 27.035003785660308 ], [ 85.930335513245609, 27.034899795655008 ], [ 85.930334516792016, 27.034761808415681 ], [ 85.930372513330326, 27.034703813557314 ], [ 85.930436504896875, 27.034658819360629 ], [ 85.930615480733309, 27.034691819241743 ], [ 85.930846449324065, 27.034725820073106 ], [ 85.930986432168595, 27.034645829490842 ], [ 85.931049424583534, 27.034598836091675 ], [ 85.931063422598186, 27.034586836380186 ], [ 85.931177410414477, 27.034517844559161 ], [ 85.931523365973192, 27.034448856335416 ], [ 85.931650350853943, 27.034331869265714 ], [ 85.93168735003934, 27.034160885742551 ], [ 85.931648358846076, 27.033955904086042 ], [ 85.931660359456885, 27.033910908090718 ], [ 85.931724352822073, 27.033840916218765 ], [ 85.931839337092015, 27.033839917966532 ], [ 85.93196731752704, 27.033919912146132 ], [ 85.932070302085492, 27.034043902270128 ], [ 85.932212278736472, 27.034227890052364 ], [ 85.932366255998375, 27.034353880278161 ], [ 85.932443245528589, 27.034351881974999 ], [ 85.93278820373439, 27.034144906511983 ], [ 85.932941184542642, 27.034075914690959 ], [ 85.933171153981846, 27.034074919136685 ], [ 85.933245145158025, 27.034113917524564 ], [ 85.93329913621551, 27.034143915454308 ], [ 85.933492107368636, 27.034291905001339 ], [ 85.933762068052033, 27.034438896296081 ], [ 85.933889049335448, 27.034540889796915 ], [ 85.933916045313879, 27.034563888269645 ], [ 85.934006030109913, 27.034690878546371 ], [ 85.93404602135405, 27.034873862680399 ], [ 85.93399602420493, 27.035055844964802 ], [ 85.933869035726843, 27.03528582159862 ], [ 85.933857035116034, 27.035377813691071 ], [ 85.933798042904698, 27.035418808583415 ], [ 85.933907027768555, 27.035452807616139 ], [ 85.934096002315357, 27.035426812587957 ], [ 85.934266978643905, 27.035477812486022 ], [ 85.934344966426409, 27.035597801507095 ], [ 85.934403954141089, 27.035761788271202 ], [ 85.934694911396775, 27.035993772201437 ], [ 85.934846889456196, 27.036032771488635 ], [ 85.934845888505947, 27.036103765210157 ], [ 85.934930874846088, 27.036213756420182 ], [ 85.934929873895896, 27.036301748309029 ], [ 85.93481788348339, 27.036502727963295 ], [ 85.934817882584071, 27.036540724501606 ], [ 85.934817882584071, 27.036556723517378 ], [ 85.93499885582429, 27.036667717476291 ], [ 85.935106837939259, 27.036848702407838 ], [ 85.935106836140619, 27.036930694890543 ], [ 85.935062840196224, 27.036995688306604 ], [ 85.935007846389851, 27.037049682062104 ], [ 85.93491585789468, 27.037109675223633 ], [ 85.934786873811447, 27.037162668028884 ], [ 85.934703883076452, 27.037246658814752 ], [ 85.934715879190662, 27.037334651602919 ], [ 85.934853855638096, 27.037580632648485 ], [ 85.934870851107462, 27.037684621754465 ], [ 85.934845852532874, 27.037771614491703 ], [ 85.934771860457374, 27.037831607653231 ], [ 85.934569886148154, 27.037889598914319 ], [ 85.934398907121647, 27.03795459053174 ], [ 85.93431291893188, 27.037991585220539 ], [ 85.934300920119711, 27.037997583727304 ], [ 85.934294920713626, 27.038018582098232 ], [ 85.934341912314096, 27.038117574547016 ], [ 85.934414900741444, 27.038167571696192 ], [ 85.934450895379314, 27.0382165669958 ], [ 85.934449892630425, 27.03835855533805 ], [ 85.934546878682113, 27.038392552572077 ], [ 85.934668861509692, 27.038431550960013 ], [ 85.934710856452966, 27.038442551519893 ], [ 85.934783845779634, 27.038470550247212 ], [ 85.934831836531714, 27.038612537690142 ], [ 85.934897825502048, 27.038716529494081 ], [ 85.935006810365905, 27.038728531004267 ], [ 85.935178788543965, 27.038664539437718 ], [ 85.935313774731299, 27.038512555982379 ], [ 85.935388767757047, 27.038371568590378 ], [ 85.935462759832603, 27.038289577906255 ], [ 85.935584743559502, 27.038290579755824 ], [ 85.935644734922391, 27.038334577498858 ], [ 85.935594737773272, 27.038454565620611 ], [ 85.935649729780948, 27.038531559647538 ], [ 85.935795709333604, 27.038565558680205 ], [ 85.935904694197404, 27.03857756019039 ], [ 85.936020677618956, 27.038632556694722 ], [ 85.936073667726191, 27.038742547005427 ], [ 85.936116660921755, 27.038791544103674 ], [ 85.936300634314705, 27.038926534787606 ], [ 85.936355625423062, 27.038976531037463 ], [ 85.936414614037119, 27.039157515968952 ], [ 85.936462606587838, 27.039222511183652 ], [ 85.936577589958404, 27.039300506160771 ], [ 85.936930540477476, 27.03938450414131 ], [ 85.937150511206312, 27.039391508094923 ], [ 85.937229500838384, 27.039359511862017 ], [ 85.937278496137935, 27.03932151532365 ], [ 85.937328490589152, 27.039273521873611 ], [ 85.937383485294845, 27.039191529390905 ], [ 85.937524466391608, 27.039159534956639 ], [ 85.937743436170194, 27.039227533022029 ], [ 85.937876415960432, 27.039326525470756 ], [ 85.937979400518827, 27.039414520956939 ], [ 85.937968399059571, 27.039553507347819 ], [ 85.937894405185432, 27.039727490124392 ], [ 85.937818408511419, 27.04003346163347 ], [ 85.93773141757282, 27.040168447820804 ], [ 85.937723414467655, 27.040376428730724 ], [ 85.937496441583846, 27.040500413458744 ], [ 85.93744644533399, 27.040592404651875 ], [ 85.937464441753605, 27.040680396540722 ], [ 85.937603420050607, 27.040806386766519 ], [ 85.937693405745961, 27.04095437631355 ], [ 85.937686404490307, 27.04105836631885 ], [ 85.937685401741419, 27.04116235722347 ], [ 85.937678401385142, 27.041244349706233 ], [ 85.937719392680208, 27.041386337149163 ], [ 85.937798379614264, 27.041479331091182 ], [ 85.937907365377441, 27.041508329869373 ], [ 85.938307319188254, 27.041183365487029 ], [ 85.938411305596219, 27.041145371646678 ], [ 85.938527289917033, 27.041146373496247 ], [ 85.938563284554903, 27.041185370085486 ], [ 85.938562281806014, 27.041299359700474 ], [ 85.938586278531091, 27.041343356544189 ], [ 85.938750254503304, 27.041416352166152 ], [ 85.938832237992756, 27.041700327951332 ], [ 85.938874229338751, 27.041870314121581 ], [ 85.938957213778451, 27.042056298408284 ], [ 85.939201174037692, 27.042372274023705 ], [ 85.939383147328897, 27.042493266693043 ], [ 85.939711100172644, 27.042643259039835 ], [ 85.939875077044235, 27.042726253372109 ], [ 85.940246025781562, 27.042806252947685 ], [ 85.94042800087135, 27.042872249112634 ], [ 85.940506989604103, 27.0429062481453 ], [ 85.940646967951977, 27.043016241154021 ], [ 85.940657965813898, 27.043049238337119 ], [ 85.940833939699019, 27.043181229767697 ], [ 85.941039909715187, 27.043314221249148 ], [ 85.941167891049531, 27.043386216820181 ], [ 85.941306872044493, 27.043420215852905 ], [ 85.941428855771449, 27.043415219195708 ], [ 85.941752813807568, 27.043374227900586 ], [ 85.941969785282993, 27.043324236147384 ], [ 85.942188755960956, 27.043369235740045 ], [ 85.9423167372953, 27.043430233449101 ], [ 85.94329461440708, 27.04312127797516 ], [ 85.943447594316069, 27.043100282302191 ], [ 85.944638426511801, 27.043551262091455 ], [ 85.945530303742657, 27.04374126007167 ], [ 85.946053233237308, 27.043794264568135 ], [ 85.946759138772052, 27.043874269539629 ], [ 85.946770133936013, 27.044003257220197 ], [ 85.946810122482191, 27.044243237060982 ], [ 85.946849116373471, 27.044313230731575 ], [ 85.946952100032547, 27.04444922056706 ], [ 85.947249053996359, 27.044756198422363 ], [ 85.947340038843265, 27.044894188359706 ], [ 85.947482016393622, 27.045076173342125 ], [ 85.947700983474249, 27.045236162600645 ], [ 85.947893953728055, 27.045454146717532 ], [ 85.947996936487812, 27.045556139319046 ], [ 85.948047930090581, 27.045579137791776 ], [ 85.948202906504036, 27.045715128526638 ], [ 85.948408874721565, 27.045931111642403 ], [ 85.948614845637053, 27.045989110997425 ], [ 85.948716831943273, 27.045977113084575 ], [ 85.948869811852205, 27.045964117818812 ], [ 85.9490747863141, 27.045918124470575 ], [ 85.949227765323712, 27.045928126778279 ], [ 85.94948572719494, 27.046133112032123 ], [ 85.949536719898333, 27.046145112642932 ], [ 85.949574715537381, 27.046112115459778 ], [ 85.949561719372241, 27.046019124215775 ], [ 85.949355750255393, 27.045859134957254 ], [ 85.94939274854147, 27.045733147429416 ], [ 85.949495733999242, 27.045745148040226 ], [ 85.949636712398046, 27.045848141591932 ], [ 85.949739696956442, 27.04596213300556 ], [ 85.949881676305495, 27.04604212808448 ], [ 85.949932669908208, 27.046040128881998 ], [ 85.950021659149968, 27.045982135822271 ], [ 85.95006165399144, 27.045964138503336 ], [ 85.95017463995822, 27.045913144001247 ], [ 85.95022563356099, 27.04587914766654 ], [ 85.950378614369242, 27.045833155217622 ], [ 85.950481601625654, 27.045820158153163 ], [ 85.95067457277878, 27.045957148938953 ], [ 85.95072556638155, 27.045958149889145 ], [ 85.950776559085, 27.045933152213934 ], [ 85.95090354576439, 27.045819165296905 ], [ 85.951159511131095, 27.045819169793504 ], [ 85.95136448379435, 27.045841171812697 ], [ 85.95141547739712, 27.045827173798045 ], [ 85.951620449161055, 27.045861174629408 ], [ 85.951774427322221, 27.045941169708328 ], [ 85.952122373989482, 27.04626114642673 ], [ 85.952327344854098, 27.04634014325336 ], [ 85.952430330311813, 27.046352143864226 ], [ 85.952481323015263, 27.046386141997573 ], [ 85.952546312834045, 27.046510132121625 ], [ 85.952637297680951, 27.046613124773955 ], [ 85.952739283087794, 27.046659120820209 ], [ 85.953201218470724, 27.04678211898721 ], [ 85.953381193458711, 27.046862114066187 ], [ 85.953534173367643, 27.046861116713217 ], [ 85.953589166274696, 27.046848118749494 ], [ 85.953687154175896, 27.046826123025596 ], [ 85.953992115741528, 27.046699139943485 ], [ 85.954040110990263, 27.046631146374693 ], [ 85.954141097245497, 27.046623149564823 ], [ 85.95427008042941, 27.046643149683518 ], [ 85.954324072386271, 27.046662148852022 ], [ 85.954452052821296, 27.046808138297251 ], [ 85.954602031678178, 27.046867135005186 ], [ 85.95472001610085, 27.046858138144387 ], [ 85.954892993430519, 27.04681114564454 ], [ 85.955095963294013, 27.046948136430274 ], [ 85.955364926624441, 27.047036132815776 ], [ 85.955460912625199, 27.047076131254528 ], [ 85.955546899915589, 27.047163124891142 ], [ 85.955608885984361, 27.047414102593905 ], [ 85.955757861193035, 27.047647084776372 ], [ 85.955938833533992, 27.047831070759912 ], [ 85.956012820213573, 27.047928064006157 ], [ 85.956173798731072, 27.047978062054653 ], [ 85.956270783883383, 27.048065055691268 ], [ 85.956408762129456, 27.048211045136441 ], [ 85.956578733011156, 27.04851101993745 ], [ 85.95669571558426, 27.048627012352256 ], [ 85.956791699786379, 27.048715006039743 ], [ 85.956424720675557, 27.05001388150464 ], [ 85.955567821843829, 27.050642810999022 ], [ 85.955470832194862, 27.05073880059706 ], [ 85.955393840865952, 27.05081579192597 ], [ 85.955311848383189, 27.050955777468459 ], [ 85.955529818110904, 27.05101477687441 ], [ 85.955880769427438, 27.051138770595742 ], [ 85.956339703758317, 27.051360758513567 ], [ 85.956468686042911, 27.05137975948071 ], [ 85.956915626058219, 27.051419764214756 ], [ 85.957403560066609, 27.05145976894886 ], [ 85.957892496823831, 27.051353786036373 ], [ 85.958176460018478, 27.05134379272198 ], [ 85.958746383811615, 27.051372799594105 ], [ 85.959233317769076, 27.051400805515982 ], [ 85.959599267151191, 27.051475805736345 ], [ 85.959694254899716, 27.051476807585914 ], [ 85.959803241562213, 27.051428813236498 ], [ 85.959940226952028, 27.051271830426003 ], [ 85.959914233722486, 27.051125842779413 ], [ 85.959997226256178, 27.050968857270959 ], [ 85.960175206538338, 27.05073988248671 ], [ 85.960257199021044, 27.050618894314027 ], [ 85.960421178590593, 27.050534904427479 ], [ 85.960502167425147, 27.050535906276991 ], [ 85.960719138001252, 27.050585905224807 ], [ 85.960895114584332, 27.050599906836794 ], [ 85.961017099210551, 27.050563913098244 ], [ 85.961356052614292, 27.050626912707799 ], [ 85.961897980378126, 27.050618922193166 ], [ 85.962399914199807, 27.050622931390023 ], [ 85.962629882739691, 27.050672930337839 ], [ 85.962858850329326, 27.050771925484582 ], [ 85.963155806091777, 27.050967912978251 ], [ 85.963438764738896, 27.051127904035411 ], [ 85.963653732515183, 27.051311891817647 ], [ 85.964374625323558, 27.051832856284193 ], [ 85.964762564134276, 27.052320819071042 ], [ 85.966155369739965, 27.052707808193134 ], [ 85.965743411721064, 27.053311746307543 ], [ 85.964991496650214, 27.053997671508682 ], [ 85.964242589826029, 27.054332627406779 ], [ 85.963917632638299, 27.054293626320941 ], [ 85.963470692622991, 27.054302617785766 ], [ 85.96294176192356, 27.054310608300398 ], [ 85.962466824979629, 27.05430660000286 ], [ 85.961978889172599, 27.054376583780822 ], [ 85.961652931034678, 27.05443457324327 ], [ 85.9613269728967, 27.054492562705718 ], [ 85.961028011636529, 27.054551551319719 ], [ 85.960770044369383, 27.054610541732416 ], [ 85.960634062627776, 27.054621539594336 ], [ 85.960294105575883, 27.054715524593973 ], [ 85.960145123172538, 27.054763518044012 ], [ 85.959520203774389, 27.054916493456346 ], [ 85.958948274483475, 27.055142462691947 ], [ 85.958444334264755, 27.055454426412496 ], [ 85.958198363111762, 27.055659402673086 ], [ 85.957897396353815, 27.055948372417561 ], [ 85.957677420229004, 27.056225342450489 ], [ 85.957567430817619, 27.056407323835629 ], [ 85.957484437384664, 27.056612304592818 ], [ 85.957482434584847, 27.056794286877221 ], [ 85.95733245033199, 27.056927273862073 ], [ 85.957128475920968, 27.056998263086939 ], [ 85.957085481826141, 27.057019260558548 ], [ 85.957168470762497, 27.05702326166147 ], [ 85.957358444460851, 27.057061261797116 ], [ 85.957735388107608, 27.057330244912748 ], [ 85.958125328818824, 27.057685218916106 ], [ 85.958596259263857, 27.058029195956806 ], [ 85.960014057148783, 27.058634166497825 ], [ 85.961155912031529, 27.058363210260211 ], [ 85.962127772650035, 27.05883218467045 ], [ 85.962901673552153, 27.058655213432417 ], [ 85.964243493649008, 27.058750229060081 ], [ 85.96517536302332, 27.059036218436972 ], [ 85.965838269067262, 27.059284208577594 ], [ 85.966943107677309, 27.05998416416918 ], [ 85.967083086924504, 27.060085157619085 ], [ 85.967025098361432, 27.059903172636666 ], [ 85.967023104554869, 27.05964819562962 ], [ 85.967015118536892, 27.059061248487978 ], [ 85.967036117807197, 27.058988256463351 ], [ 85.967056117026573, 27.058907263132198 ], [ 85.967185103807822, 27.058680285751791 ], [ 85.967394081171335, 27.058421313037741 ], [ 85.967534066713824, 27.058243331856261 ], [ 85.968076014262806, 27.057349421248546 ], [ 85.968274000959013, 27.056741480232574 ], [ 85.968277005608343, 27.056520500459555 ], [ 85.968277009205622, 27.056359515646761 ], [ 85.968193027413008, 27.056054540591276 ], [ 85.967735107522287, 27.055137615322906 ], [ 85.967384175990901, 27.054143698725625 ], [ 85.967390181692281, 27.053800730729051 ], [ 85.967391184441169, 27.053686741114063 ], [ 85.967471178620713, 27.053426765651182 ], [ 85.967674167370092, 27.052756829573184 ], [ 85.96782615352339, 27.052434861746292 ], [ 85.968475094827738, 27.05120898370194 ], [ 85.968841057699706, 27.050661039444833 ], [ 85.969017039678761, 27.050415064694562 ], [ 85.969230018145197, 27.050114096137918 ], [ 85.969280012596357, 27.050072100295324 ], [ 85.96942499569542, 27.049945114515197 ], [ 85.970327896868639, 27.048986216786716 ], [ 85.970950825158241, 27.048460275448122 ], [ 85.971503761575946, 27.047993327220127 ], [ 85.97161074993528, 27.047861341185524 ], [ 85.9717297398048, 27.0476383631094 ], [ 85.971851728927675, 27.04740638547446 ], [ 85.971912725737468, 27.047195406210506 ], [ 85.971938723463609, 27.047102414966503 ], [ 85.972007717982592, 27.046936431697816 ], [ 85.972156705781856, 27.046574467230755 ], [ 85.972320698841315, 27.045945526045159 ], [ 85.972441691510596, 27.045473571267394 ], [ 85.973113624992379, 27.044417677594652 ], [ 85.97315162153069, 27.044371682447775 ], [ 85.973865544559828, 27.043513771873847 ], [ 85.974459475869935, 27.0430608234592 ], [ 85.974700448567035, 27.042875844619346 ], [ 85.974762440931045, 27.042818851610548 ], [ 85.974979416003805, 27.04261487360219 ], [ 85.975002417174551, 27.042422890808723 ], [ 85.975066413237698, 27.042235909169108 ], [ 85.975156407026986, 27.041967935097659 ], [ 85.975356386630381, 27.041681963707276 ], [ 85.975394383168691, 27.041626969001584 ], [ 85.975428379503398, 27.041589973413465 ], [ 85.97582533585944, 27.041156019670666 ], [ 85.976277286021855, 27.040704068608932 ], [ 85.976650242055598, 27.040497093145859 ], [ 85.976683236540737, 27.040479095826925 ], [ 85.976897212360143, 27.040309115052651 ], [ 85.977240174061365, 27.039914156100451 ], [ 85.97754614467118, 27.039458203036418 ], [ 85.977915104997919, 27.039048246918014 ], [ 85.977934102367783, 27.03902624939542 ], [ 85.977935102418655, 27.03902624939542 ], [ 85.978125080613665, 27.038856267721826 ], [ 85.978234067276162, 27.038789275103284 ], [ 85.978427043825263, 27.038668289628617 ], [ 85.978564028315702, 27.038549303356433 ], [ 85.978682015436334, 27.038442314997098 ], [ 85.979040976153385, 27.038080353227997 ], [ 85.979222955739829, 27.037896373539752 ], [ 85.979525923498954, 27.037498414434822 ], [ 85.980229999803839, 27.036752022127075 ], [ 85.980540690078328, 27.035750931603502 ], [ 85.980897945672609, 27.034364277390125 ], [ 85.980954968359242, 27.032821088230662 ], [ 85.980592264645907, 27.030039977248407 ], [ 85.980270221275589, 27.027529289203301 ], [ 85.979596187866719, 27.025826440838102 ], [ 85.979138294955817, 27.024047978012675 ], [ 85.978631399550636, 27.02292518884866 ], [ 85.978034156021636, 27.022264822502393 ], [ 85.977349703917014, 27.021719591512863 ], [ 85.976533209120248, 27.021482117195262 ], [ 85.976234421429979, 27.021171224572356 ], [ 85.976499217282139, 27.020478528343062 ], [ 85.976507259957714, 27.019591014643709 ], [ 85.976210575791811, 27.019048595847664 ], [ 85.975651899873355, 27.018890172316333 ], [ 85.974920894140155, 27.018730492426073 ], [ 85.974707232185722, 27.018535986122856 ], [ 85.974539456559626, 27.018033093619295 ], [ 85.973894973216034, 27.017835447767823 ], [ 85.973249441257906, 27.017753561405584 ], [ 85.972515990256397, 27.017863981594303 ], [ 85.971867648802743, 27.018090789002031 ], [ 85.97118289992045, 27.017584116629791 ], [ 85.970624239290544, 27.017425673313312 ], [ 85.970147873316989, 27.017692320878382 ], [ 85.969370281579529, 27.017918171402869 ], [ 85.968935584993176, 27.018339479717895 ], [ 85.968116666511889, 27.018372071304839 ], [ 85.966861630508561, 27.018980308199161 ], [ 85.966028577315001, 27.0205563839246 ], [ 85.964836683014823, 27.023673416681447 ], [ 85.964564732122255, 27.025137835644443 ], [ 85.964555178578451, 27.026179695329461 ], [ 85.964300178188921, 27.026745120692226 ], [ 85.964159200689437, 27.026586133283274 ], [ 85.964069214094764, 27.026517138764234 ], [ 85.96397922660077, 27.02647214007095 ], [ 85.963826248490477, 27.026437140987355 ], [ 85.963635272942554, 27.026462135964607 ], [ 85.963508289860442, 27.026473132027888 ], [ 85.963393304691181, 27.026474130280178 ], [ 85.963163336151297, 27.026429130687518 ], [ 85.962972362402013, 27.026374131485227 ], [ 85.962895374670381, 27.026328135438973 ], [ 85.962677407640683, 27.026110151322086 ], [ 85.962599422556139, 27.025882170293471 ], [ 85.962598425203225, 27.025791177352573 ], [ 85.962534436334693, 27.025676186787337 ], [ 85.962469448314607, 27.025540198750491 ], [ 85.962366464655474, 27.025426206437544 ], [ 85.96223848332113, 27.025324213836086 ], [ 85.961995517716844, 27.0252322181463 ], [ 85.961689558798298, 27.025211214379397 ], [ 85.961511582113417, 27.02521221083299 ], [ 85.961013650294035, 27.025134210459896 ], [ 85.960822676544751, 27.025065213242954 ], [ 85.960668700182168, 27.024953220132431 ], [ 85.960590713298984, 27.024815231094465 ], [ 85.960577718033221, 27.024677242955761 ], [ 85.960563722716586, 27.024540255767363 ], [ 85.960587723038884, 27.024357272532654 ], [ 85.960700716200279, 27.023990307811118 ], [ 85.960737714486356, 27.023842321861423 ], [ 85.960774713671753, 27.02365733942429 ], [ 85.960760719254438, 27.023474355290261 ], [ 85.960683731522806, 27.023338366354096 ], [ 85.960516758095878, 27.023179377146448 ], [ 85.960413774436745, 27.023074386190956 ], [ 85.960272796037998, 27.022926396643925 ], [ 85.960234803096967, 27.022836403753956 ], [ 85.960233804844677, 27.022743413409273 ], [ 85.960283801094533, 27.022651421316823 ], [ 85.960334793797983, 27.022618425032988 ], [ 85.960425783141545, 27.02259642840977 ], [ 85.960487775505555, 27.02254943501066 ], [ 85.960473781088183, 27.022400447211396 ], [ 85.960421791031877, 27.022262459072692 ], [ 85.960357801263967, 27.022171466131852 ], [ 85.960267815568614, 27.02209247200318 ], [ 85.960024848165688, 27.022024473937734 ], [ 85.959795878777413, 27.022036468253305 ], [ 85.9596428997678, 27.022026465945601 ], [ 85.959374935588926, 27.022004464825784 ], [ 85.959221956579313, 27.021946467269402 ], [ 85.959067979317467, 27.021846472971106 ], [ 85.958876008215213, 27.021673485748806 ], [ 85.958722030953368, 27.021606489532985 ], [ 85.958582050806854, 27.021549492027475 ], [ 85.958505061276583, 27.02152849185785 ], [ 85.958275092736699, 27.021459493741588 ], [ 85.957739165278269, 27.021382491620727 ], [ 85.957471202898091, 27.021315493606267 ], [ 85.957267232983668, 27.02123549762797 ], [ 85.957151248662854, 27.021166502209667 ], [ 85.956729312618052, 27.020802526848911 ], [ 85.956587334168375, 27.020643538540583 ], [ 85.956574337103973, 27.020598542545258 ], [ 85.956433359604489, 27.020450553897604 ], [ 85.955690471072273, 27.019833596235628 ], [ 85.955549494472109, 27.019674607927357 ], [ 85.955177551079885, 27.0193216340258 ], [ 85.955112561261103, 27.01924263899781 ], [ 85.95509656404397, 27.019217641322541 ], [ 85.955082566029319, 27.019197643002485 ], [ 85.954997580588497, 27.019070653625079 ], [ 85.954971584660996, 27.019024656679505 ], [ 85.954855603038141, 27.018899666504637 ], [ 85.954548648565321, 27.018649683456772 ], [ 85.954164702763592, 27.018535686647226 ], [ 85.954011724653299, 27.018444692807009 ], [ 85.953819753551102, 27.018273704787191 ], [ 85.953590786860786, 27.018139713254868 ], [ 85.953319827025837, 27.017979723097028 ], [ 85.953254836307735, 27.017910726779348 ], [ 85.953254838106375, 27.017807737724297 ], [ 85.95322884307825, 27.017761740778724 ], [ 85.952921881410816, 27.017865727186745 ], [ 85.952576926802351, 27.017912715189937 ], [ 85.952270965185789, 27.018007702039085 ], [ 85.952194974807128, 27.018051697084218 ], [ 85.952130981441996, 27.018121689855434 ], [ 85.95204198950222, 27.018271674108291 ], [ 85.951965998224239, 27.018363664402102 ], [ 85.95190300490998, 27.018431657970893 ], [ 85.951737025238629, 27.01851364775564 ], [ 85.951660035708358, 27.018524644718241 ], [ 85.951557050250585, 27.0184336517774 ], [ 85.95148006431765, 27.018238667931882 ], [ 85.951428074261287, 27.018147674091722 ], [ 85.951389079470744, 27.018124675618935 ], [ 85.951383080064659, 27.018137675381354 ], [ 85.951366083695916, 27.018082679776342 ], [ 85.950999146853462, 27.017431732074897 ], [ 85.950323249141093, 27.016875771222715 ], [ 85.949382394597194, 27.015921840473652 ], [ 85.948386548045562, 27.01491391417045 ], [ 85.948323561026598, 27.014657936213212 ], [ 85.94801660385582, 27.014615934075323 ], [ 85.947777641153095, 27.014338955948404 ], [ 85.947514677228753, 27.014296955609154 ], [ 85.947227712982055, 27.014412939930025 ], [ 85.946987748429763, 27.014233951503002 ], [ 85.946641808159654, 27.013622000390853 ], [ 85.946348851701487, 27.013408014678873 ], [ 85.946358850411855, 27.013395015815775 ], [ 85.946383848986443, 27.013302025471091 ], [ 85.946357853058942, 27.013268028237064 ], [ 85.946216871962179, 27.013224028695333 ], [ 85.946228873472307, 27.013109039928736 ], [ 85.946148887386641, 27.012978050347783 ], [ 85.946180884518924, 27.012887059205525 ], [ 85.946115906391412, 27.012306110570648 ], [ 85.944704594448069, 27.010338546393427 ] ], [ [ 85.962588417499603, 27.026227138391789 ], [ 85.96264140400956, 27.026500115415729 ], [ 85.962706393828284, 27.026627103893816 ], [ 85.962872369902357, 27.026694101908333 ], [ 85.962910363742708, 27.026739097903658 ], [ 85.962898364031162, 27.026820091234811 ], [ 85.962860367492851, 27.026854086670198 ], [ 85.962809373890082, 27.026867084633977 ], [ 85.962720384648321, 27.026925077693704 ], [ 85.962606398630669, 27.026983070753431 ], [ 85.962542407963497, 27.026948072569155 ], [ 85.962490417907134, 27.026822082343358 ], [ 85.962566410084435, 27.026673098141373 ], [ 85.962538423048443, 27.026260134675624 ], [ 85.962588417499603, 27.026227138391789 ] ], [ [ 85.938636647101987, 27.023987925495589 ], [ 85.938531667837708, 27.023599958805789 ], [ 85.938544669398766, 27.02350696756173 ], [ 85.938658658114434, 27.023333983936766 ], [ 85.938836637497275, 27.023197999497199 ], [ 85.938976620341805, 27.02312700937307 ], [ 85.939129600250737, 27.023092015685393 ], [ 85.939334572913992, 27.023091019231799 ], [ 85.939385566516762, 27.023114017704586 ], [ 85.939272576053327, 27.023320996764937 ], [ 85.939197580329619, 27.02359497024247 ], [ 85.93918458236584, 27.023606969054697 ], [ 85.939133586065111, 27.023745955445577 ], [ 85.93904559597496, 27.023848945400005 ], [ 85.93891761014396, 27.023940933895119 ], [ 85.938700637769159, 27.02404492210178 ], [ 85.938636647101987, 27.023987925495589 ] ] ] ] } },
{ "type": "Feature", "properties": { "OBJECTID": 781, "Name": "Uttarayani Hariyali", "code": "DNS/MB/75/03", "regime": "CF", "area_ha": 199.211639891 }, "geometry": { "type": "MultiPolygon", "coordinates": [ [ [ [ 86.161738969676151, 26.935268814393226 ], [ 86.161831957322875, 26.935304812628431 ], [ 86.162144917497073, 26.935229824998601 ], [ 86.163762690488738, 26.935828798831551 ], [ 86.165213485556819, 26.936420771408848 ], [ 86.166334319585417, 26.937187721417615 ], [ 86.166796246874355, 26.937648689125353 ], [ 86.167331166187921, 26.93816965089394 ], [ 86.168350007615004, 26.939233571953707 ], [ 86.168824933767041, 26.939724537591246 ], [ 86.169753931592368, 26.939632489740575 ], [ 86.170613286484354, 26.939462742791136 ], [ 86.171899122616537, 26.939645097396635 ], [ 86.172794161878812, 26.939930030065113 ], [ 86.173500815653085, 26.939304885835384 ], [ 86.17420262205826, 26.939343955270033 ], [ 86.175373232901052, 26.93928088101643 ], [ 86.176194082236009, 26.93904095423585 ], [ 86.176896396760583, 26.939010092053479 ], [ 86.177365958430926, 26.93880306892612 ], [ 86.178110315563117, 26.938352922812385 ], [ 86.178772862775816, 26.938426700848254 ], [ 86.179317641404168, 26.93860467213716 ], [ 86.179050259988799, 26.939000442281724 ], [ 86.179627389184645, 26.938921117200948 ], [ 86.180603736542309, 26.938751988988031 ], [ 86.181622868451825, 26.93805869560606 ], [ 86.182820121837722, 26.937788956156965 ], [ 86.182591157845422, 26.937477979896698 ], [ 86.182466182059727, 26.937166005384199 ], [ 86.182403195040763, 26.936927026493663 ], [ 86.18230121053324, 26.936834032551644 ], [ 86.182200224277949, 26.936788035606071 ], [ 86.182093242213853, 26.936681043649457 ], [ 86.182073244793116, 26.936661044430025 ], [ 86.181947267157909, 26.936385067253354 ], [ 86.181923278526824, 26.936042097458198 ], [ 86.181952279103655, 26.935841116005236 ], [ 86.181963279663591, 26.935766123878807 ], [ 86.181990279239301, 26.935593140253843 ], [ 86.182068273317043, 26.935388160395974 ], [ 86.182119269617772, 26.935284169491354 ], [ 86.18218326208364, 26.935217176872811 ], [ 86.182287251189621, 26.935058192161819 ], [ 86.18233824659103, 26.934954203055895 ], [ 86.182365247066059, 26.93481721676676 ], [ 86.182365249764018, 26.934679228628113 ], [ 86.182328256873916, 26.934575236824173 ], [ 86.182265266257616, 26.934482243781474 ], [ 86.18215028468569, 26.934380251180016 ], [ 86.181998307525589, 26.934286257187125 ], [ 86.181921318894695, 26.934218262719014 ], [ 86.181565370021588, 26.934033273087266 ], [ 86.18145638515773, 26.933970276175728 ], [ 86.181425389875074, 26.933951277007225 ], [ 86.181094437777858, 26.933744289852939 ], [ 86.180980455357485, 26.933651297709559 ], [ 86.180878470849962, 26.93354730410698 ], [ 86.180803486817467, 26.93327132782963 ], [ 86.180804491364995, 26.933065347021511 ], [ 86.180896486155405, 26.932723379075867 ], [ 86.180935483643964, 26.932586391887469 ], [ 86.180922486579561, 26.932549395400031 ], [ 86.18094948705459, 26.932401408550959 ], [ 86.180950489803479, 26.932252421651071 ], [ 86.180963488666578, 26.932207427454387 ], [ 86.181027483830349, 26.932103436549767 ], [ 86.181041484543016, 26.931954451448462 ], [ 86.181041487240975, 26.931839460883282 ], [ 86.180953499848783, 26.931748467942384 ], [ 86.18085151624058, 26.931689471234449 ], [ 86.180736531071318, 26.931655472201726 ], [ 86.180072621379225, 26.931572467976821 ], [ 86.17971566795859, 26.931604459713128 ], [ 86.179510694396015, 26.931602456013991 ], [ 86.179345717473552, 26.931568455182685 ], [ 86.178835788640583, 26.931371464940071 ], [ 86.178478839716604, 26.93119747406962 ], [ 86.178223875300148, 26.931137475512116 ], [ 86.178070896290535, 26.931068479194437 ], [ 86.177968910883635, 26.931056478583628 ], [ 86.1778419287009, 26.931022478651585 ], [ 86.177637956088518, 26.930998477429966 ], [ 86.177179019958999, 26.930869480756144 ], [ 86.177133025711441, 26.930826483963301 ], [ 86.177102032227367, 26.930799486186231 ], [ 86.177028044648523, 26.930652497589449 ], [ 86.176670093874918, 26.930546501187052 ], [ 86.176555109605033, 26.930522500864754 ], [ 86.175484257437063, 26.930275505379086 ], [ 86.175418266668089, 26.930265503970702 ], [ 86.175382271130843, 26.9302635038689 ], [ 86.17533127842745, 26.930251504157411 ], [ 86.175139304627237, 26.930216504174496 ], [ 86.174680366699079, 26.930112505175941 ], [ 86.174171439715735, 26.929879517597499 ], [ 86.174069454308835, 26.929822520991365 ], [ 86.173967468002672, 26.929810520380499 ], [ 86.173814490791699, 26.929739523961075 ], [ 86.173661511782086, 26.929659527982835 ], [ 86.17338255423789, 26.929416545291303 ], [ 86.173331561534496, 26.929393546818574 ], [ 86.173216578163874, 26.929336550212383 ], [ 86.173012606450811, 26.929265552893639 ], [ 86.172935616920597, 26.92927654985624 ], [ 86.172922617158179, 26.929335544765536 ], [ 86.17294861308568, 26.929369541999563 ], [ 86.173011602802603, 26.929462534142942 ], [ 86.173049595743635, 26.929552527932231 ], [ 86.173023597118174, 26.929644518226041 ], [ 86.173002599646509, 26.929637517869708 ], [ 86.172908612848232, 26.929610519193318 ], [ 86.172526669846263, 26.929355535890977 ], [ 86.17237469088758, 26.929275539912737 ], [ 86.172272706380056, 26.929193546530655 ], [ 86.172170720973213, 26.929147548685819 ], [ 86.172094732393191, 26.929088552877147 ], [ 86.171789777122797, 26.928870566961621 ], [ 86.171611804934571, 26.928709577652171 ], [ 86.171459828673846, 26.928536591329248 ], [ 86.171383841892464, 26.928387603529984 ], [ 86.171320851276221, 26.928283610826725 ], [ 86.171328854381386, 26.928116625708526 ], [ 86.171334857384807, 26.927974639164859 ], [ 86.171413853312117, 26.927699666535773 ], [ 86.171440855585843, 26.927412692396501 ], [ 86.171428859471632, 26.927309701542754 ], [ 86.171378868617751, 26.927171712504787 ], [ 86.171341879324928, 26.926906735888053 ], [ 86.171205914670566, 26.926116804493688 ], [ 86.171168924478422, 26.925885824211662 ], [ 86.17115592831334, 26.925795832221013 ], [ 86.171144931350682, 26.92571483978918 ], [ 86.170956968546022, 26.925151886674598 ], [ 86.170936971125286, 26.925128889101131 ], [ 86.170879981713767, 26.925058894531276 ], [ 86.170829988161927, 26.925035895159169 ], [ 86.170727001804835, 26.925034893309601 ], [ 86.170574020996582, 26.925103884231305 ], [ 86.170318053831238, 26.925170875051151 ], [ 86.170062084867197, 26.925272859558675 ], [ 86.169959098510105, 26.925294856181949 ], [ 86.169652135044032, 26.925441838483437 ], [ 86.169473157408959, 26.925499829744524 ], [ 86.16896122307827, 26.925622809925017 ], [ 86.168808243169337, 26.925621807176128 ], [ 86.168706256863118, 26.925643802900026 ], [ 86.168489284488373, 26.925653798912435 ], [ 86.168080340112056, 26.925653791717821 ], [ 86.16777438029419, 26.925615789783535 ], [ 86.167557408818709, 26.925596787917073 ], [ 86.167519414978358, 26.92559178766254 ], [ 86.167481420238687, 26.925568788290434 ], [ 86.167327441178202, 26.925556787679625 ], [ 86.167098472689247, 26.92552178679739 ], [ 86.167160459657282, 26.925715770591978 ], [ 86.167192454091548, 26.925772765399472 ], [ 86.167236446438665, 26.925853757831305 ], [ 86.167287439142115, 26.925890756117383 ], [ 86.167299434356948, 26.926063740641666 ], [ 86.167260437767709, 26.926117735296486 ], [ 86.167182444589287, 26.926288718819592 ], [ 86.167155443214881, 26.926530696963596 ], [ 86.16718043729287, 26.926634686968896 ], [ 86.16720143206652, 26.92671768040185 ], [ 86.167205430471483, 26.926749678433396 ], [ 86.167191427060857, 26.927024651961858 ], [ 86.167060433882568, 26.927527604720296 ], [ 86.166931446202, 26.927745582541945 ], [ 86.16685445397377, 26.927823573921728 ], [ 86.166649479511875, 26.92792656117814 ], [ 86.166546492255463, 26.927937559040117 ], [ 86.166036561623855, 26.927843558751931 ], [ 86.165781596308079, 26.927853553864963 ], [ 86.165576621846128, 26.92789754531276 ], [ 86.165333650845866, 26.92802253009171 ], [ 86.165025685530225, 26.928320497596303 ], [ 86.164922696475173, 26.928457482986119 ], [ 86.164805707606831, 26.928684460366526 ], [ 86.164381754373039, 26.929084417774618 ], [ 86.1641757771622, 26.929313393458187 ], [ 86.163943800426637, 26.929668357568914 ], [ 86.163778812712223, 26.930037321492989 ], [ 86.16369782028039, 26.93021730367559 ], [ 86.163697819381071, 26.930262299670915 ], [ 86.163606826440173, 26.930492278103372 ], [ 86.163374848805233, 26.930903236071401 ], [ 86.163233863211872, 26.931074218695244 ], [ 86.16284790651639, 26.93143917881838 ], [ 86.16273191769892, 26.931622161153712 ], [ 86.162692919311041, 26.931804143438114 ], [ 86.162741908315354, 26.931987127572086 ], [ 86.162805897183887, 26.932125116610109 ], [ 86.162790894621708, 26.932355095042567 ], [ 86.162595912574886, 26.932702060544727 ], [ 86.162480922908969, 26.932904040249923 ], [ 86.162338935466039, 26.93322400977371 ], [ 86.162221943000361, 26.933590974495246 ], [ 86.16201496304069, 26.93395693736727 ], [ 86.161900968929046, 26.93433090154582 ], [ 86.161832973561616, 26.934551880419463 ], [ 86.161818972849005, 26.934689867658847 ], [ 86.161766974698708, 26.934871849943249 ], [ 86.161751969438569, 26.935194821418406 ], [ 86.161738969676151, 26.935268814393226 ] ] ] ] } },
{ "type": "Feature", "properties": { "OBJECTID": 782, "Name": "Bhatighari chure", "code": "DNS/PU/22/04", "regime": "CF", "area_ha": 166.64341325300001 }, "geometry": { "type": "MultiPolygon", "coordinates": [ [ [ [ 86.020591536209452, 26.968941147910186 ], [ 86.020623637663562, 26.968501731659103 ], [ 86.020808140759755, 26.968569144263085 ], [ 86.021141513843475, 26.968412657880663 ], [ 86.021357676824493, 26.968103795936656 ], [ 86.021501038438146, 26.967568946770541 ], [ 86.021759480549576, 26.967083902297759 ], [ 86.021774473219182, 26.966678498569308 ], [ 86.021844430916701, 26.966241219117649 ], [ 86.021813923968239, 26.965532423148034 ], [ 86.021673877271553, 26.965058518630713 ], [ 86.02178107337528, 26.964707063691435 ], [ 86.02206864196927, 26.96435876808556 ], [ 86.022357496599966, 26.964168994936927 ], [ 86.022774435987515, 26.964144876802891 ], [ 86.023103295352314, 26.964335576257611 ], [ 86.023540710602219, 26.964368648084871 ], [ 86.023997686200289, 26.964291478689347 ], [ 86.024469560937973, 26.964075755478859 ], [ 86.024763739580692, 26.963739312095015 ], [ 86.024820965515062, 26.963288109272753 ], [ 86.024765326891668, 26.962913415740559 ], [ 86.024758693460512, 26.962581630867192 ], [ 86.024842614098986, 26.962267410736786 ], [ 86.025343184541896, 26.962046224118694 ], [ 86.02570792433005, 26.961769568850002 ], [ 86.026187669971989, 26.961380410552692 ], [ 86.026828812318229, 26.960923791087907 ], [ 86.027444319366793, 26.960417667304739 ], [ 86.027900571906457, 26.960351886978117 ], [ 86.028270937880279, 26.960009154605075 ], [ 86.02899163733349, 26.959374040443436 ], [ 86.029463732406157, 26.959227272181579 ], [ 86.029884928305364, 26.958907246000251 ], [ 86.029957086654463, 26.958549368072113 ], [ 86.030010502143057, 26.958191089044476 ], [ 86.029938013741173, 26.957753363526933 ], [ 86.029717979160182, 26.957411855137082 ], [ 86.029483496901378, 26.957024436136976 ], [ 86.029266704391887, 26.956701272205976 ], [ 86.029012261584683, 26.956783902311145 ], [ 86.028912892318203, 26.957086167696332 ], [ 86.028701538934456, 26.957238268064145 ], [ 86.028340165324835, 26.957221407493705 ], [ 86.02800816551246, 26.957021320870467 ], [ 86.027732542670378, 26.956711144111352 ], [ 86.027534845557284, 26.956377789014198 ], [ 86.027510668067634, 26.956337021651336 ], [ 86.027515085558719, 26.955941922404236 ], [ 86.027570170197009, 26.955590546605606 ], [ 86.027988364144846, 26.9553281231764 ], [ 86.028496589653685, 26.955253200298102 ], [ 86.02891902932123, 26.955142066943608 ], [ 86.02892389377746, 26.955140787202197 ], [ 86.02937314686011, 26.955077321741612 ], [ 86.029647716591057, 26.954864215570808 ], [ 86.029579762592618, 26.95452142204357 ], [ 86.029297151984792, 26.953965138333217 ], [ 86.029510237471072, 26.953488633863458 ], [ 86.029509773418681, 26.953127688333154 ], [ 86.029663482681315, 26.952649142392545 ], [ 86.029664542087744, 26.95236911015337 ], [ 86.029800844888825, 26.95197043158737 ], [ 86.030125617714646, 26.951671402877651 ], [ 86.030423261461749, 26.951227104183829 ], [ 86.030721783850709, 26.950564998540415 ], [ 86.031083503700984, 26.9499125975276 ], [ 86.030909130616806, 26.949363547998416 ], [ 86.030266786770596, 26.94905378403007 ], [ 86.029350737446123, 26.948886737757675 ], [ 86.028661391207493, 26.948786961096346 ], [ 86.028566119271829, 26.948807573656325 ], [ 86.028307172638279, 26.948863598090668 ], [ 86.027590994098659, 26.94898504132243 ], [ 86.026757985871427, 26.948636267274992 ], [ 86.026174815001127, 26.948526296749435 ], [ 86.02598910051239, 26.950419679992649 ], [ 86.025709419909788, 26.953771900979518 ], [ 86.0265937463966, 26.95573767459797 ], [ 86.026302303504679, 26.955969502944754 ], [ 86.021721519984339, 26.958699257895717 ], [ 86.019053683652601, 26.961476933451308 ], [ 86.017582463983786, 26.964694014466033 ], [ 86.016949353521227, 26.967290327373064 ], [ 86.016480605741208, 26.969579902544922 ], [ 86.01657280827601, 26.974753083124597 ], [ 86.016130275859155, 26.978515128028903 ], [ 86.020573722353106, 26.980022453852087 ], [ 86.020642201558076, 26.980149750799114 ], [ 86.020807848478682, 26.980203345253699 ], [ 86.0207846179797, 26.980242265400193 ], [ 86.021045669036937, 26.98010111612939 ], [ 86.021340208309482, 26.979878745997837 ], [ 86.021486728357218, 26.979542787350908 ], [ 86.021460172149432, 26.979176692277917 ], [ 86.021448346007901, 26.979013657900339 ], [ 86.02140668831197, 26.978660749649634 ], [ 86.021261785253046, 26.978052442607861 ], [ 86.021043971108782, 26.97762052314124 ], [ 86.020939834513285, 26.977132885011258 ], [ 86.021001169469741, 26.976722264290629 ], [ 86.021206150226988, 26.976245651002387 ], [ 86.02141114267539, 26.975799684058188 ], [ 86.021740644159195, 26.975303122812136 ], [ 86.021962889284339, 26.974854424613795 ], [ 86.021875319179571, 26.974372315542212 ], [ 86.021706271906055, 26.973843523339042 ], [ 86.021384328360909, 26.973457244684766 ], [ 86.021057727204663, 26.973102168158221 ], [ 86.020682234171318, 26.97297192771606 ], [ 86.02026233689935, 26.972744966523521 ], [ 86.02029596361092, 26.972455732377114 ], [ 86.020493497945949, 26.97218248195793 ], [ 86.020685170471836, 26.971877595935723 ], [ 86.021119706978084, 26.971714503101964 ], [ 86.02147810831417, 26.971401383747036 ], [ 86.021740214281181, 26.971221322423673 ], [ 86.021853405294394, 26.97093672160662 ], [ 86.021833296357158, 26.970578909329333 ], [ 86.021537869449503, 26.970459808842691 ], [ 86.021079582633604, 26.970259550448191 ], [ 86.021046901114062, 26.969797618662597 ], [ 86.020846369324261, 26.969602960373209 ], [ 86.020682611888333, 26.969296153389962 ], [ 86.020591536209452, 26.968941147910186 ] ] ] ] } },
{ "type": "Feature", "properties": { "OBJECTID": 783, "Name": "Kamala", "code": "DNS/GD/76/01", "regime": "CF", "area_ha": 17.271152487399998 }, "geometry": { "type": "MultiPolygon", "coordinates": [ [ [ [ 86.138579580437863, 26.860361709375809 ], [ 86.138287904620427, 26.859343133249979 ], [ 86.13762785034038, 26.859358575582746 ], [ 86.137492797602931, 26.859772620938145 ], [ 86.136957041915878, 26.861730451706251 ], [ 86.13639701880652, 26.864083694687167 ], [ 86.136176370884982, 26.865793868065452 ], [ 86.136084864428767, 26.866236047946359 ], [ 86.137455842484542, 26.866742386668534 ], [ 86.137730371745761, 26.866531182572942 ], [ 86.138311336568506, 26.866175181538949 ], [ 86.138876805998223, 26.865188976665138 ], [ 86.139238846908029, 26.864364004818185 ], [ 86.139443643303366, 26.863456362396391 ], [ 86.139315637687162, 26.862467844455182 ], [ 86.139038867304691, 26.861393851839637 ], [ 86.138579580437863, 26.860361709375809 ] ] ] ] } },
{ "type": "Feature", "properties": { "OBJECTID": 784, "Name": "Kamala", "code": "DNS/GD/79/01", "regime": "CF", "area_ha": 32.734546436099997 }, "geometry": { "type": "MultiPolygon", "coordinates": [ [ [ [ 86.142922326662358, 26.786694401276634 ], [ 86.142464171148106, 26.785193563193729 ], [ 86.141749472000356, 26.783129395178491 ], [ 86.139825363272337, 26.782368691890554 ], [ 86.138932014743602, 26.783252740485523 ], [ 86.138270387541752, 26.785045913592057 ], [ 86.137809600598644, 26.784806328555533 ], [ 86.137207549270954, 26.784798955878102 ], [ 86.137101893713236, 26.785165354024059 ], [ 86.137014367675476, 26.785399839880199 ], [ 86.136931843690832, 26.785706892379608 ], [ 86.136903090428746, 26.786097469813853 ], [ 86.136633250255102, 26.786460788666375 ], [ 86.136221002653087, 26.786523361095874 ], [ 86.135975176291709, 26.786097268364756 ], [ 86.135918266020894, 26.786198930913429 ], [ 86.135774666085752, 26.786425061128455 ], [ 86.136132829100347, 26.787086935644993 ], [ 86.135901803851993, 26.787195623731122 ], [ 86.136077374838862, 26.787460001396539 ], [ 86.136357664285413, 26.788226483755579 ], [ 86.136640355832583, 26.789084043592197 ], [ 86.136772756456651, 26.7900059691151 ], [ 86.13721466114373, 26.789790305260169 ], [ 86.137224468297575, 26.789361856293965 ], [ 86.137451760442218, 26.788804290144185 ], [ 86.137680728931173, 26.788250350977648 ], [ 86.137872940153557, 26.787684307777681 ], [ 86.13801179524279, 26.786893589472811 ], [ 86.138142311778154, 26.786571872557943 ], [ 86.138580477965604, 26.786163049590698 ], [ 86.138590083670351, 26.785669730416089 ], [ 86.139438390338114, 26.785268842205255 ], [ 86.139743564144794, 26.786300615045946 ], [ 86.140046627232493, 26.787613261895274 ], [ 86.140401149773993, 26.789019848777968 ], [ 86.140444843544742, 26.790143662274716 ], [ 86.141696300229171, 26.790198065223649 ], [ 86.142846606980868, 26.789830515939968 ], [ 86.143170105461252, 26.788428038079417 ], [ 86.142922326662358, 26.786694401276634 ] ] ] ] } },
{ "type": "Feature", "properties": { "OBJECTID": 785, "Name": "Harikunj", "code": "DNS/MA/44/02", "regime": "CF", "area_ha": 21.338156814200001 }, "geometry": { "type": "MultiPolygon", "coordinates": [ [ [ [ 86.00780710490983, 26.888912465659075 ], [ 86.007214518991987, 26.888860063711263 ], [ 86.005765071114752, 26.888937861735883 ], [ 86.004853196463216, 26.889347235990215 ], [ 86.005152068690109, 26.889662295192124 ], [ 86.005491083247989, 26.891076841112977 ], [ 86.006222258054549, 26.892372515875422 ], [ 86.00562514312918, 26.893523094223724 ], [ 86.005951344085247, 26.895082259016419 ], [ 86.006237865863341, 26.895672732416699 ], [ 86.006044204027603, 26.8964969901985 ], [ 86.007239772075934, 26.895379234564075 ], [ 86.008231313552301, 26.894586868693295 ], [ 86.008788901285925, 26.894415225963883 ], [ 86.009249661249271, 26.893978472618187 ], [ 86.009553946521464, 26.892634082246616 ], [ 86.00930210996205, 26.892093799350675 ], [ 86.008580471612163, 26.89153901571666 ], [ 86.008085417637062, 26.890448653562828 ], [ 86.007871627078885, 26.889753720708939 ], [ 86.00780710490983, 26.888912465659075 ] ] ] ] } },
{ "type": "Feature", "properties": { "OBJECTID": 786, "Name": "Kamalamai Chisapani", "code": "DNS/MB/75/05", "regime": "CF", "area_ha": 196.88443736799999 }, "geometry": { "type": "MultiPolygon", "coordinates": [ [ [ [ 86.142955054946924, 26.950435268016292 ], [ 86.142413247692787, 26.948327300109781 ], [ 86.142375251154476, 26.948374294408268 ], [ 86.142349254327655, 26.948408291642295 ], [ 86.142311258688665, 26.9484532867383 ], [ 86.14225126462776, 26.948538278474416 ], [ 86.142213269888089, 26.948522278559324 ], [ 86.142100285719948, 26.948489280476849 ], [ 86.141792328498241, 26.948451277643244 ], [ 86.141566357464001, 26.948432275776781 ], [ 86.141548360145066, 26.948442274487149 ], [ 86.141548360145066, 26.948439274334419 ], [ 86.141507365252721, 26.948439273435099 ], [ 86.1413553871933, 26.948368277914994 ], [ 86.141253400887138, 26.948334279781591 ], [ 86.141126420502985, 26.948229286128083 ], [ 86.141037433959241, 26.948161290760652 ], [ 86.140885457698516, 26.947955306355254 ], [ 86.140835467743955, 26.947851314551315 ], [ 86.140608508350056, 26.947332358280448 ], [ 86.14056052659123, 26.94681540391008 ], [ 86.140497535974987, 26.946714411359494 ], [ 86.140421548294285, 26.946643416738709 ], [ 86.140320562038994, 26.946620417366603 ], [ 86.139911614065397, 26.946733399736104 ], [ 86.139772632171059, 26.946714398768961 ], [ 86.139745636192686, 26.946709398514429 ], [ 86.139618654009894, 26.946652401908295 ], [ 86.139466677749169, 26.946524409782 ], [ 86.139339700063033, 26.946318426275923 ], [ 86.139302706273554, 26.946214435371303 ], [ 86.139303709022442, 26.946077448182848 ], [ 86.139354705323171, 26.945939460943521 ], [ 86.139496690967462, 26.945744480695339 ], [ 86.139726664903321, 26.945551503246918 ], [ 86.139829651260413, 26.945493510187191 ], [ 86.139983634817554, 26.945356524797432 ], [ 86.140086623872605, 26.945219538508297 ], [ 86.140189617424312, 26.944877571461973 ], [ 86.140280609465833, 26.944704588736329 ], [ 86.140396597383983, 26.944544605773103 ], [ 86.140472589561341, 26.944464613392142 ], [ 86.140780553078287, 26.944260638081801 ], [ 86.140857543507877, 26.944191645361457 ], [ 86.140960533462248, 26.944054659072378 ], [ 86.141050525452897, 26.943847680012027 ], [ 86.141116526114502, 26.943434718344918 ], [ 86.141177520226279, 26.943328728237816 ], [ 86.141055540995978, 26.943106747514548 ], [ 86.140859570589498, 26.942945757305836 ], [ 86.140673593497411, 26.942996749109909 ], [ 86.140583604204721, 26.943122736637747 ], [ 86.140556604629012, 26.943214727830878 ], [ 86.140553593684388, 26.94376567853601 ], [ 86.140488597570368, 26.943960659683512 ], [ 86.140437603068278, 26.944039652013544 ], [ 86.140233629556576, 26.944097642375311 ], [ 86.140169637990084, 26.944074643003205 ], [ 86.140093649410062, 26.944026647754526 ], [ 86.14002965874289, 26.943958651487776 ], [ 86.140017662628679, 26.943854661482476 ], [ 86.139967670875478, 26.943750669678536 ], [ 86.139891683194776, 26.943682673411786 ], [ 86.139789696888613, 26.943658674888127 ], [ 86.139686710531521, 26.943680670611968 ], [ 86.138817815585583, 26.944113616209961 ], [ 86.138612839324992, 26.944272598222938 ], [ 86.137971911917816, 26.94487753279094 ], [ 86.137727940866625, 26.945013516331187 ], [ 86.137472972852891, 26.945059507880785 ], [ 86.137269002039147, 26.94504750547128 ], [ 86.136862058663951, 26.944906510884607 ], [ 86.136557101594974, 26.944756519437135 ], [ 86.1363541326308, 26.944594530076813 ], [ 86.136240150210426, 26.944490537373554 ], [ 86.136214154282925, 26.944444541327357 ], [ 86.136050178310711, 26.944306550490694 ], [ 86.135808214555993, 26.944155560790989 ], [ 86.135757220953224, 26.944144560231052 ], [ 86.135651237141417, 26.944080564167905 ], [ 86.135663235054267, 26.944072564660019 ], [ 86.135611242299944, 26.944064565152132 ], [ 86.135434269263271, 26.943916574705781 ], [ 86.135207303574077, 26.943722588213234 ], [ 86.135165310429443, 26.943686590877348 ], [ 86.135379287148169, 26.943464615550113 ], [ 86.135507271180472, 26.943361626495062 ], [ 86.135776240806194, 26.943135650964166 ], [ 86.136160194701858, 26.942907679828124 ], [ 86.136339173236308, 26.942805690823945 ], [ 86.136723125333333, 26.942645712357375 ], [ 86.136991092210167, 26.942567723675552 ], [ 86.137374041558303, 26.942522735774162 ], [ 86.137458031444851, 26.942516737267397 ], [ 86.137654006347987, 26.942501741899832 ], [ 86.138648874432533, 26.942460763195299 ], [ 86.138804854494197, 26.942423768506501 ], [ 86.138781874907295, 26.941657837434491 ], [ 86.138743882865583, 26.941520849346773 ], [ 86.138680892249283, 26.941415857491904 ], [ 86.138668897933769, 26.941244872170103 ], [ 86.138707896321648, 26.941106884930718 ], [ 86.138772890637028, 26.941003896774987 ], [ 86.138862879929718, 26.940888907109127 ], [ 86.138977865998299, 26.940810916628607 ], [ 86.139130848605191, 26.940730926945662 ], [ 86.139322824204044, 26.940672935684574 ], [ 86.140050729959285, 26.94056295796446 ], [ 86.14035668977715, 26.94054196498945 ], [ 86.140471674946411, 26.940553966499579 ], [ 86.140623653905152, 26.940576966771005 ], [ 86.1410056005044, 26.940692962783089 ], [ 86.141234568993355, 26.940729963767126 ], [ 86.141541529761469, 26.940717969451612 ], [ 86.141681510807302, 26.940673976205176 ], [ 86.141822493702705, 26.940593986522174 ], [ 86.141873489104114, 26.94052599295344 ], [ 86.141874490953683, 26.940456000182166 ], [ 86.141785506208578, 26.940284013910173 ], [ 86.141102614435169, 26.939454076882384 ], [ 86.141022628349504, 26.939321087199573 ], [ 86.140911643383845, 26.939304087233609 ], [ 86.14072167058481, 26.939190094021285 ], [ 86.140594691099977, 26.93902710640873 ], [ 86.140493704844687, 26.93897010980254 ], [ 86.140034769614545, 26.938854111991816 ], [ 86.139843795865261, 26.93883111082107 ], [ 86.139767805486542, 26.93880511129629 ], [ 86.139700814666696, 26.938794111635673 ], [ 86.139730815294399, 26.938600130539044 ], [ 86.139769812782959, 26.938496139634424 ], [ 86.139884801549556, 26.938325157010638 ], [ 86.139897800412598, 26.938256162491598 ], [ 86.139886806147956, 26.938084178018244 ], [ 86.139836817092771, 26.937878196310805 ], [ 86.139813827613239, 26.937499229179764 ], [ 86.139548874378988, 26.93698127206045 ], [ 86.139384901104734, 26.936741290421025 ], [ 86.139346909063022, 26.936636300364796 ], [ 86.139373908638731, 26.936465315942314 ], [ 86.139501894469731, 26.936326330450754 ], [ 86.139592887410629, 26.936121350592884 ], [ 86.139594894707045, 26.935742384361163 ], [ 86.139584900493276, 26.9355414029082 ], [ 86.139583901341723, 26.935514405131187 ], [ 86.139610903615392, 26.935262428276815 ], [ 86.13967690157898, 26.934953457514325 ], [ 86.139677905227188, 26.934779472939113 ], [ 86.139640914135725, 26.934574490383284 ], [ 86.139680916171812, 26.934265519620794 ], [ 86.139780906872829, 26.934076538778697 ], [ 86.139796904989282, 26.934046540848897 ], [ 86.139989885135662, 26.933784567982229 ], [ 86.1400808798752, 26.933509594453767 ], [ 86.140071892906974, 26.932958643748634 ], [ 86.140114904089046, 26.93213571876845 ], [ 86.140053921668482, 26.931755752485856 ], [ 86.14005492531669, 26.931584768063317 ], [ 86.139992937449335, 26.931376784455438 ], [ 86.139992938348655, 26.931308790886703 ], [ 86.140019939723004, 26.931137806464221 ], [ 86.140174926928353, 26.930759843880708 ], [ 86.140111938110749, 26.930587858507977 ], [ 86.140112939960261, 26.930517864837384 ], [ 86.140242932188357, 26.930105904120524 ], [ 86.140243934937246, 26.9299679150825 ], [ 86.140193944083364, 26.9298639250772 ], [ 86.140154949292821, 26.929829927843173 ], [ 86.14005396483617, 26.929761931576422 ], [ 86.1400029712334, 26.929760930626173 ], [ 86.139902985928359, 26.929733931050464 ], [ 86.139875989050608, 26.929726931593507 ], [ 86.139723011839692, 26.929632937600616 ], [ 86.139570032830079, 26.929575940994425 ], [ 86.139418055669978, 26.92944894801974 ], [ 86.139228084669583, 26.929239964360931 ], [ 86.138975126650223, 26.928883991206021 ], [ 86.138684171193177, 26.928584013707052 ], [ 86.138544191945982, 26.928491018865714 ], [ 86.138391213835689, 26.928422023447411 ], [ 86.138035263163943, 26.928328025857184 ], [ 86.137923280845371, 26.92819403522418 ], [ 86.137895284816068, 26.928191035970769 ], [ 86.137743305857327, 26.928143037124755 ], [ 86.137552332108044, 26.928074040807132 ], [ 86.1374503467012, 26.928040040875089 ], [ 86.137272374512975, 26.927912049648171 ], [ 86.136965420040156, 26.927601072488585 ], [ 86.136739450804555, 26.927600068840377 ], [ 86.136559471319913, 26.927714054858029 ], [ 86.136521476580242, 26.927759049954034 ], [ 86.136405489561412, 26.927826041673256 ], [ 86.13638049278552, 26.927839041435675 ], [ 86.13629050529147, 26.927850038398276 ], [ 86.13583256831356, 26.927698044151043 ], [ 86.135424623088795, 26.927639042047133 ], [ 86.134556573509656, 26.929677972266973 ], [ 86.133689354908029, 26.931206432259387 ], [ 86.132309969949517, 26.932578360003788 ], [ 86.131271591556754, 26.934105750697199 ], [ 86.130577753183047, 26.935328500884509 ], [ 86.130052658110515, 26.936859042817446 ], [ 86.130127621458485, 26.938239905369187 ], [ 86.130116439234655, 26.939696926473573 ], [ 86.129932373211034, 26.941382946644069 ], [ 86.130091130392486, 26.94299439107624 ], [ 86.130845879240667, 26.944992953234134 ], [ 86.131608882106036, 26.94591791937944 ], [ 86.132544197698962, 26.946690561224671 ], [ 86.133734457923197, 26.947694830866908 ], [ 86.134668631371653, 26.948620831237463 ], [ 86.135603990132211, 26.949393455096185 ], [ 86.136626680676102, 26.949936540293038 ], [ 86.137478832863394, 26.950401886820771 ], [ 86.138501542293113, 26.95094495942709 ], [ 86.139356039923484, 26.951103553830421 ], [ 86.141151192447353, 26.951344562500594 ], [ 86.142522001429768, 26.951122836286686 ], [ 86.142955054946924, 26.950435268016292 ] ] ] ] } },
{ "type": "Feature", "properties": { "OBJECTID": 787, "Name": "Pokharidamar", "code": "DNS/DH/05/01", "regime": "CF", "area_ha": 192.44968076699999 }, "geometry": { "type": "MultiPolygon", "coordinates": [ [ [ [ 85.971677633735339, 26.960370242228976 ], [ 85.971643639199272, 26.960345244553707 ], [ 85.97109471377712, 26.960251242466882 ], [ 85.970141855924396, 26.959501294222775 ], [ 85.96966991643518, 26.959659271688224 ], [ 85.969359954615015, 26.959764256348478 ], [ 85.96859605961788, 26.95959725863969 ], [ 85.968316096626836, 26.959595254041233 ], [ 85.968294100003618, 26.959592253888559 ], [ 85.967202247666023, 26.959456246965829 ], [ 85.965663456212496, 26.959265238142791 ], [ 85.965640458639029, 26.959262237990117 ], [ 85.96518851297327, 26.959554203390667 ], [ 85.964420609678541, 26.95980516760352 ], [ 85.964345619350752, 26.959807165906625 ], [ 85.963564722588956, 26.959834150193785 ], [ 85.962345875478036, 26.960255090684313 ], [ 85.962138905410939, 26.960146097726522 ], [ 85.961963929778108, 26.960059101391948 ], [ 85.961917940926469, 26.959836121517185 ], [ 85.961920947374495, 26.959507150635943 ], [ 85.961923955621103, 26.959134184709626 ], [ 85.961892960338446, 26.959084188459826 ], [ 85.961894964936846, 26.958869208092892 ], [ 85.961864975101037, 26.958575233597287 ], [ 85.961890976424513, 26.958374253043701 ], [ 85.961914974048852, 26.958331257150178 ], [ 85.962026959065383, 26.958332258999747 ], [ 85.96219293154212, 26.958548242115569 ], [ 85.962399900709897, 26.958715230831046 ], [ 85.962463893175709, 26.958701233715715 ], [ 85.962520887983203, 26.95857924549216 ], [ 85.962465896874846, 26.958479253891824 ], [ 85.962283926281657, 26.958270269333696 ], [ 85.962109955196354, 26.958010289374158 ], [ 85.962022967855034, 26.957931295245487 ], [ 85.961926980954956, 26.957916295381267 ], [ 85.961768004337898, 26.957836299403027 ], [ 85.961729010446675, 26.957778303645284 ], [ 85.961714014179734, 26.957678312044948 ], [ 85.961762009428469, 26.957613319528264 ], [ 85.961873994445, 26.95762131993547 ], [ 85.961978982702533, 26.95754332945495 ], [ 85.9619989900159, 26.957035374643397 ], [ 85.96206398433128, 26.956921386827048 ], [ 85.962119977289206, 26.956921387726368 ], [ 85.962263956740003, 26.956972385825736 ], [ 85.962466918509563, 26.957483342588716 ], [ 85.962680886235034, 26.957670330523626 ], [ 85.962840863802285, 26.957707329709024 ], [ 85.962871859984318, 26.957709330710145 ], [ 85.962914854978465, 26.957695331796174 ], [ 85.963004842472515, 26.95766433651346 ], [ 85.963058838925917, 26.957563346660891 ], [ 85.963036844101396, 26.957447356044781 ], [ 85.962985850498626, 26.957422357470193 ], [ 85.962798878751585, 26.957270367719559 ], [ 85.962749887049313, 26.957199373998094 ], [ 85.962740891087776, 26.957095383093474 ], [ 85.96283388053314, 26.95696139695707 ], [ 85.962874878123557, 26.95685740605245 ], [ 85.962891878988842, 26.956722418965796 ], [ 85.962867883163199, 26.95665242529526 ], [ 85.9628308884744, 26.956616427959375 ], [ 85.962742901981528, 26.956579429673297 ], [ 85.962703906291608, 26.956590428434595 ], [ 85.962575922259248, 26.956623422919733 ], [ 85.962499932779906, 26.956609423106443 ], [ 85.962473936852405, 26.956608422156194 ], [ 85.962449941026705, 26.956538428485658 ], [ 85.962427946202183, 26.956434437581038 ], [ 85.962482941807195, 26.956299450494384 ], [ 85.96253593641103, 26.956232456976522 ], [ 85.962564935189221, 26.956095470687387 ], [ 85.962584937106612, 26.95586549135561 ], [ 85.962561942231162, 26.955763500552791 ], [ 85.962524949341002, 26.955715503505473 ], [ 85.96235097555774, 26.955574513415456 ], [ 85.962013024003568, 26.955348527991987 ], [ 85.961877045859296, 26.955194539938191 ], [ 85.961865047946446, 26.955160541804844 ], [ 85.961869049049426, 26.955123546216726 ], [ 85.961873048353709, 26.955094549237174 ], [ 85.961882048811788, 26.95502255546478 ], [ 85.961883049762037, 26.954988558230752 ], [ 85.962016035847569, 26.954809576099024 ], [ 85.962017036797761, 26.954739583327807 ], [ 85.96199704387368, 26.954579596767246 ], [ 85.9619250572959, 26.954404611241841 ], [ 85.961957057126142, 26.954188631723355 ], [ 85.962014053732275, 26.953983651865485 ], [ 85.962040051458416, 26.953949655530778 ], [ 85.962084050100827, 26.953744673874212 ], [ 85.962126047742061, 26.953621685599785 ], [ 85.962129048794111, 26.953517695594485 ], [ 85.962087061045452, 26.953216721641866 ], [ 85.961969084716713, 26.952870751693979 ], [ 85.961896096289422, 26.952732761756636 ], [ 85.961798112884821, 26.952591772565938 ], [ 85.961711126442822, 26.952510778335466 ], [ 85.96161114113778, 26.952450782475921 ], [ 85.961348179012077, 26.952270794897345 ], [ 85.961043220144461, 26.952263790044412 ], [ 85.960887239183478, 26.952327780711585 ], [ 85.960821245716488, 26.952417771802914 ], [ 85.960779248974575, 26.952555758142921 ], [ 85.960616263160659, 26.952894725036515 ], [ 85.960608258256798, 26.953169701262937 ], [ 85.960558255711703, 26.953580661928925 ], [ 85.960511255117922, 26.953888634439181 ], [ 85.960501248313619, 26.954256600110966 ], [ 85.960518240185706, 26.954543575149614 ], [ 85.960538234009107, 26.954726559283586 ], [ 85.960493235315823, 26.954942538802072 ], [ 85.960375248195191, 26.95506552527786 ], [ 85.960283258800757, 26.955144515809252 ], [ 85.960205267420918, 26.955211509327114 ], [ 85.95995429421481, 26.9555254767468 ], [ 85.959697326998537, 26.95558846646378 ], [ 85.959544347988924, 26.955571464699119 ], [ 85.959441360732512, 26.955593461322337 ], [ 85.959390367129799, 26.955613458743073 ], [ 85.959296376734187, 26.955750444132832 ], [ 85.959329368521367, 26.95593342916618 ], [ 85.959378359324319, 26.956026421309502 ], [ 85.959513339216358, 26.956201407734227 ], [ 85.959579471179552, 26.956296582542677 ], [ 85.958937078769736, 26.956262680637224 ], [ 85.958200513401096, 26.956191386540752 ], [ 85.958166521562987, 26.956019401168021 ], [ 85.95817352461728, 26.955778423074946 ], [ 85.958256518050234, 26.955575442419558 ], [ 85.958262522852294, 26.955334464326484 ], [ 85.958199541229305, 26.954885504424169 ], [ 85.958192546268947, 26.954679522716788 ], [ 85.95813355675557, 26.954528535715042 ], [ 85.958032571399656, 26.954479537717418 ], [ 85.957826597786152, 26.95454352838459 ], [ 85.957540631791687, 26.954731506477856 ], [ 85.957409646707333, 26.954843494192346 ], [ 85.957382649829583, 26.954888489288351 ], [ 85.957377645977772, 26.95507047337145 ], [ 85.957475630281692, 26.95520046200221 ], [ 85.957550618810842, 26.955248459948905 ], [ 85.957601612413555, 26.955259459609522 ], [ 85.957653606067254, 26.955228463427488 ], [ 85.957721599635988, 26.955080478377113 ], [ 85.957797590014707, 26.955105476951701 ], [ 85.957847582667227, 26.955139475085048 ], [ 85.957871577593608, 26.955187470333726 ], [ 85.957999551733337, 26.955603435750902 ], [ 85.957996548882647, 26.955741422990229 ], [ 85.957953552989125, 26.955876410976202 ], [ 85.957927554363664, 26.95592140517283 ], [ 85.957875560710022, 26.955943402695368 ], [ 85.95773658061438, 26.955883405936561 ], [ 85.95756360868063, 26.955683421836511 ], [ 85.957351638359057, 26.955539429795124 ], [ 85.957239656939805, 26.955435437091865 ], [ 85.957104678846406, 26.95526045066714 ], [ 85.956959702942015, 26.954981474237115 ], [ 85.956713743480293, 26.95463050133668 ], [ 85.956466782169002, 26.954362520969937 ], [ 85.956315803261191, 26.954300524109271 ], [ 85.956059837894486, 26.954305518967828 ], [ 85.956008843392453, 26.954327516490366 ], [ 85.95582586735236, 26.954357510822831 ], [ 85.955777873902321, 26.954366508583007 ], [ 85.955738878212401, 26.954399503967466 ], [ 85.955667885390255, 26.954487495856313 ], [ 85.955619890141577, 26.954545489815416 ], [ 85.955565896386133, 26.95462648134793 ], [ 85.955487905006294, 26.954691473864614 ], [ 85.955182947037997, 26.954639473915677 ], [ 85.954977972576046, 26.954680467009439 ], [ 85.954898981145334, 26.954770456302072 ], [ 85.9548899761906, 26.955090428523818 ], [ 85.954848980398879, 26.95516941995453 ], [ 85.954627005071643, 26.955346400185817 ], [ 85.954472025060909, 26.955412391854111 ], [ 85.954362040146123, 26.955378392821444 ], [ 85.954308046390679, 26.955361392855423 ], [ 85.954233057861529, 26.955302397946127 ], [ 85.954184066159257, 26.955232403376215 ], [ 85.954102082669749, 26.954990423433628 ], [ 85.953942107800458, 26.954767440860849 ], [ 85.953892116047257, 26.954756441200232 ], [ 85.953789128790845, 26.954764438010159 ], [ 85.95359315298839, 26.954837428236146 ], [ 85.953221198804215, 26.954979409383782 ], [ 85.952862247080475, 26.955017399626854 ], [ 85.952709266272166, 26.955002398863314 ], [ 85.952197335538813, 26.955012388580428 ], [ 85.951992361076861, 26.955051381572332 ], [ 85.951978351370997, 26.955588333363494 ], [ 85.951959354001133, 26.955597331123613 ], [ 85.951739380574338, 26.95569431987326 ], [ 85.951249438370212, 26.956027281065474 ], [ 85.949579650141061, 26.956504209118009 ], [ 85.948761751495852, 26.956825165202758 ], [ 85.948045834660206, 26.957420099261697 ], [ 85.948013838427244, 26.957409099601136 ], [ 85.947984842347068, 26.957420098362377 ], [ 85.947943842958068, 26.957635077829991 ], [ 85.947955840870918, 26.957649077643282 ], [ 85.947985828908088, 26.958035042432641 ], [ 85.948293786129796, 26.958106041550081 ], [ 85.948500753498877, 26.958355022748378 ], [ 85.948907696874073, 26.958477019065867 ], [ 85.949282646714323, 26.95849902378302 ], [ 85.949392631629053, 26.958559019642507 ], [ 85.949512611656871, 26.958708008341148 ], [ 85.949731579636818, 26.958877997209356 ], [ 85.95063543319668, 26.960060905440628 ], [ 85.951373333165634, 26.960164909835157 ], [ 85.951734278695938, 26.96048388650263 ], [ 85.952789130049439, 26.960876869634831 ], [ 85.953639019531636, 26.960783891880737 ], [ 85.954487905365568, 26.960809904895427 ], [ 85.954558892791795, 26.960982890319031 ], [ 85.954571890755517, 26.96098389036996 ], [ 85.954577890161602, 26.96098389036996 ], [ 85.954652879590071, 26.961054885890064 ], [ 85.954800855647193, 26.961217873502676 ], [ 85.954908344031992, 26.961307545333113 ], [ 85.954840842394731, 26.961574842211803 ], [ 85.954701861399769, 26.961537842127086 ], [ 85.954687863385118, 26.961546841685902 ], [ 85.954623870919306, 26.961591836781906 ], [ 85.954583875178457, 26.961635831826982 ], [ 85.954527878623253, 26.961818815061633 ], [ 85.954521874720513, 26.962000798245413 ], [ 85.954543869545091, 26.96213878638406 ], [ 85.954573859380901, 26.962439759437302 ], [ 85.954604850166959, 26.96266973876908 ], [ 85.954596846162417, 26.96294271399438 ], [ 85.954569847486084, 26.962987709989704 ], [ 85.954515852831264, 26.963079700283515 ], [ 85.954269883476968, 26.963185686793281 ], [ 85.954011916209822, 26.9632726741346 ], [ 85.953706957342149, 26.963242671708201 ], [ 85.953592971324497, 26.963278666346071 ], [ 85.953474986002504, 26.963315661034869 ], [ 85.95339499452092, 26.963405651226822 ], [ 85.953338998864979, 26.963587634410601 ], [ 85.95338598866681, 26.963727622651049 ], [ 85.953446979181308, 26.963820614794429 ], [ 85.95355896149988, 26.96391460968664 ], [ 85.953592956935267, 26.963927608549739 ], [ 85.953798928750132, 26.964012602983814 ], [ 85.953836923489803, 26.96402460359468 ], [ 85.953985900497116, 26.96415459402408 ], [ 85.954021893336346, 26.964246586116531 ], [ 85.953976893743743, 26.964474565346507 ], [ 85.953910902075393, 26.964553556777219 ], [ 85.953714925373617, 26.964698540775601 ], [ 85.953611937217886, 26.964729536058258 ], [ 85.953593939898951, 26.964728536007385 ], [ 85.953509950911723, 26.964726534106887 ], [ 85.953052014833133, 26.964612537297285 ], [ 85.952794046666611, 26.964675526114945 ], [ 85.952767049788918, 26.96472052121095 ], [ 85.952779047701767, 26.964768518258268 ], [ 85.953041007078582, 26.964991502629687 ], [ 85.953114996456122, 26.965072496860216 ], [ 85.953188984035023, 26.965165489003539 ], [ 85.953237975737295, 26.965258482945558 ], [ 85.953316958174753, 26.965582454471587 ], [ 85.953377946890612, 26.965697444137504 ], [ 85.953404942868985, 26.965749439589786 ], [ 85.953413940629162, 26.96576743870736 ], [ 85.953520921793881, 26.966043414984711 ], [ 85.95351891989344, 26.96613640802741 ], [ 85.953335941155387, 26.96624539379053 ], [ 85.953231953848046, 26.966323386069689 ], [ 85.953228951896733, 26.966416376414372 ], [ 85.953303941325146, 26.966464374361067 ], [ 85.95345892133588, 26.966409381454014 ], [ 85.953534911714598, 26.966434380028602 ], [ 85.953593901227919, 26.966527373970621 ], [ 85.95359389763064, 26.966664360259699 ], [ 85.953508904095827, 26.966903338250972 ], [ 85.953281928514059, 26.967197307350602 ], [ 85.953240931823018, 26.967287299341251 ], [ 85.953239930872826, 26.967332294437256 ], [ 85.953276924662248, 26.967368291773084 ], [ 85.953466899259979, 26.967428289431268 ], [ 85.953593880543394, 26.967454289855425 ], [ 85.953733861589285, 26.967482290381326 ], [ 85.953961830027367, 26.967556286953482 ], [ 85.95415080367485, 26.967641282286934 ], [ 85.954262786892741, 26.967737274582987 ], [ 85.955647612775692, 26.968625888158499 ], [ 85.956919702704567, 26.968138369638893 ], [ 85.958506698050542, 26.967866139955163 ], [ 85.959937204316134, 26.967379764479347 ], [ 85.961446266738562, 26.966964943904657 ], [ 85.963038438606986, 26.966124772543026 ], [ 85.964233201758248, 26.965423646927889 ], [ 85.966064277873159, 26.964443213031245 ], [ 85.968127149059796, 26.964103370193811 ], [ 85.970194529468756, 26.963266592889852 ], [ 85.971534594080595, 26.963089994872234 ], [ 85.971278636807824, 26.962695025128141 ], [ 85.971266638894974, 26.962670026553553 ], [ 85.971109666876373, 26.962335055366907 ], [ 85.971000684710475, 26.962161068093735 ], [ 85.970968694772864, 26.961919089949788 ], [ 85.971011692465026, 26.961782103660653 ], [ 85.971064686169598, 26.9616921134687 ], [ 85.971228672933705, 26.961318149290094 ], [ 85.971553643611344, 26.96068521149823 ], [ 85.971662633871119, 26.960424236883739 ], [ 85.971677633735339, 26.960370242228976 ] ] ] ] } },
{ "type": "Feature", "properties": { "OBJECTID": 788, "Name": "Murgiya Hariyali", "code": "DNS/DR/60/02", "regime": "CF", "area_ha": 199.91753000200001 }, "geometry": { "type": "MultiPolygon", "coordinates": [ [ [ [ 86.043239877852841, 26.933316393073085 ], [ 86.043494696578421, 26.933049952353031 ], [ 86.043570686957082, 26.932991958393984 ], [ 86.043686675774552, 26.932832975481631 ], [ 86.043686676673872, 26.932798978247604 ], [ 86.043647682782648, 26.93274198344011 ], [ 86.043596690079198, 26.932730983779493 ], [ 86.043469708795726, 26.932636989786602 ], [ 86.043367724288203, 26.932500999951117 ], [ 86.043291738406197, 26.932329014578386 ], [ 86.043215752524134, 26.932135030783797 ], [ 86.04315176545424, 26.931996041694902 ], [ 86.042680837707167, 26.931515076566427 ], [ 86.04241387627718, 26.931330089632638 ], [ 86.042209906362814, 26.931239093993781 ], [ 86.041954941046981, 26.93115809616603 ], [ 86.041775966109867, 26.931112097421817 ], [ 86.041622987100254, 26.931077099237541 ], [ 86.041445012214069, 26.931030099543079 ], [ 86.041416017033157, 26.931008101121222 ], [ 86.041305032067555, 26.930917107281005 ], [ 86.04117705253185, 26.930778117292789 ], [ 86.04111406371419, 26.930642129255943 ], [ 86.041109066157674, 26.930554135568457 ], [ 86.041102070297995, 26.930401150263549 ], [ 86.041102072096635, 26.930333156694815 ], [ 86.041266306175544, 26.929922241894474 ], [ 86.04134505298947, 26.929725215678843 ], [ 86.04153602943677, 26.929623227573984 ], [ 86.041613021665, 26.929531238179493 ], [ 86.04172901228111, 26.929223267467933 ], [ 86.041793006545561, 26.929142275935419 ], [ 86.041907992614199, 26.929050285641608 ], [ 86.041920992376561, 26.929016289306901 ], [ 86.041894996449059, 26.92896029365096 ], [ 86.041742018338766, 26.928902296094577 ], [ 86.041538044827121, 26.928912292106986 ], [ 86.041436058520901, 26.928936287932686 ], [ 86.041232085908575, 26.928924285523181 ], [ 86.040976117843854, 26.928969277921226 ], [ 86.040773145282401, 26.928968274273018 ], [ 86.040671160774878, 26.928922275528805 ], [ 86.040454191098092, 26.928808283215858 ], [ 86.04035220479193, 26.928773284132262 ], [ 86.040148233078867, 26.928774280585856 ], [ 86.0396882915025, 26.928864263583193 ], [ 86.039535310694248, 26.928932256252665 ], [ 86.0394973150552, 26.928966251688053 ], [ 86.039344335146268, 26.928979247853135 ], [ 86.039242347940785, 26.928967247242326 ], [ 86.039204354100434, 26.92894424876954 ], [ 86.039127366368803, 26.928839256015351 ], [ 86.03910237139155, 26.928772262497489 ], [ 86.039102375888206, 26.928530283454222 ], [ 86.039256360344666, 26.928290308110036 ], [ 86.039345352284386, 26.928189319156786 ], [ 86.039435342476395, 26.928049333614297 ], [ 86.039588325982606, 26.927879351940703 ], [ 86.039639321384016, 26.927776361086956 ], [ 86.039640325931543, 26.927570379379517 ], [ 86.039589335926109, 26.92743239124087 ], [ 86.039525346158257, 26.927364396772759 ], [ 86.039439358867867, 26.92728740274589 ], [ 86.039385365112423, 26.927363394023871 ], [ 86.039360366537835, 26.927408390019195 ], [ 86.039308372884193, 26.927433385895824 ], [ 86.039168388241023, 26.9275813709462 ], [ 86.038887421601771, 26.927741351211466 ], [ 86.0379305419616, 26.928037307822308 ], [ 86.037700572522397, 26.928072301509985 ], [ 86.037686574507745, 26.928085299473707 ], [ 86.037547591714144, 26.928093296283635 ], [ 86.037203637156551, 26.928149285644281 ], [ 86.036973665918708, 26.928161279959795 ], [ 86.036917674759422, 26.928150280299235 ], [ 86.036514729789189, 26.928059281962362 ], [ 86.036361752578273, 26.927977285882321 ], [ 86.036031802330626, 26.927656310012367 ], [ 86.035788838524979, 26.927474321432669 ], [ 86.035750844684628, 26.927451322959882 ], [ 86.035699851081915, 26.92747332048242 ], [ 86.035572868899123, 26.927416322976967 ], [ 86.035304904720249, 26.927369323282505 ], [ 86.035228915240907, 26.927371321585667 ], [ 86.035137927695985, 26.927366320431815 ], [ 86.034733980876183, 26.927347314968074 ], [ 86.034718982810659, 26.927347314068754 ], [ 86.034413024791434, 26.927336309911482 ], [ 86.034349033224885, 26.927302312677455 ], [ 86.034336035261163, 26.927313311438752 ], [ 86.034259043032932, 26.92743929806727 ], [ 86.034183048157615, 26.927621281250993 ], [ 86.034093057066286, 26.927794263976637 ], [ 86.033914072236598, 26.928161226899533 ], [ 86.033798080721169, 26.928480196372448 ], [ 86.033798079821793, 26.928526191519325 ], [ 86.033721083996284, 26.928812165607724 ], [ 86.03363108571034, 26.92927112242171 ], [ 86.033478098606793, 26.929638086243983 ], [ 86.03341210424054, 26.929749075706241 ], [ 86.033362110688643, 26.929831066390307 ], [ 86.033222124246834, 26.930015047877248 ], [ 86.033196125621373, 26.930108039121251 ], [ 86.0332041224313, 26.930189031553084 ], [ 86.033209119987816, 26.930243027107224 ], [ 86.033285110366478, 26.930289024952117 ], [ 86.033515080705001, 26.930268030178411 ], [ 86.033630064075624, 26.930278031586795 ], [ 86.033871031376748, 26.9303250312812 ], [ 86.034100999017312, 26.930439025392843 ], [ 86.034227979401408, 26.930530019233004 ], [ 86.034469942256862, 26.930806998259243 ], [ 86.034547929140047, 26.930922988875352 ], [ 86.034583922878596, 26.930976985328812 ], [ 86.034673907674573, 26.931114974366778 ], [ 86.03482487938777, 26.931526938680975 ], [ 86.034913859636276, 26.931858910614267 ], [ 86.034900858974538, 26.931996898752914 ], [ 86.034785866610719, 26.932363864373826 ], [ 86.034721871446891, 26.932500849763585 ], [ 86.034695871922054, 26.932638836103592 ], [ 86.034720862402708, 26.932936810802801 ], [ 86.035063800721503, 26.933669750986951 ], [ 86.035088795698755, 26.9337597429776 ], [ 86.035152783667968, 26.933909729928473 ], [ 86.035177775947261, 26.934092714062444 ], [ 86.035138778458702, 26.934229701250899 ], [ 86.035051789318743, 26.93431769134105 ], [ 86.034998794714852, 26.934368686742459 ], [ 86.03485781002081, 26.934527669654813 ], [ 86.034821814483621, 26.934563666091321 ], [ 86.034678829687721, 26.934711649343058 ], [ 86.0345638418205, 26.934837636870895 ], [ 86.03452184417921, 26.934967624602336 ], [ 86.034512846419091, 26.934997620733441 ], [ 86.034474850780043, 26.934996621581888 ], [ 86.034397858551813, 26.935055612893848 ], [ 86.034269871821493, 26.935284591275433 ], [ 86.034116885617266, 26.935592561087674 ], [ 86.034026890029338, 26.935867534616136 ], [ 86.034000890504558, 26.936049517799916 ], [ 86.034000885108583, 26.936279497131693 ], [ 86.034025879186515, 26.93641748527034 ], [ 86.03408886350752, 26.936738456643695 ], [ 86.034177848252625, 26.936921441676986 ], [ 86.034342820678489, 26.93713942489461 ], [ 86.034533791729814, 26.937298413202882 ], [ 86.034648776899076, 26.937367409520505 ], [ 86.034724765479098, 26.937390409791931 ], [ 86.034966730133135, 26.937527400577665 ], [ 86.035310681093392, 26.93771239020947 ], [ 86.035450661239906, 26.937758388953625 ], [ 86.035480656471691, 26.937788385984106 ], [ 86.035578641674931, 26.93788337912855 ], [ 86.035654628456314, 26.938021368166574 ], [ 86.035781608840466, 26.938135360479521 ], [ 86.035973582640679, 26.93820435769652 ], [ 86.036202552928273, 26.938181363720332 ], [ 86.036394529426445, 26.93809037527609 ], [ 86.036623501512736, 26.937929393161312 ], [ 86.03678948028471, 26.937919397148903 ], [ 86.036904463655333, 26.937976394654413 ], [ 86.036917461619112, 26.937989393517455 ], [ 86.03697445192995, 26.938048388426751 ], [ 86.036993449299814, 26.938067387595254 ], [ 86.036980450436715, 26.938103384031763 ], [ 86.036917458021776, 26.938150379229569 ], [ 86.036891462094275, 26.938170376650305 ], [ 86.036839463943977, 26.938354359036566 ], [ 86.036865458972159, 26.938456349839385 ], [ 86.036916450776289, 26.938499347531547 ], [ 86.037056429124164, 26.938618338300387 ], [ 86.037170411544537, 26.938709333039867 ], [ 86.037361382595861, 26.938881320211237 ], [ 86.037591351135688, 26.938985314713193 ], [ 86.037667341514407, 26.938985315612513 ], [ 86.037795324647391, 26.938939323163595 ], [ 86.03789731365157, 26.938835334057615 ], [ 86.038038297446292, 26.938710347480026 ], [ 86.038140286450471, 26.938607358424974 ], [ 86.03819128005324, 26.938585361801756 ], [ 86.038485246454854, 26.938334389494912 ], [ 86.038612230436343, 26.938276396435185 ], [ 86.038636228060682, 26.938283396791519 ], [ 86.038651224327566, 26.938288396146675 ], [ 86.038676220204195, 26.938333392141999 ], [ 86.038689214570638, 26.938527375037268 ], [ 86.038522233049719, 26.938734354097619 ], [ 86.038395247269648, 26.938848341014648 ], [ 86.0382922564159, 26.939032323400852 ], [ 86.038292255516581, 26.939077318496857 ], [ 86.038266253293784, 26.939352292924639 ], [ 86.038240254668324, 26.939443284966217 ], [ 86.038265247846937, 26.939628269201989 ], [ 86.03832923581615, 26.939775256000132 ], [ 86.038406224447044, 26.939834252708067 ], [ 86.038522207868596, 26.93989125021352 ], [ 86.038546204593615, 26.93990324902569 ], [ 86.038546202794976, 26.939970242543609 ], [ 86.038596194548177, 26.940063235586251 ], [ 86.038698177257004, 26.940224222197685 ], [ 86.038787162901485, 26.94034921237261 ], [ 86.039156105241716, 26.940751182473093 ], [ 86.039449059001868, 26.94103716285673 ], [ 86.039907987037452, 26.94158912080735 ], [ 86.040072959463259, 26.941851099969369 ], [ 86.040225934875593, 26.942069083186936 ], [ 86.04036490957526, 26.942345061262927 ], [ 86.040427898392863, 26.942486048654985 ], [ 86.040530880253357, 26.942712030481118 ], [ 86.040618862249573, 26.942986006656668 ], [ 86.040631854817377, 26.943260982883089 ], [ 86.040592857328818, 26.943397970071544 ], [ 86.040477868562277, 26.943582950710038 ], [ 86.040375878658779, 26.943719936099797 ], [ 86.040221896000958, 26.94387891901215 ], [ 86.040145905622296, 26.943947911732494 ], [ 86.040081911357788, 26.944039902925624 ], [ 86.039889928564321, 26.944404866646039 ], [ 86.039850931075762, 26.944541852935174 ], [ 86.039888924016793, 26.944634845078497 ], [ 86.039990907624997, 26.944759836152741 ], [ 86.040066897104339, 26.944782836424167 ], [ 86.040181881374281, 26.944771838562247 ], [ 86.040628824087605, 26.94471585100024 ], [ 86.040769806083688, 26.944692855225469 ], [ 86.040807800823359, 26.944681857363491 ], [ 86.041521705865932, 26.944681869954081 ], [ 86.041623693071472, 26.944682871803593 ], [ 86.041751675305136, 26.944705872075019 ], [ 86.04185365891334, 26.944796865915237 ], [ 86.041954643369991, 26.94493485495326 ], [ 86.041993636361894, 26.945027846197263 ], [ 86.042017629489635, 26.945210830331234 ], [ 86.042041621717999, 26.945359818130498 ], [ 86.042043620920481, 26.945370816891796 ], [ 86.042030622057439, 26.945461808033997 ], [ 86.042068607803856, 26.945874772399065 ], [ 86.042067598759672, 26.946287734066232 ], [ 86.042092592837605, 26.946425722204879 ], [ 86.042105589902064, 26.946470719099523 ], [ 86.042322554182874, 26.946803691983007 ], [ 86.042359547972296, 26.946860687689821 ], [ 86.042499523622212, 26.947134665664009 ], [ 86.042588509266693, 26.947261655940736 ], [ 86.042664495148699, 26.947444640074707 ], [ 86.042676487665631, 26.9476836189653 ], [ 86.042715482456174, 26.947719616301129 ], [ 86.042868460566467, 26.947788613518128 ], [ 86.04302143957608, 26.947787616165215 ], [ 86.04321241512406, 26.947754621680019 ], [ 86.043340399156364, 26.947730625854319 ], [ 86.04399131628071, 26.947550654463612 ], [ 86.044527247336418, 26.947436673841878 ], [ 86.04529315052929, 26.947229705573477 ], [ 86.045611109159381, 26.947161717400661 ], [ 86.04603305599602, 26.947083731416797 ], [ 86.046517991650376, 26.947095738322901 ], [ 86.04669596743588, 26.947139737864632 ], [ 86.046999106966325, 26.946947509555059 ], [ 86.04724956126114, 26.946990071973289 ], [ 86.047338011806403, 26.947317634509432 ], [ 86.047817840186383, 26.947198262426241 ], [ 86.048433951582297, 26.947141113833936 ], [ 86.049163548970398, 26.947146034048387 ], [ 86.050008001125434, 26.947049547122845 ], [ 86.050669541092589, 26.947013129801633 ], [ 86.051242274381252, 26.946690018031575 ], [ 86.051905179525818, 26.946490122065541 ], [ 86.052498828447426, 26.946391933614564 ], [ 86.053274362526224, 26.946356269928742 ], [ 86.054468957503445, 26.946098967263765 ], [ 86.054454966683409, 26.945772995635934 ], [ 86.054382981904268, 26.945561013623092 ], [ 86.054329989998394, 26.945464022175486 ], [ 86.054265004676267, 26.945210043420673 ], [ 86.054247013652628, 26.944848075356333 ], [ 86.054120033268475, 26.944756082364563 ], [ 86.053900066136976, 26.944555096415002 ], [ 86.053676103298471, 26.944276117286961 ], [ 86.053624114141428, 26.944040138549099 ], [ 86.053544128055762, 26.943925147084542 ], [ 86.053539132297885, 26.943768161576031 ], [ 86.05345914441358, 26.94368916654804 ], [ 86.053373160720469, 26.943453186910858 ], [ 86.053502145703078, 26.943345197601275 ], [ 86.053496148994952, 26.943243208597096 ], [ 86.053429158175049, 26.943212208817783 ], [ 86.053269184205078, 26.94302422352996 ], [ 86.053150205127508, 26.94277524413036 ], [ 86.053059217582586, 26.942726247032112 ], [ 86.052784257544033, 26.942598253107178 ], [ 86.052556290005327, 26.9424512627117 ], [ 86.05242331201373, 26.942269276830018 ], [ 86.052202343032661, 26.942165283227382 ], [ 86.052015373983636, 26.941916302029142 ], [ 86.051760412265139, 26.941740313754849 ], [ 86.051666424567486, 26.941709313975537 ], [ 86.051497445642781, 26.94178630440507 ], [ 86.051330469517836, 26.941713307883845 ], [ 86.051317473352753, 26.941598318217927 ], [ 86.051143500468811, 26.941452327873435 ], [ 86.051023068079814, 26.941447716127868 ], [ 86.050893530011535, 26.941553315028045 ], [ 86.050819540633995, 26.941570312296051 ], [ 86.050738550900121, 26.941552312279157 ], [ 86.050584574537595, 26.941406322833927 ], [ 86.05048059082759, 26.941363325141765 ], [ 86.050392599838062, 26.941417318897209 ], [ 86.050284615025134, 26.941440313772659 ], [ 86.050224623662245, 26.941391318473109 ], [ 86.05007064550108, 26.941318321052506 ], [ 86.049935662911082, 26.941317319202938 ], [ 86.049795684563151, 26.941171330657085 ], [ 86.049749693013609, 26.941032342467508 ], [ 86.049669706927943, 26.940898352733768 ], [ 86.049482735180902, 26.940752362389219 ], [ 86.049273765012003, 26.940685364374758 ], [ 86.049025800951824, 26.94051437635494 ], [ 86.048958809232658, 26.940568370110441 ], [ 86.04887082004177, 26.940567368260872 ], [ 86.048777835093063, 26.940464376507805 ], [ 86.048710846071799, 26.940331386824994 ], [ 86.048623859629856, 26.940270390914577 ], [ 86.048563868266911, 26.940269389964328 ], [ 86.048474877226511, 26.940371378968507 ], [ 86.048453877956206, 26.940462371010028 ], [ 86.048251903647042, 26.940521361422725 ], [ 86.047876952008096, 26.940572351428159 ], [ 86.047729973303944, 26.940487355195387 ], [ 86.047581992750168, 26.940480353040471 ], [ 86.047413014724782, 26.940545344657835 ], [ 86.047285032491118, 26.940514345777842 ], [ 86.046661122137095, 26.940190363459919 ], [ 86.04658113425279, 26.940117368737276 ], [ 86.046416164524942, 26.93969340561091 ], [ 86.045301319110536, 26.939372413553087 ], [ 86.045065350265247, 26.939376409260092 ], [ 86.044951366046234, 26.939373407308722 ], [ 86.044987359784784, 26.939443401878634 ], [ 86.04494536574083, 26.939456400741676 ], [ 86.044796384236861, 26.93949839478563 ], [ 86.044745391533411, 26.939489394327552 ], [ 86.044669402054069, 26.93943039761956 ], [ 86.044656405888986, 26.939362404050826 ], [ 86.044567420244505, 26.939235413774099 ], [ 86.044516427541055, 26.93922341406261 ], [ 86.044376446495221, 26.939202412993666 ], [ 86.044286459001228, 26.939165414707588 ], [ 86.044236467248027, 26.939097420239477 ], [ 86.044235468995737, 26.939030426721615 ], [ 86.044428449142117, 26.938753454889991 ], [ 86.044428450041437, 26.938708458894666 ], [ 86.044389456150213, 26.938674461660639 ], [ 86.044262475766061, 26.938547470484593 ], [ 86.044084504477155, 26.938307488845112 ], [ 86.04395752319374, 26.938170499858018 ], [ 86.043855541384175, 26.93796451545262 ], [ 86.043817549342464, 26.937826528213293 ], [ 86.043779557300752, 26.937700537987439 ], [ 86.04375356227257, 26.937666540753412 ], [ 86.043754563222819, 26.937584549169969 ], [ 86.043817556537078, 26.937517555652107 ], [ 86.043970537345331, 26.937471563203189 ], [ 86.043996534172152, 26.937437565969162 ], [ 86.043971540094219, 26.937299576931196 ], [ 86.044009538431226, 26.937218586298002 ], [ 86.044073530897037, 26.93715159278014 ], [ 86.044213513741568, 26.937082602757755 ], [ 86.044290502372462, 26.937083602808627 ], [ 86.044558462954058, 26.937288588961792 ], [ 86.04466045015954, 26.937299589521729 ], [ 86.044685446935489, 26.93726659323795 ], [ 86.044685447834809, 26.937198599669159 ], [ 86.044647456692417, 26.937094608764539 ], [ 86.04448248156865, 26.936865626785675 ], [ 86.044431493361856, 26.936704640174241 ], [ 86.044368507242211, 26.9364296630485 ], [ 86.044266526331967, 26.936155686872951 ], [ 86.044164544522403, 26.935949703366873 ], [ 86.04413955134379, 26.935789716806312 ], [ 86.044089561389228, 26.935651728667665 ], [ 86.044012573657653, 26.935535738051556 ], [ 86.043859597346, 26.935399748216014 ], [ 86.043765610547723, 26.93533975145715 ], [ 86.043745613126987, 26.93532875179659 ], [ 86.043592635016694, 26.93525975547891 ], [ 86.043516649134631, 26.935112767781447 ], [ 86.043516651832647, 26.935008776876828 ], [ 86.043554647471638, 26.934905786023137 ], [ 86.043554649270277, 26.934859790876203 ], [ 86.043516655429926, 26.934814794880879 ], [ 86.043312682817543, 26.934790792759941 ], [ 86.04315970380793, 26.934733795254431 ], [ 86.043098714192809, 26.934647801668746 ], [ 86.043070719062825, 26.934606805877024 ], [ 86.043096717688286, 26.934504815074263 ], [ 86.043083722422523, 26.934367826986488 ], [ 86.0430207327056, 26.934262835131619 ], [ 86.042918748198076, 26.934160842530162 ], [ 86.042765776383021, 26.93381687088538 ], [ 86.04276677733327, 26.933746877214844 ], [ 86.042817773633999, 26.933631889347566 ], [ 86.042893765811357, 26.933517900631955 ], [ 86.042904764572597, 26.933510902074261 ], [ 86.043047747569858, 26.933428911390195 ], [ 86.043136735912299, 26.933403914614246 ], [ 86.043187729515012, 26.933370918330411 ], [ 86.043239877852841, 26.933316393073085 ] ] ] ] } },
{ "type": "Feature", "properties": { "OBJECTID": 789, "Name": "Charnath", "code": "DNS/CG/61/01", "regime": "CF", "area_ha": 29.377672398200001 }, "geometry": { "type": "MultiPolygon", "coordinates": [ [ [ [ 86.091976077037259, 26.902192366422582 ], [ 86.091875957732611, 26.901693899503982 ], [ 86.091838963943133, 26.901726616996598 ], [ 86.090269127743966, 26.903772405479231 ], [ 86.088435968789156, 26.904701296284657 ], [ 86.088112362389666, 26.906148153202707 ], [ 86.087027473536011, 26.907610002790307 ], [ 86.085433661296292, 26.908704876864419 ], [ 86.084628739930338, 26.910008745389234 ], [ 86.083212901677484, 26.911228609638272 ], [ 86.082293999689796, 26.912314496744159 ], [ 86.081524315728927, 26.913658573250814 ], [ 86.082678016538296, 26.91357709068609 ], [ 86.083769252837328, 26.912578420249702 ], [ 86.085248408161931, 26.911443530649649 ], [ 86.087041172974295, 26.909790433917522 ], [ 86.088132334629222, 26.908791727508117 ], [ 86.089397163397166, 26.907453057751468 ], [ 86.090894252188491, 26.906867384055943 ], [ 86.091385931891125, 26.905990224300808 ], [ 86.091590914447011, 26.905522270626022 ], [ 86.091961893761379, 26.904209395347777 ], [ 86.092626824188926, 26.903046905421945 ], [ 86.092011426858164, 26.902608769811593 ], [ 86.091976077037259, 26.902192366422582 ] ] ] ] } },
{ "type": "Feature", "properties": { "OBJECTID": 790, "Name": "Aurahikhola Mahila \"KHA\"", "code": " ", "regime": "LHF", "area_ha": 16.3659616399 }, "geometry": { "type": "MultiPolygon", "coordinates": [ [ [ [ 85.982835074847515, 26.947496355836506 ], [ 85.982854431947885, 26.947328612586205 ], [ 85.982865438803117, 26.946949646354483 ], [ 85.982832447915257, 26.946777661881129 ], [ 85.982814455992241, 26.946501685603778 ], [ 85.982768465342019, 26.946327701028565 ], [ 85.982686480053871, 26.946097720797468 ], [ 85.982592499550833, 26.945818743468124 ], [ 85.982606509256755, 26.945304791049068 ], [ 85.982640507390101, 26.945176802520109 ], [ 85.982807498803595, 26.944538863574337 ], [ 85.982875493271706, 26.944370880203905 ], [ 85.982956486602859, 26.94421089634136 ], [ 85.983023479221401, 26.944109905589414 ], [ 85.983073475471258, 26.943985918163378 ], [ 85.982312117473725, 26.942689743375524 ], [ 85.980800815728742, 26.943870397894955 ], [ 85.980766949796362, 26.944276369098361 ], [ 85.979654487596747, 26.944782867001265 ], [ 85.979445257522571, 26.945173147657783 ], [ 85.979861567381704, 26.945512119048033 ], [ 85.98021362846697, 26.946308835859725 ], [ 85.980377204238948, 26.946760765337615 ], [ 85.980538849157313, 26.94742732174717 ], [ 85.980510266767226, 26.947942253532574 ], [ 85.980480718500644, 26.948564499233498 ], [ 85.980475890017431, 26.949101067911613 ], [ 85.980470868179111, 26.949659098113784 ], [ 85.980323702415035, 26.950044388408401 ], [ 85.980081129816313, 26.950386060475694 ], [ 85.979887610973492, 26.950599302444743 ], [ 85.979730706404325, 26.95109774508154 ], [ 85.980507699190468, 26.950701724024896 ], [ 85.980925188066465, 26.950199229023553 ], [ 85.981580731325494, 26.948985317415634 ], [ 85.982312130064315, 26.948295517017186 ], [ 85.982658697164879, 26.947837639394834 ], [ 85.98278230957186, 26.947531613026797 ], [ 85.982835074847515, 26.947496355836506 ] ] ] ] } },
{ "type": "Feature", "properties": { "OBJECTID": 791, "Name": "Aurahikhola Mahila \"KA\"", "code": " ", "regime": "LHF", "area_ha": 14.971555178299999 }, "geometry": { "type": "MultiPolygon", "coordinates": [ [ [ [ 85.979730706404325, 26.95109774508154 ], [ 85.979887610973492, 26.950599302444743 ], [ 85.980081129816313, 26.950386060475694 ], [ 85.980323702415035, 26.950044388408401 ], [ 85.980470868179111, 26.949659098113784 ], [ 85.980475890017431, 26.949101067911613 ], [ 85.980480718500644, 26.948564499233498 ], [ 85.980510266767226, 26.947942253532574 ], [ 85.980538849157313, 26.94742732174717 ], [ 85.980377204238948, 26.946760765337615 ], [ 85.98021362846697, 26.946308835859725 ], [ 85.979861567381704, 26.945512119048033 ], [ 85.979445257522571, 26.945173147657783 ], [ 85.97932667864518, 26.945394330678539 ], [ 85.979047435115206, 26.94620474153254 ], [ 85.978725134537569, 26.947321756122108 ], [ 85.978514265890738, 26.948367362400745 ], [ 85.978220237435551, 26.948581879614551 ], [ 85.977783739498477, 26.948957851089574 ], [ 85.977599518790782, 26.949281488965482 ], [ 85.977298397348704, 26.95028130154634 ], [ 85.97695212882445, 26.950703059524528 ], [ 85.976954863675871, 26.951515509151363 ], [ 85.977061252184512, 26.952003738138785 ], [ 85.977798126921471, 26.951828541271652 ], [ 85.978846422185882, 26.951858149793111 ], [ 85.979424980411295, 26.951253567761057 ], [ 85.979730706404325, 26.95109774508154 ] ] ] ] } },
{ "type": "Feature", "properties": { "OBJECTID": 792, "Name": "Jaladh Jaladhar", "code": " ", "regime": "LHF", "area_ha": 5.7069691447900004 }, "geometry": { "type": "MultiPolygon", "coordinates": [ [ [ [ 85.996409739715148, 26.923662417875448 ], [ 85.996442823233622, 26.923337679224005 ], [ 85.995886849790793, 26.923577454917734 ], [ 85.995980832092471, 26.92433639642536 ], [ 85.995699924808775, 26.925354456337857 ], [ 85.995426288578585, 26.925551103937096 ], [ 85.995673790385013, 26.926031299242197 ], [ 85.995942153864746, 26.926430399592277 ], [ 85.996101590037597, 26.926621101745013 ], [ 85.995949745977839, 26.926710292435871 ], [ 85.995824033643828, 26.927260048835592 ], [ 85.995968366529894, 26.928019348275086 ], [ 85.996432695020246, 26.927896271866643 ], [ 85.997776363232731, 26.927409332513207 ], [ 85.997511342548989, 26.926631122938545 ], [ 85.997436371107085, 26.92599869686336 ], [ 85.996828912130013, 26.925227079350805 ], [ 85.996388168473288, 26.924962161190308 ], [ 85.99645369698851, 26.924384895296839 ], [ 85.996409739715148, 26.923662417875448 ] ] ] ] } },
{ "type": "Feature", "properties": { "OBJECTID": 793, "Name": "Chaminiya", "code": " ", "regime": "LHF", "area_ha": 1.46487120678 }, "geometry": { "type": "MultiPolygon", "coordinates": [ [ [ [ 86.009741319368061, 26.93417382880267 ], [ 86.009187922495244, 26.934115781783362 ], [ 86.009255654360061, 26.934432205263306 ], [ 86.010027291657764, 26.934870920039828 ], [ 86.010057187963639, 26.934907238435187 ], [ 86.010386754198919, 26.935225496540909 ], [ 86.010656687902497, 26.935453066577395 ], [ 86.011016862710107, 26.935726404231218 ], [ 86.011187116879626, 26.935835922395597 ], [ 86.011347929921044, 26.935873157204469 ], [ 86.011670974241611, 26.93578514912781 ], [ 86.011051247553837, 26.935248209927238 ], [ 86.010524682082689, 26.934423055517016 ], [ 86.009741319368061, 26.93417382880267 ] ] ] ] } },
{ "type": "Feature", "properties": { "OBJECTID": 794, "Name": "Jalaidh Haritkinara\"KHA\"", "code": " ", "regime": "LHF", "area_ha": 3.2172116626 }, "geometry": { "type": "MultiPolygon", "coordinates": [ [ [ [ 85.990047841255944, 26.897995692381357 ], [ 85.989852348391707, 26.897877829367758 ], [ 85.989638557833587, 26.897793859266358 ], [ 85.989394611963576, 26.897654712795372 ], [ 85.989166233432684, 26.897488197125483 ], [ 85.988968990479407, 26.897266943957277 ], [ 85.988786460505253, 26.897114495550227 ], [ 85.988573774319832, 26.896906870773535 ], [ 85.988345643103742, 26.896712875287733 ], [ 85.988163726470134, 26.89649173093801 ], [ 85.987932216484865, 26.896256811606577 ], [ 85.987918213973614, 26.896845563696218 ], [ 85.987955021602488, 26.89723399174045 ], [ 85.988012206167866, 26.897595484960505 ], [ 85.988136481378319, 26.898336595524597 ], [ 85.988773735037341, 26.89854337673313 ], [ 85.989354426464899, 26.898726154022086 ], [ 85.989812167389687, 26.898949271493791 ], [ 85.990102820673087, 26.899006309468973 ], [ 85.990285687894641, 26.899007815840605 ], [ 85.990047841255944, 26.897995692381357 ] ] ] ] } },
{ "type": "Feature", "properties": { "OBJECTID": 795, "Name": "Jalaidh Haritkinara\"KA\"", "code": " ", "regime": "LHF", "area_ha": 4.3451152309900003 }, "geometry": { "type": "MultiPolygon", "coordinates": [ [ [ [ 85.987932216484865, 26.896256811606577 ], [ 85.988163726470134, 26.89649173093801 ], [ 85.988345643103742, 26.896712875287733 ], [ 85.988573774319832, 26.896906870773535 ], [ 85.988786460505253, 26.897114495550227 ], [ 85.988968990479407, 26.897266943957277 ], [ 85.989166233432684, 26.897488197125483 ], [ 85.989394611963576, 26.897654712795372 ], [ 85.989638557833587, 26.897793859266358 ], [ 85.989852348391707, 26.897877829367758 ], [ 85.990047841255944, 26.897995692381357 ], [ 85.9899358184677, 26.897518983764485 ], [ 85.989809041331284, 26.897057695896535 ], [ 85.988803587276266, 26.894649296331238 ], [ 85.988187889570497, 26.893697043725183 ], [ 85.987966514093898, 26.894814816446853 ], [ 85.987932216484865, 26.896256811606577 ] ] ] ] } },
{ "type": "Feature", "properties": { "OBJECTID": 796, "Name": "Jalaidh Haritkinara\"GA\"", "code": " ", "regime": "LHF", "area_ha": 2.5763984401500002 }, "geometry": { "type": "MultiPolygon", "coordinates": [ [ [ [ 85.990285687894641, 26.899007815840605 ], [ 85.990102820673087, 26.899006309468973 ], [ 85.989812167389687, 26.898949271493791 ], [ 85.989354426464899, 26.898726154022086 ], [ 85.988773735037341, 26.89854337673313 ], [ 85.988136481378319, 26.898336595524597 ], [ 85.988774909557605, 26.899000144586807 ], [ 85.989104473994189, 26.89930039817898 ], [ 85.989562907400284, 26.899827249635905 ], [ 85.989700957592447, 26.900153212270425 ], [ 85.9901583531759, 26.900797406030961 ], [ 85.990548491738878, 26.901080034625295 ], [ 85.990828211911833, 26.901325765658157 ], [ 85.990811285690597, 26.900964561121839 ], [ 85.990498360590095, 26.899924209607093 ], [ 85.990382048015192, 26.899417861891664 ], [ 85.990285687894641, 26.899007815840605 ] ] ] ] } },
{ "type": "Feature", "properties": { "OBJECTID": 797, "Name": "Adchale", "code": " ", "regime": "LHF", "area_ha": 15.214446214400001 }, "geometry": { "type": "MultiPolygon", "coordinates": [ [ [ [ 86.041266306175544, 26.929922241894474 ], [ 86.041102072096635, 26.930333156694815 ], [ 86.041102070297995, 26.930401150263549 ], [ 86.041109066157674, 26.930554135568457 ], [ 86.04111406371419, 26.930642129255943 ], [ 86.04117705253185, 26.930778117292789 ], [ 86.041305032067555, 26.930917107281005 ], [ 86.041416017033157, 26.931008101121222 ], [ 86.041445012214069, 26.931030099543079 ], [ 86.041622987100254, 26.931077099237541 ], [ 86.041775966109867, 26.931112097421817 ], [ 86.041954941046981, 26.93115809616603 ], [ 86.042209906362814, 26.931239093993781 ], [ 86.04241387627718, 26.931330089632638 ], [ 86.042680837707167, 26.931515076566427 ], [ 86.04315176545424, 26.931996041694902 ], [ 86.043215752524134, 26.932135030783797 ], [ 86.043291738406197, 26.932329014578386 ], [ 86.043367724288203, 26.932500999951117 ], [ 86.043469708795726, 26.932636989786602 ], [ 86.043596690079198, 26.932730983779493 ], [ 86.043647682782648, 26.93274198344011 ], [ 86.043686676673872, 26.932798978247604 ], [ 86.043686675774552, 26.932832975481631 ], [ 86.043570686957082, 26.932991958393984 ], [ 86.043494696578421, 26.933049952353031 ], [ 86.043239877852841, 26.933316393073085 ], [ 86.043294733162895, 26.933363165237949 ], [ 86.043360562053181, 26.933916286916883 ], [ 86.043681146716153, 26.934116525526235 ], [ 86.043991791124995, 26.934301234568181 ], [ 86.044319602774522, 26.933644276668758 ], [ 86.04478319021996, 26.933606183003178 ], [ 86.045278405174429, 26.93340004481297 ], [ 86.045662181902856, 26.933271794580037 ], [ 86.045886291331499, 26.932969110108729 ], [ 86.046177312439397, 26.933092283644385 ], [ 86.046471856208541, 26.932796765005435 ], [ 86.046843469548037, 26.932917016629801 ], [ 86.046936393342605, 26.932645065737233 ], [ 86.047170495186379, 26.932351080449735 ], [ 86.047384226388942, 26.932084223341576 ], [ 86.046614197986059, 26.931438596054875 ], [ 86.0461954113822, 26.930940829711517 ], [ 86.045613961822539, 26.930625373007388 ], [ 86.045083230671764, 26.930267081389161 ], [ 86.044802978996984, 26.930061940551809 ], [ 86.044199673109006, 26.929951019438363 ], [ 86.043474212622129, 26.929995102617454 ], [ 86.042767745907781, 26.930174984974826 ], [ 86.042125667362825, 26.929885414480395 ], [ 86.041349949821438, 26.929918118483158 ], [ 86.041266306175544, 26.929922241894474 ] ] ] ] } },
{ "type": "Feature", "properties": { "OBJECTID": 798, "Name": "Sanidabili", "code": " ", "regime": "LHF", "area_ha": 14.867663049700001 }, "geometry": { "type": "MultiPolygon", "coordinates": [ [ [ [ 86.046445853086425, 26.925110639970853 ], [ 86.046662779595579, 26.924462151927003 ], [ 86.046393024857935, 26.924207568824897 ], [ 86.045903942409836, 26.923689716926788 ], [ 86.045213627596695, 26.923152447673488 ], [ 86.045031996049545, 26.923196353685285 ], [ 86.044718624883217, 26.923338668482984 ], [ 86.04387248109532, 26.923369047727135 ], [ 86.04226273908796, 26.924387227250065 ], [ 86.042365577955479, 26.925326747193651 ], [ 86.042071498238727, 26.925568484318148 ], [ 86.041738816736995, 26.925611361500614 ], [ 86.042952529593776, 26.926179278896655 ], [ 86.043424894464351, 26.926290807055409 ], [ 86.04366565581978, 26.926400763191737 ], [ 86.044079430477893, 26.926295241633625 ], [ 86.044522168840501, 26.926491192254957 ], [ 86.044721538700628, 26.92657942965991 ], [ 86.044979857604346, 26.926996426604319 ], [ 86.044958957259951, 26.927086557091229 ], [ 86.044978869244687, 26.927113773404585 ], [ 86.044968571058632, 26.927140783772245 ], [ 86.045078883328188, 26.927195693941258 ], [ 86.045007330225758, 26.927321589737801 ], [ 86.045187219777745, 26.927485295912106 ], [ 86.045356584513456, 26.927703092969125 ], [ 86.045607495666047, 26.92780408731835 ], [ 86.045595602974402, 26.928020658593596 ], [ 86.045645268272153, 26.928102238285533 ], [ 86.045856206167116, 26.928166854883841 ], [ 86.045895726164247, 26.928257393664921 ], [ 86.046074100351404, 26.928601630610956 ], [ 86.046396263332099, 26.928612835317949 ], [ 86.046279501093977, 26.925732389243592 ], [ 86.046445853086425, 26.925110639970853 ] ] ] ] } },
{ "type": "Feature", "properties": { "OBJECTID": 799, "Name": "Thulodabili", "code": " ", "regime": "LHF", "area_ha": 7.5667918289499996 }, "geometry": { "type": "MultiPolygon", "coordinates": [ [ [ [ 86.046396263332099, 26.928612835317949 ], [ 86.046074100351404, 26.928601630610956 ], [ 86.045895726164247, 26.928257393664921 ], [ 86.045856206167116, 26.928166854883841 ], [ 86.045645268272153, 26.928102238285533 ], [ 86.045595602974402, 26.928020658593596 ], [ 86.045607495666047, 26.92780408731835 ], [ 86.045356584513456, 26.927703092969125 ], [ 86.045187219777745, 26.927485295912106 ], [ 86.045007330225758, 26.927321589737801 ], [ 86.045078883328188, 26.927195693941258 ], [ 86.044968571058632, 26.927140783772245 ], [ 86.044978869244687, 26.927113773404585 ], [ 86.044958957259951, 26.927086557091229 ], [ 86.044979857604346, 26.926996426604319 ], [ 86.044721538700628, 26.92657942965991 ], [ 86.044522168840501, 26.926491192254957 ], [ 86.043331391503614, 26.927824785314328 ], [ 86.043619612109239, 26.928278095258179 ], [ 86.044643478072658, 26.928673197203295 ], [ 86.045254099081149, 26.929110632238405 ], [ 86.045924614325315, 26.929611658639828 ], [ 86.046476798906156, 26.92981398728358 ], [ 86.046898225032919, 26.929997377013763 ], [ 86.047289974289413, 26.930117375927466 ], [ 86.047975500189693, 26.930031730381074 ], [ 86.048197573543519, 26.929970037492694 ], [ 86.048320157121111, 26.929763240995612 ], [ 86.048394133008742, 26.929348491467692 ], [ 86.048449633135874, 26.928735020494003 ], [ 86.048320238959775, 26.928553604785179 ], [ 86.048291316624329, 26.928399948582808 ], [ 86.048272994648585, 26.928183174059825 ], [ 86.048010570320059, 26.928253620990859 ], [ 86.047867467712422, 26.928505415281961 ], [ 86.047684085176854, 26.928756937976459 ], [ 86.04741045164468, 26.928962715536841 ], [ 86.04713916715292, 26.928888666803743 ], [ 86.046715316442317, 26.928994129905618 ], [ 86.046536333411268, 26.928722107066903 ], [ 86.046396263332099, 26.928612835317949 ] ] ] ] } },
{ "type": "Feature", "properties": { "OBJECTID": 800, "Name": "Musharhaniya", "code": " ", "regime": "LHF", "area_ha": 7.1324492507099997 }, "geometry": { "type": "MultiPolygon", "coordinates": [ [ [ [ 86.046662779595579, 26.924462151927003 ], [ 86.046445853086425, 26.925110639970853 ], [ 86.046897850913126, 26.925249101155146 ], [ 86.047980680309422, 26.925816091345723 ], [ 86.048071307224518, 26.925816702887687 ], [ 86.048352200118984, 26.925944977402423 ], [ 86.048954266735223, 26.926201794431165 ], [ 86.049001814119435, 26.926536119901471 ], [ 86.049232360926112, 26.926664053571528 ], [ 86.049573372887835, 26.926828838038148 ], [ 86.049916882278865, 26.926695744033509 ], [ 86.050113425556276, 26.926074194411171 ], [ 86.050104717379213, 26.925911647468524 ], [ 86.050106683306581, 26.925676953867992 ], [ 86.049858947675318, 26.925196848495489 ], [ 86.049942226194787, 26.924872431802953 ], [ 86.049954867125962, 26.924565593343232 ], [ 86.04924544702385, 26.923901835637253 ], [ 86.048801930743991, 26.923953009105276 ], [ 86.048208735082824, 26.923840685042705 ], [ 86.047956616134968, 26.923884120706816 ], [ 86.047613720983861, 26.923944997906176 ], [ 86.047472822625082, 26.923935019880275 ], [ 86.047581919904758, 26.924134352868009 ], [ 86.046662779595579, 26.924462151927003 ] ] ] ] } },
{ "type": "Feature", "properties": { "OBJECTID": 801, "Name": "Janajagaran", "code": " ", "regime": "LHF", "area_ha": 15.3436572916 }, "geometry": { "type": "MultiPolygon", "coordinates": [ [ [ [ 86.07342164880896, 26.919166933660847 ], [ 86.074943928630717, 26.919035432363103 ], [ 86.076422487701961, 26.91924371184939 ], [ 86.077634320067318, 26.918818330485351 ], [ 86.078670642600059, 26.918924396135878 ], [ 86.078622863189651, 26.918608132735983 ], [ 86.078513568058213, 26.918426875308626 ], [ 86.078394277813743, 26.918236525691782 ], [ 86.078255289624167, 26.917991883743184 ], [ 86.077750275609731, 26.916941430994825 ], [ 86.074504142756552, 26.917398626927877 ], [ 86.074071393211739, 26.917368709038158 ], [ 86.073154297071369, 26.917461988965954 ], [ 86.07170183914883, 26.917759369210444 ], [ 86.071126718148719, 26.917900022053061 ], [ 86.070239747642461, 26.918002508384689 ], [ 86.069363882917287, 26.917978682531668 ], [ 86.069311612271122, 26.918213045180096 ], [ 86.070425217514469, 26.91871687747971 ], [ 86.070894699144787, 26.919180355207288 ], [ 86.071467536755279, 26.919319532255372 ], [ 86.07342164880896, 26.919166933660847 ] ] ] ] } },
{ "type": "Feature", "properties": { "OBJECTID": 802, "Name": "Phulmati", "code": " ", "regime": "LHF", "area_ha": 2.8292701195299998 }, "geometry": { "type": "MultiPolygon", "coordinates": [ [ [ [ 86.084393011205179, 26.9173367325904 ], [ 86.083664901302825, 26.917720177467345 ], [ 86.083513572557081, 26.917755303355989 ], [ 86.083462862242129, 26.917800110492749 ], [ 86.083100154931515, 26.917824836571469 ], [ 86.082506294668235, 26.917793897047034 ], [ 86.082080907908221, 26.918098056413555 ], [ 86.081679090693228, 26.91797808897627 ], [ 86.081458593858542, 26.917850274017326 ], [ 86.081328498207881, 26.917750127732859 ], [ 86.081179581455444, 26.917487369754213 ], [ 86.080956526037198, 26.917675489041642 ], [ 86.080642700711053, 26.917881071448221 ], [ 86.081352711670604, 26.918490517037128 ], [ 86.081785114974764, 26.918501791891629 ], [ 86.081996994464419, 26.918512761874467 ], [ 86.082750725275162, 26.918698205665976 ], [ 86.082681480743418, 26.918544293155662 ], [ 86.083497962050274, 26.918441270825497 ], [ 86.084155374109514, 26.918084448706509 ], [ 86.084670212364983, 26.917925298519492 ], [ 86.085026855518038, 26.917404031879244 ], [ 86.084393011205179, 26.9173367325904 ] ] ] ] } },
{ "type": "Feature", "properties": { "OBJECTID": 803, "Name": "Pokhari", "code": " ", "regime": "LHF", "area_ha": 4.4952911872200003 }, "geometry": { "type": "MultiPolygon", "coordinates": [ [ [ [ 86.084393011205179, 26.9173367325904 ], [ 86.084758557689099, 26.916959959815642 ], [ 86.084800362874489, 26.916770659712711 ], [ 86.084304122687968, 26.915873747153626 ], [ 86.083796956585559, 26.916330845060088 ], [ 86.083585215592166, 26.916365578842431 ], [ 86.083463293918783, 26.91650019540657 ], [ 86.083383252074896, 26.9164364853292 ], [ 86.083141669634529, 26.916425890365474 ], [ 86.082606552469144, 26.916602957831401 ], [ 86.08179847266905, 26.916913656199824 ], [ 86.081179581455444, 26.917487369754213 ], [ 86.081328498207881, 26.917750127732859 ], [ 86.081458593858542, 26.917850274017326 ], [ 86.081679090693228, 26.91797808897627 ], [ 86.082080907908221, 26.918098056413555 ], [ 86.082506294668235, 26.917793897047034 ], [ 86.083100154931515, 26.917824836571469 ], [ 86.083462862242129, 26.917800110492749 ], [ 86.083513572557081, 26.917755303355989 ], [ 86.083664901302825, 26.917720177467345 ], [ 86.084393011205179, 26.9173367325904 ] ] ] ] } },
{ "type": "Feature", "properties": { "OBJECTID": 804, "Name": "Charnath", "code": " ", "regime": "LHF", "area_ha": 5.9196219402299999 }, "geometry": { "type": "MultiPolygon", "coordinates": [ [ [ [ 86.102728494836015, 26.881832906570423 ], [ 86.10320223837391, 26.881754668775216 ], [ 86.103463882986489, 26.881765356369556 ], [ 86.103919130978625, 26.881479371489263 ], [ 86.104606248686537, 26.881149717120024 ], [ 86.104408985048792, 26.880633912088683 ], [ 86.103624816537661, 26.879229711118853 ], [ 86.102584405667358, 26.879683498605004 ], [ 86.102372025252976, 26.879808531048241 ], [ 86.101952621711177, 26.880654431118728 ], [ 86.101514077806712, 26.881373825649405 ], [ 86.101260072971456, 26.881670110514392 ], [ 86.101238940600865, 26.881796357947508 ], [ 86.10126778289623, 26.88196806003242 ], [ 86.1016097409493, 26.882006343455885 ], [ 86.101740243095435, 26.882052308924983 ], [ 86.102295229077868, 26.881884318359937 ], [ 86.102728494836015, 26.881832906570423 ] ] ] ] } },
{ "type": "Feature", "properties": { "OBJECTID": 805, "Name": "Madhubasa", "code": "DNS/PU/22/01", "regime": "CF", "area_ha": 29.5367462446 }, "geometry": { "type": "MultiPolygon", "coordinates": [ [ [ [ 86.015072650983143, 26.94879847337296 ], [ 86.015066191122003, 26.948435387445954 ], [ 86.015057310274244, 26.947936269415038 ], [ 86.014680854062362, 26.948067878631946 ], [ 86.01426307470399, 26.948011407232343 ], [ 86.013995834482841, 26.947822105330772 ], [ 86.013818683379554, 26.9475798807714 ], [ 86.013701282619706, 26.947338073499452 ], [ 86.013554474787554, 26.947042508095535 ], [ 86.013527164044945, 26.946747777266467 ], [ 86.013500786803036, 26.94634594925958 ], [ 86.013623546648603, 26.945971939215383 ], [ 86.013835927962361, 26.945598556001642 ], [ 86.014017967803682, 26.945278513632445 ], [ 86.014021229660329, 26.944903668114023 ], [ 86.013964278020524, 26.94458195479649 ], [ 86.013607890276148, 26.944338476576149 ], [ 86.013251504330469, 26.944094997456489 ], [ 86.012895353108945, 26.943824743592756 ], [ 86.01268787132517, 26.943635857179913 ], [ 86.012425776150053, 26.942857510008309 ], [ 86.012429275428872, 26.942455889745816 ], [ 86.012344790013458, 26.941866220343286 ], [ 86.012297916224725, 26.941299095253783 ], [ 86.011615745711083, 26.941271657706125 ], [ 86.01145344788182, 26.941627519344593 ], [ 86.011056317955763, 26.941608436538729 ], [ 86.010940523392833, 26.941883158255791 ], [ 86.01075591057878, 26.942497719213065 ], [ 86.010512015071072, 26.943058310696642 ], [ 86.010477699475473, 26.943566818593922 ], [ 86.010263441267625, 26.944154394364716 ], [ 86.010079755659092, 26.94466185364746 ], [ 86.009896536800909, 26.945115765240644 ], [ 86.009744124366932, 26.945462786501082 ], [ 86.009652631400627, 26.945676354925581 ], [ 86.009644374685365, 26.946215401247798 ], [ 86.009437291303186, 26.946681800886722 ], [ 86.009261250867951, 26.946914491687437 ], [ 86.008898985126564, 26.946953097969015 ], [ 86.009025669632308, 26.947411829052101 ], [ 86.009430845831218, 26.948878981967198 ], [ 86.010753049821687, 26.948562641225294 ], [ 86.012259677767645, 26.949284883922473 ], [ 86.013421229696064, 26.949268303042572 ], [ 86.014623159579003, 26.948926353982756 ], [ 86.015072650983143, 26.94879847337296 ] ] ] ] } },
{ "type": "Feature", "properties": { "OBJECTID": 806, "Name": "Madhubasa", "code": "DNS/PU/22/01", "regime": "CF", "area_ha": 48.291433223200002 }, "geometry": { "type": "MultiPolygon", "coordinates": [ [ [ [ 86.022039251984154, 26.948550004790718 ], [ 86.022936822850113, 26.948281756424706 ], [ 86.023088629138158, 26.948236387208965 ], [ 86.024164307990645, 26.947914900521653 ], [ 86.025176040242911, 26.947612515526032 ], [ 86.025740046468684, 26.946893559866623 ], [ 86.025207825134146, 26.94672940133114 ], [ 86.025042848211683, 26.946719399023436 ], [ 86.024735888342889, 26.946764390522162 ], [ 86.024116814566014, 26.946745060401554 ], [ 86.02304011497813, 26.946685367615032 ], [ 86.022479192542448, 26.946511373147246 ], [ 86.021919273754975, 26.946192392882438 ], [ 86.02143634989369, 26.945606436798414 ], [ 86.020710434347677, 26.945244802384138 ], [ 86.020357038662098, 26.944653269577429 ], [ 86.019673415736349, 26.944246875690681 ], [ 86.018929121557051, 26.943947162593645 ], [ 86.018243420288115, 26.943781734209324 ], [ 86.017679071419025, 26.943402937050962 ], [ 86.01687690019304, 26.942888599720277 ], [ 86.015895265695747, 26.942399781674112 ], [ 86.015061142303864, 26.942126197604864 ], [ 86.014436833548302, 26.941773745312616 ], [ 86.013816487224631, 26.941510954058913 ], [ 86.012779232090509, 26.941318454152793 ], [ 86.012913309958208, 26.941763094590613 ], [ 86.012908180200668, 26.942352137162686 ], [ 86.012843535723221, 26.942913986803831 ], [ 86.013139003999925, 26.943290922356653 ], [ 86.013643589934986, 26.943669319314779 ], [ 86.014058557999192, 26.94404708854313 ], [ 86.014324160547062, 26.94442381275428 ], [ 86.014440161955122, 26.944826266692303 ], [ 86.014436901897113, 26.945201112210668 ], [ 86.014224757106149, 26.945547721579658 ], [ 86.014221961100532, 26.945869017609766 ], [ 86.014010513287531, 26.94613530184705 ], [ 86.013888219293051, 26.946455763302311 ], [ 86.013824743040516, 26.946883739222869 ], [ 86.014060708288525, 26.947233481844819 ], [ 86.014387232102706, 26.947476749622751 ], [ 86.014566246610173, 26.947504776229152 ], [ 86.015051086036578, 26.94758642516922 ], [ 86.015043546983804, 26.947162678780501 ], [ 86.01598064054491, 26.947590276983988 ], [ 86.016308114047774, 26.947739812473003 ], [ 86.016808303176333, 26.947968214386378 ], [ 86.017303606264818, 26.94819438237306 ], [ 86.017323710705398, 26.948203121127221 ], [ 86.017518373491328, 26.948291946691597 ], [ 86.017888244835717, 26.948460719670607 ], [ 86.018286938690267, 26.948455010746898 ], [ 86.019077558968604, 26.948443690026807 ], [ 86.01907810036306, 26.948443933744272 ], [ 86.01924448113391, 26.948441530744219 ], [ 86.019244291376083, 26.948441302315359 ], [ 86.019825810183875, 26.948432975452647 ], [ 86.020377257317136, 26.948425079367325 ], [ 86.020514867738711, 26.948642820666123 ], [ 86.021402056781312, 26.95004660165057 ], [ 86.02161420247154, 26.949548330785092 ], [ 86.021886989737652, 26.948907628209497 ], [ 86.022039251984154, 26.948550004790718 ] ] ] ] } },
{ "type": "Feature", "properties": { "OBJECTID": 807, "Name": "Chure Aapgachhi", "code": "DNS/BA/01/06", "regime": "CF", "area_ha": 99.996787963700001 }, "geometry": { "type": "MultiPolygon", "coordinates": [ [ [ [ 85.938466060181781, 27.09850554935764 ], [ 85.938623618561166, 27.098206623171166 ], [ 85.938819615947466, 27.097907524313996 ], [ 85.938971322410282, 27.097545067915462 ], [ 85.939177914760307, 27.097177474564774 ], [ 85.939324655143025, 27.096907928470841 ], [ 85.93956667735398, 27.096585584725517 ], [ 85.939858147225664, 27.096083001590216 ], [ 85.94018897521579, 27.095751128582833 ], [ 85.940650352117018, 27.095109942169643 ], [ 85.940725707571289, 27.094858961768921 ], [ 85.940787681049471, 27.094505506727785 ], [ 85.940862063432633, 27.09408364083049 ], [ 85.941152938849655, 27.093478521001259 ], [ 85.941355534593356, 27.093101651099232 ], [ 85.941532343952645, 27.092690721010342 ], [ 85.941581648620513, 27.092360115153838 ], [ 85.941708567850412, 27.092177262321513 ], [ 85.941966085454396, 27.091885781657879 ], [ 85.942195251795169, 27.091679671346753 ], [ 85.942475857804538, 27.091518900573647 ], [ 85.942846163523541, 27.091380509536805 ], [ 85.943191004816867, 27.091265020744743 ], [ 85.943459262176134, 27.091184055292729 ], [ 85.943688678529611, 27.091023517445137 ], [ 85.943854243611497, 27.090886055412341 ], [ 85.943917377220657, 27.090737663866491 ], [ 85.944054098208483, 27.090030699824638 ], [ 85.944244406456278, 27.089745022513966 ], [ 85.944653341839341, 27.089652028571948 ], [ 85.945114304151105, 27.089706901868567 ], [ 85.945280385446324, 27.089660577568225 ], [ 85.945330002180469, 27.089386931445517 ], [ 85.945339277832431, 27.088771691496845 ], [ 85.945542372702278, 27.088485956629313 ], [ 85.946245071239218, 27.088300484958609 ], [ 85.947013771337083, 27.088467879270297 ], [ 85.947960565931567, 27.088452177032195 ], [ 85.948266741587759, 27.088291285749392 ], [ 85.94843190377145, 27.088085465920699 ], [ 85.948506908488412, 27.087777523088221 ], [ 85.948504027046795, 27.087276260164003 ], [ 85.948501410906431, 27.086820566105985 ], [ 85.948358503452653, 27.086445259233187 ], [ 85.948242299696176, 27.086263507176284 ], [ 85.947869113434933, 27.086121252633404 ], [ 85.946914724029398, 27.086008464518443 ], [ 85.946102351744628, 27.08580718448917 ], [ 85.945081270095613, 27.08552876564147 ], [ 85.944103212219204, 27.085103744007938 ], [ 85.943028957000308, 27.084440131992892 ], [ 85.942068051076092, 27.083997552811013 ], [ 85.941506833661322, 27.083619423852156 ], [ 85.940801179938035, 27.082900333293821 ], [ 85.940308501083791, 27.0823848664092 ], [ 85.940153820548744, 27.081528490086043 ], [ 85.940416843828643, 27.0806549770993 ], [ 85.938774320476455, 27.080542680016492 ], [ 85.937062370928629, 27.080351483234267 ], [ 85.936838948585262, 27.080539866024367 ], [ 85.936519160725425, 27.080835024932753 ], [ 85.936330116930492, 27.081166513927769 ], [ 85.936179733376719, 27.081535667609671 ], [ 85.936150881188723, 27.081826702207422 ], [ 85.936173814010658, 27.082030796228821 ], [ 85.936166457521097, 27.082271312967464 ], [ 85.936176438244956, 27.082496237185865 ], [ 85.936191170109907, 27.082790955424343 ], [ 85.936214395212914, 27.083046849744278 ], [ 85.936194408584072, 27.083364996333501 ], [ 85.936248270138606, 27.083646245361251 ], [ 85.936401917347666, 27.083855012282356 ], [ 85.936534265810792, 27.084149206213624 ], [ 85.936645162642492, 27.08450167649238 ], [ 85.936777667588387, 27.084823019287512 ], [ 85.936913251827718, 27.08511880862369 ], [ 85.937152443858622, 27.085665287878157 ], [ 85.937236929274036, 27.086041351084418 ], [ 85.937260130994559, 27.08626066350638 ], [ 85.937349668825391, 27.086558483521401 ], [ 85.937461694311594, 27.086949090633425 ], [ 85.937585309416534, 27.087447197821518 ], [ 85.937713560548787, 27.087793730747705 ], [ 85.937853262803515, 27.088223323657019 ], [ 85.937970702234395, 27.088599874298154 ], [ 85.938043438850286, 27.088839103201451 ], [ 85.938154582996731, 27.089073270696076 ], [ 85.93821068117586, 27.089283239117208 ], [ 85.938300942065098, 27.08970816272415 ], [ 85.93834683378941, 27.090055064374155 ], [ 85.938414274272475, 27.090328536926904 ], [ 85.938679113292324, 27.090552237162115 ], [ 85.938773706236532, 27.09077181218737 ], [ 85.938577055939334, 27.090953583130101 ], [ 85.938362509047749, 27.090884050813941 ], [ 85.938363063032796, 27.090981825574829 ], [ 85.938321044706981, 27.091319345452348 ], [ 85.938311334680407, 27.091544275066667 ], [ 85.938531415127045, 27.091621509213667 ], [ 85.938543504771133, 27.091817009272461 ], [ 85.938528415873634, 27.092061519020149 ], [ 85.938496633680415, 27.092266993507508 ], [ 85.93827729787597, 27.092321754388308 ], [ 85.938306451338292, 27.092621463888065 ], [ 85.938291443380137, 27.092880640749172 ], [ 85.938270863195953, 27.093125176577246 ], [ 85.938294099090854, 27.093349958702049 ], [ 85.93827925840742, 27.093638467092092 ], [ 85.938303104944964, 27.093970802353226 ], [ 85.938288125765268, 27.09423486705299 ], [ 85.938289703183671, 27.09451352422218 ], [ 85.938263179351566, 27.094678134219521 ], [ 85.938220300370517, 27.094864104116994 ], [ 85.938177588664132, 27.095079405543402 ], [ 85.938129579925544, 27.095328951518582 ], [ 85.938076134759115, 27.095588301050327 ], [ 85.938001083277186, 27.095911299505303 ], [ 85.937991510847496, 27.096160674608484 ], [ 85.937926585780247, 27.096332074519751 ], [ 85.937883900154304, 27.096552264684192 ], [ 85.937818864469875, 27.096704468474456 ], [ 85.937754131858469, 27.096910090451388 ], [ 85.937689314710383, 27.097101046214163 ], [ 85.937657555899648, 27.097311408540236 ], [ 85.937614648140084, 27.097492488800356 ], [ 85.937588103623511, 27.09765393946418 ], [ 85.937594811698773, 27.097869017857647 ], [ 85.937601214902372, 27.098030321031956 ], [ 85.937618822813022, 27.09823068464766 ], [ 85.937707678055119, 27.098406284412988 ], [ 85.93788340012884, 27.098405497502426 ], [ 85.93811400719045, 27.098399574539087 ], [ 85.938251760604942, 27.098482066147938 ], [ 85.938395226540365, 27.098603644278683 ], [ 85.938466060181781, 27.09850554935764 ] ] ] ] } },
{ "type": "Feature", "properties": { "OBJECTID": 808, "Name": "Chaminiyamai", "code": " ", "regime": "LHF", "area_ha": 3.7780970793900002 }, "geometry": { "type": "MultiPolygon", "coordinates": [ [ [ [ 86.026321300874486, 26.947032803464879 ], [ 86.025740046468684, 26.946893559866623 ], [ 86.025176040242911, 26.947612515526032 ], [ 86.025517098070281, 26.947924550293408 ], [ 86.026174815001127, 26.948526296749435 ], [ 86.026757985871427, 26.948636267274992 ], [ 86.027590994098659, 26.94898504132243 ], [ 86.028307172638279, 26.948863598090668 ], [ 86.028566119271829, 26.948807573656325 ], [ 86.028661391207493, 26.948786961096346 ], [ 86.028574864321286, 26.948718524159688 ], [ 86.028387618279737, 26.948570423995534 ], [ 86.028022871296912, 26.94828193179336 ], [ 86.027071129508215, 26.947460131870457 ], [ 86.026795607390682, 26.947222226775523 ], [ 86.026515505004056, 26.947122797254167 ], [ 86.026321300874486, 26.947032803464879 ] ] ] ] } },
{ "type": "Feature", "properties": { "OBJECTID": 809, "Name": "KamalaCharnath", "code": "DNS/GD/88/02", "regime": "CF", "area_ha": 24.860188854 }, "geometry": { "type": "MultiPolygon", "coordinates": [ [ [ [ 86.140817407472184, 26.865666679037588 ], [ 86.140522956333598, 26.864659741993421 ], [ 86.139868628064448, 26.864718130756728 ], [ 86.139754118638848, 26.865082967672151 ], [ 86.139197936552307, 26.867096837263887 ], [ 86.138674471059176, 26.869460916227979 ], [ 86.138091176081844, 26.872746695883336 ], [ 86.137388464054993, 26.873578931589236 ], [ 86.13699970146132, 26.873774800371848 ], [ 86.136693729952185, 26.873999568107422 ], [ 86.136227854620586, 26.87427519454684 ], [ 86.136159451858305, 26.874734371695808 ], [ 86.136047849055444, 26.875257767940809 ], [ 86.13592765049134, 26.875766274039506 ], [ 86.136059297479903, 26.876141606093427 ], [ 86.136221395658708, 26.876457568218996 ], [ 86.136325248966386, 26.876628843123854 ], [ 86.136454674618903, 26.87690553166766 ], [ 86.13645762980525, 26.876906234940861 ], [ 86.136571808278802, 26.877124925928285 ], [ 86.136546091142463, 26.878376067848478 ], [ 86.136987808769675, 26.878463634355967 ], [ 86.136971453620617, 26.878040433858359 ], [ 86.137249621556293, 26.876273651483586 ], [ 86.137854926646753, 26.874113856298777 ], [ 86.138820136746858, 26.87297559512416 ], [ 86.13959060042373, 26.872204454254643 ], [ 86.139966853387818, 26.871854212506548 ], [ 86.140539414905163, 26.871460191551705 ], [ 86.141161032876255, 26.870511619888362 ], [ 86.141471827472628, 26.869665207201876 ], [ 86.141635389754697, 26.868760424637912 ], [ 86.141553571741269, 26.867811868263118 ], [ 86.141259095421617, 26.866702791127921 ], [ 86.140817407472184, 26.865666679037588 ] ] ] ] } },
{ "type": "Feature", "properties": { "OBJECTID": 2853, "Name": "Kamaladhar Khayarboni CF", "code": " ", "regime": "CF", "area_ha": 76.793808077600005 }, "geometry": { "type": "MultiPolygon", "coordinates": [ [ [ [ 86.139178585747231, 26.918765388941722 ], [ 86.137736719191139, 26.917280188345444 ], [ 86.135129802327128, 26.916135229887516 ], [ 86.135370319965091, 26.918587551652422 ], [ 86.135345355564937, 26.918569899674821 ], [ 86.135315269501177, 26.918585386074596 ], [ 86.135501809571565, 26.919995834664633 ], [ 86.136241592729903, 26.92172533546551 ], [ 86.136229028241473, 26.923375231495129 ], [ 86.137387148340508, 26.925107285483534 ], [ 86.13879629020937, 26.926840862031497 ], [ 86.141030751964422, 26.930079426154066 ], [ 86.142862310118289, 26.931290541756368 ], [ 86.147114039120083, 26.93334126933928 ], [ 86.149051573891143, 26.932807641458339 ], [ 86.144052902193948, 26.927566587819626 ], [ 86.141168857914863, 26.924596267566415 ], [ 86.140670958471162, 26.922352361085984 ], [ 86.139178585747231, 26.918765388941722 ] ] ] ] } }
]
}
