{
"type": "FeatureCollection",
"name": "physiography_subdivision",
"crs": { "type": "name", "properties": { "name": "urn:ogc:def:crs:OGC:1.3:CRS84" } },
"xy_coordinate_resolution": 1e-15,
"features": [
{ "type": "Feature", "properties": { "Physiography": "Terai or Madhesh", "subdivision": "Charnath", "Area_sqkm": 20.993 }, "geometry": { "type": "Polygon", "coordinates": [ [ [ 86.098187214041104, 26.884773261522639 ], [ 86.096839579218397, 26.88484963206156 ], [ 86.089954183239342, 26.884951471737679 ], [ 86.081168125916804, 26.885081421894768 ], [ 86.081030096143593, 26.885083455288793 ], [ 86.077495828871577, 26.885135485354624 ], [ 86.065212491184013, 26.884021759195832 ], [ 86.061021936767474, 26.883641802297234 ], [ 86.051166529120792, 26.883785265846143 ], [ 86.050628553852846, 26.883232405702131 ], [ 86.048398470983557, 26.883083190013338 ], [ 86.045758025634427, 26.883542551803544 ], [ 86.042653122869069, 26.88408271515101 ], [ 86.041282938147106, 26.884321050336609 ], [ 86.040842725874484, 26.884371360875946 ], [ 86.04013605444527, 26.884452123761776 ], [ 86.040020126702984, 26.884465372749389 ], [ 86.039464236702941, 26.884528898101621 ], [ 86.037640641083442, 26.884464431146796 ], [ 86.033074341349163, 26.88389471478672 ], [ 86.030328412222843, 26.883207905147572 ], [ 86.028798766599891, 26.882594366043236 ], [ 86.02666830115254, 26.882352584609976 ], [ 86.025960823920116, 26.882262787914669 ], [ 86.024740280271885, 26.882107870448749 ], [ 86.02149803392507, 26.881972729336155 ], [ 86.01996844585949, 26.881359090405738 ], [ 86.017730345428106, 26.880755556391534 ], [ 86.016489943587089, 26.87932064840453 ], [ 86.01535240126691, 26.877975046975848 ], [ 86.011747153164322, 26.874485663662142 ], [ 86.010598474391941, 26.872504655824343 ], [ 86.008540551918259, 26.870627354679982 ], [ 86.008432666919362, 26.870611342039126 ], [ 86.008392661847722, 26.870285458493072 ], [ 86.008403674191811, 26.869601895449478 ], [ 86.008814778622082, 26.868038853959945 ], [ 86.009522341291245, 26.866565937422649 ], [ 86.009753378381902, 26.866362272459753 ], [ 86.009974288073124, 26.866235161499901 ], [ 86.010495597783802, 26.866096684757736 ], [ 86.011079527217476, 26.865784910861862 ], [ 86.0114524153513, 26.865789728593768 ], [ 86.012387733441585, 26.865566139786779 ], [ 86.013209948597478, 26.865034888838693 ], [ 86.014077528855353, 26.864686685622928 ], [ 86.016234251256435, 26.864207578956041 ], [ 86.018876335191976, 26.864372609432166 ], [ 86.01944595082665, 26.864284064609706 ], [ 86.01983221565348, 26.864131023154357 ], [ 86.020050127864636, 26.863911421994032 ], [ 86.020771569055171, 26.865085202975365 ], [ 86.02085624584231, 26.865103827281928 ], [ 86.022172205224308, 26.864643641701832 ], [ 86.023332551055887, 26.864613228026656 ], [ 86.023545401815625, 26.864544799505779 ], [ 86.023917726067054, 26.864549618137005 ], [ 86.024824672869556, 26.864368650564131 ], [ 86.025760424438772, 26.864379602652889 ], [ 86.026612938155154, 26.864274877913488 ], [ 86.027756848658953, 26.864291833056257 ], [ 86.028785715465744, 26.864082245080056 ], [ 86.029147731551575, 26.864073501755513 ], [ 86.029147293575932, 26.864091501024973 ], [ 86.028480935689913, 26.864531511846792 ], [ 86.028340824857992, 26.864695181630623 ], [ 86.027739245995747, 26.866205035611586 ], [ 86.0275217348875, 26.86814173236678 ], [ 86.027646023737475, 26.868433645371908 ], [ 86.027977910337597, 26.868742749145269 ], [ 86.028665752412053, 26.868959616330415 ], [ 86.029523068571677, 26.869326535584833 ], [ 86.030250280788096, 26.869493969980567 ], [ 86.030206714353994, 26.869920118469054 ], [ 86.030383746441544, 26.870291400392432 ], [ 86.031006832874994, 26.871132773159957 ], [ 86.031531193126455, 26.871418381834133 ], [ 86.03171797669188, 26.871643051640547 ], [ 86.031757031167615, 26.87179222685927 ], [ 86.031719968716573, 26.872031142115247 ], [ 86.031413744610461, 26.872760132314909 ], [ 86.031409175094723, 26.873037608312245 ], [ 86.031553522688853, 26.87348538308396 ], [ 86.031012209093319, 26.873892275034109 ], [ 86.030883165464843, 26.873832778697931 ], [ 86.030825302319101, 26.873649605958235 ], [ 86.03071994264991, 26.873572173305945 ], [ 86.030474098025934, 26.873633663465455 ], [ 86.030195939434066, 26.874060432494332 ], [ 86.030056509397923, 26.874589695015061 ], [ 86.029772541108798, 26.874840480579735 ], [ 86.029330651578391, 26.875324803383478 ], [ 86.029302968281058, 26.875356238702011 ], [ 86.0293322730775, 26.87550078864632 ], [ 86.029569982326677, 26.875946941019606 ], [ 86.029674641414715, 26.876581696310893 ], [ 86.02986592344854, 26.876871798956813 ], [ 86.030080002698469, 26.877620109547479 ], [ 86.029830715424112, 26.878008758508599 ], [ 86.029311904063093, 26.878217293364742 ], [ 86.028882761691932, 26.878785171486243 ], [ 86.028620418786772, 26.878936840558026 ], [ 86.028849885640398, 26.879060270544016 ], [ 86.029046734551343, 26.879106708551376 ], [ 86.030618207296584, 26.879304780556481 ], [ 86.032600260160393, 26.879196511542034 ], [ 86.032981957270124, 26.879287134725246 ], [ 86.03332084518496, 26.879490247497074 ], [ 86.033861508562097, 26.880161821519891 ], [ 86.034598762741268, 26.88130416988065 ], [ 86.035222481406493, 26.881779886957929 ], [ 86.035570494862839, 26.881910880342389 ], [ 86.036910379225674, 26.881911029631794 ], [ 86.038185153609845, 26.881689573145593 ], [ 86.03921602233396, 26.881409990908139 ], [ 86.039821008772549, 26.881244889384618 ], [ 86.041793443259849, 26.880858897955306 ], [ 86.042604839428463, 26.880647803594741 ], [ 86.044562530235112, 26.880031519723218 ], [ 86.046866424138955, 26.879467234440824 ], [ 86.04738210671718, 26.879441370496068 ], [ 86.048948412788889, 26.878881073759658 ], [ 86.051098272372712, 26.877959131463115 ], [ 86.051855551121434, 26.877747601824922 ], [ 86.053238306733192, 26.877729813898895 ], [ 86.054649241175355, 26.87783851639233 ], [ 86.055330770824924, 26.878102568031977 ], [ 86.055484308712607, 26.878245744693288 ], [ 86.055537546583878, 26.878539406003597 ], [ 86.056117034207205, 26.878446237705361 ], [ 86.056538356869737, 26.878277572121476 ], [ 86.057637903230216, 26.878050299642666 ], [ 86.058474418695141, 26.878019753765386 ], [ 86.058633213189694, 26.877838023557331 ], [ 86.058681085634703, 26.877678165150712 ], [ 86.05895334549524, 26.875520675617736 ], [ 86.058984533496925, 26.875326818790825 ], [ 86.059005408836356, 26.875196079917885 ], [ 86.059050404312075, 26.875158022803532 ], [ 86.060130629382229, 26.872550087477066 ], [ 86.061032317779166, 26.872777208867774 ], [ 86.061672294603341, 26.872819840893897 ], [ 86.062161230090851, 26.872717046125103 ], [ 86.06255768347188, 26.872543694112039 ], [ 86.063234595041649, 26.872412779868966 ], [ 86.064738031375612, 26.871939848028944 ], [ 86.065294959207051, 26.871869113615844 ], [ 86.067262957280036, 26.871462497761286 ], [ 86.067999304031275, 26.871142352865093 ], [ 86.068080669470874, 26.871118105023356 ], [ 86.068325326074785, 26.871045240987485 ], [ 86.069485803209091, 26.870700917498311 ], [ 86.070195905597302, 26.870317463989352 ], [ 86.070457314094483, 26.870089052054425 ], [ 86.070532627016689, 26.869595409453098 ], [ 86.07069348638197, 26.869314438644039 ], [ 86.071576998340618, 26.86906978743616 ], [ 86.072277407707588, 26.869024679543656 ], [ 86.072734350289522, 26.868872014009924 ], [ 86.07430197478476, 26.867995556426706 ], [ 86.074948961017697, 26.867523736163434 ], [ 86.075655894153101, 26.866289609874684 ], [ 86.076213664660429, 26.864801814756675 ], [ 86.07619018305121, 26.864084130083995 ], [ 86.076394361533744, 26.863259645009236 ], [ 86.076437315521446, 26.862269359628499 ], [ 86.076562502805984, 26.861496243609054 ], [ 86.076925904765403, 26.860930050839386 ], [ 86.077972662022262, 26.859937283296972 ], [ 86.07848166164996, 26.859717249557036 ], [ 86.079025654361317, 26.85960127055273 ], [ 86.080010083279433, 26.859738462146709 ], [ 86.080680120340617, 26.859708976584159 ], [ 86.080877972008864, 26.859545556815135 ], [ 86.082054961813697, 26.858578414893998 ], [ 86.082910797669626, 26.858092099166242 ], [ 86.083930678331683, 26.857340622020786 ], [ 86.084398746573754, 26.857045780784347 ], [ 86.085210836128851, 26.856633643918713 ], [ 86.085563730270508, 26.856507286600731 ], [ 86.085893500737825, 26.856441736847785 ], [ 86.085971301217739, 26.856426488640807 ], [ 86.087201889526739, 26.85641407333577 ], [ 86.08756046835822, 26.85636452183428 ], [ 86.087797936585901, 26.856395336612422 ], [ 86.088600269267033, 26.856296733639169 ], [ 86.090864657229531, 26.856302272636924 ], [ 86.091831404343054, 26.856202486140205 ], [ 86.091997383616444, 26.856255421835272 ], [ 86.092644313191329, 26.855487876290283 ], [ 86.092918748540626, 26.853921459600485 ], [ 86.093233974080192, 26.853077354656477 ], [ 86.093595760835854, 26.852109447402199 ], [ 86.093668582603016, 26.851216404302477 ], [ 86.093567183600555, 26.850010823772323 ], [ 86.093448215210174, 26.849317383344044 ], [ 86.093002626719283, 26.847507163518287 ], [ 86.092769685738631, 26.846154094919882 ], [ 86.092723044481829, 26.844276511384635 ], [ 86.092877940363735, 26.842361875291033 ], [ 86.09368921782027, 26.841911303590734 ], [ 86.094382629469862, 26.841778078958782 ], [ 86.095705964289493, 26.841314956154008 ], [ 86.096355017191797, 26.840583534155428 ], [ 86.097183129280381, 26.839083807574013 ], [ 86.097932488494394, 26.838089033617564 ], [ 86.098102654167349, 26.838072101857449 ], [ 86.098176205294351, 26.838149283595612 ], [ 86.098304991713292, 26.838567498159989 ], [ 86.098650814392158, 26.838847228787586 ], [ 86.098841039708645, 26.838848481559751 ], [ 86.099086258396198, 26.838768806867961 ], [ 86.099404720638631, 26.83853839571367 ], [ 86.099652384615183, 26.838151872777985 ], [ 86.099762438807488, 26.837832214421496 ], [ 86.100376307068075, 26.837290086928704 ], [ 86.100520605198824, 26.837099169125111 ], [ 86.101615397680121, 26.837090313383783 ], [ 86.101868428881687, 26.836979140420056 ], [ 86.102349746111372, 26.836666302612116 ], [ 86.102502604102597, 26.836538627769926 ], [ 86.102859313218801, 26.836238538020609 ], [ 86.103949511003009, 26.834855555776699 ], [ 86.105316167637909, 26.833663811499207 ], [ 86.10620662964925, 26.832888709750478 ], [ 86.107149038088323, 26.831380673323451 ], [ 86.107555803232344, 26.831110205835444 ], [ 86.108518367543695, 26.830843246649181 ], [ 86.110008361533232, 26.830660850934009 ], [ 86.112744205528713, 26.829770915932386 ], [ 86.113986615582405, 26.829250734885761 ], [ 86.114425803513655, 26.829456535766724 ], [ 86.115097203065716, 26.829916568460078 ], [ 86.115094764072069, 26.829984250533755 ], [ 86.115373772534497, 26.830777932521755 ], [ 86.115348707198223, 26.831125215718941 ], [ 86.114832637007055, 26.831756085887605 ], [ 86.113982856366533, 26.832558561562848 ], [ 86.113671579802315, 26.832852217477182 ], [ 86.113297373244961, 26.833098063899854 ], [ 86.112728751374277, 26.833570573052953 ], [ 86.11266107019992, 26.833662689130449 ], [ 86.112525648495136, 26.83384910756638 ], [ 86.111815476858226, 26.834530596745878 ], [ 86.111101122419143, 26.835103719782921 ], [ 86.110392080345662, 26.835512170278776 ], [ 86.110141858663383, 26.835790391823991 ], [ 86.109800581218224, 26.836250844506253 ], [ 86.108301413123172, 26.838754967917282 ], [ 86.108250668205585, 26.838808838020327 ], [ 86.107009305875977, 26.840096137428304 ], [ 86.105688503580723, 26.841938011110756 ], [ 86.10447894889387, 26.843211999477091 ], [ 86.104420252065609, 26.843960744446065 ], [ 86.104478546891642, 26.844421391384458 ], [ 86.104676629688697, 26.845174013382064 ], [ 86.104701988207864, 26.845758587638159 ], [ 86.104497122634143, 26.846657563643873 ], [ 86.104730045628116, 26.848739444373791 ], [ 86.105025597338397, 26.850304934749602 ], [ 86.105556504740889, 26.851332725953 ], [ 86.10564967663646, 26.851513897674693 ], [ 86.105868328999463, 26.851783690662216 ], [ 86.106099725823753, 26.852277024792045 ], [ 86.107273415072996, 26.853608925767446 ], [ 86.108105285478075, 26.854552854980227 ], [ 86.109507321010881, 26.855850074940918 ], [ 86.1096547344344, 26.856067621123145 ], [ 86.110150457195175, 26.857162843486094 ], [ 86.110321929600332, 26.857436884927154 ], [ 86.110487777570995, 26.857701925834135 ], [ 86.110759787416669, 26.858427989601068 ], [ 86.110931570092021, 26.858695280641598 ], [ 86.111026846429013, 26.859826305488696 ], [ 86.111119329434814, 26.86005703680587 ], [ 86.11140991142571, 26.860298082583938 ], [ 86.111572761016987, 26.860391576441089 ], [ 86.112106809792976, 26.860699558745068 ], [ 86.112466195326988, 26.860866549769185 ], [ 86.112975313666823, 26.860987048825905 ], [ 86.113506738186345, 26.861234096758722 ], [ 86.113914676061825, 26.861586385648593 ], [ 86.114721251800518, 26.861882497643933 ], [ 86.11553261829107, 26.862970663832755 ], [ 86.115676401103485, 26.863445373655964 ], [ 86.11576569776912, 26.86373022509099 ], [ 86.11434316371782, 26.865325617421036 ], [ 86.114297980281322, 26.865392987425878 ], [ 86.113633297854449, 26.866381636018843 ], [ 86.113012037068927, 26.867765437555988 ], [ 86.112802902357032, 26.869467718422868 ], [ 86.113072827546659, 26.871269936874569 ], [ 86.113332904130289, 26.871912382370397 ], [ 86.113583092537226, 26.873220456392403 ], [ 86.113694429179759, 26.874403415076586 ], [ 86.113656111258535, 26.874822814063805 ], [ 86.113362765614454, 26.875263332109967 ], [ 86.113311958642782, 26.875326137995046 ], [ 86.113230030220166, 26.875424876767738 ], [ 86.112860619810704, 26.876410843546864 ], [ 86.112504529436194, 26.877022345659839 ], [ 86.111145603475848, 26.878983645493634 ], [ 86.110345192671332, 26.879781871815965 ], [ 86.109691896711524, 26.880145515696199 ], [ 86.109135091189501, 26.880277368843906 ], [ 86.106185285756851, 26.880746149358515 ], [ 86.105897009658179, 26.880836825602387 ], [ 86.101827227695878, 26.881221657790263 ], [ 86.09986997306612, 26.881854503795637 ], [ 86.099828728712282, 26.881867814837278 ], [ 86.09922798712995, 26.88221370946286 ], [ 86.098882712145439, 26.882601855696294 ], [ 86.098646735013403, 26.883006503808247 ], [ 86.098598614352227, 26.883125804952158 ], [ 86.098300824199839, 26.883870731349191 ], [ 86.098187214041104, 26.884773261522639 ] ] ] } },
{ "type": "Feature", "properties": { "Physiography": "Terai or Madhesh", "subdivision": "Dhanushadham", "Area_sqkm": 257.167 }, "geometry": { "type": "Polygon", "coordinates": [ [ [ 86.115097203065716, 26.829916568460078 ], [ 86.114425803513655, 26.829456535766724 ], [ 86.113986615582405, 26.829250734885761 ], [ 86.112744205528713, 26.829770915932386 ], [ 86.110008361533232, 26.830660850934009 ], [ 86.108518367543695, 26.830843246649181 ], [ 86.107555803232344, 26.831110205835444 ], [ 86.107149038088323, 26.831380673323451 ], [ 86.10620662964925, 26.832888709750478 ], [ 86.105316167637909, 26.833663811499207 ], [ 86.103949511003009, 26.834855555776699 ], [ 86.102859313218801, 26.836238538020609 ], [ 86.102502604102597, 26.836538627769926 ], [ 86.102349746111372, 26.836666302612116 ], [ 86.101868428881687, 26.836979140420056 ], [ 86.101615397680121, 26.837090313383783 ], [ 86.100520605198824, 26.837099169125111 ], [ 86.100376307068075, 26.837290086928704 ], [ 86.099762438807488, 26.837832214421496 ], [ 86.099652384615183, 26.838151872777985 ], [ 86.099404720638631, 26.83853839571367 ], [ 86.099086258396198, 26.838768806867961 ], [ 86.098841039708645, 26.838848481559751 ], [ 86.098650814392158, 26.838847228787586 ], [ 86.098304991713292, 26.838567498159989 ], [ 86.098176205294351, 26.838149283595612 ], [ 86.098102654167349, 26.838072101857449 ], [ 86.097932488494394, 26.838089033617564 ], [ 86.097183129280381, 26.839083807574013 ], [ 86.096355017191797, 26.840583534155428 ], [ 86.095705964289493, 26.841314956154008 ], [ 86.094382629469862, 26.841778078958782 ], [ 86.09368921782027, 26.841911303590734 ], [ 86.092877940363735, 26.842361875291033 ], [ 86.092723044481829, 26.844276511384635 ], [ 86.092769685738631, 26.846154094919882 ], [ 86.093002626719283, 26.847507163518287 ], [ 86.093448215210174, 26.849317383344044 ], [ 86.093567183600555, 26.850010823772323 ], [ 86.093668582603016, 26.851216404302477 ], [ 86.093595760835854, 26.852109447402199 ], [ 86.093233974080192, 26.853077354656477 ], [ 86.092918748540626, 26.853921459600485 ], [ 86.092644313191329, 26.855487876290283 ], [ 86.091997383616444, 26.856255421835272 ], [ 86.091831404343054, 26.856202486140205 ], [ 86.090864657229531, 26.856302272636924 ], [ 86.088600269267033, 26.856296733639169 ], [ 86.087797936585901, 26.856395336612422 ], [ 86.08756046835822, 26.85636452183428 ], [ 86.087201889526739, 26.85641407333577 ], [ 86.085971301217739, 26.856426488640807 ], [ 86.085893500737825, 26.856441736847785 ], [ 86.085563730270508, 26.856507286600731 ], [ 86.085210836128851, 26.856633643918713 ], [ 86.084398746573754, 26.857045780784347 ], [ 86.083930678331683, 26.857340622020786 ], [ 86.082910797669626, 26.858092099166242 ], [ 86.082054961813697, 26.858578414893998 ], [ 86.080877972008864, 26.859545556815135 ], [ 86.080680120340617, 26.859708976584159 ], [ 86.080010083279433, 26.859738462146709 ], [ 86.079025654361317, 26.85960127055273 ], [ 86.07848166164996, 26.859717249557036 ], [ 86.077972662022262, 26.859937283296972 ], [ 86.076925904765403, 26.860930050839386 ], [ 86.076562502805984, 26.861496243609054 ], [ 86.076437315521446, 26.862269359628499 ], [ 86.076394361533744, 26.863259645009236 ], [ 86.07619018305121, 26.864084130083995 ], [ 86.076213664660429, 26.864801814756675 ], [ 86.075655894153101, 26.866289609874684 ], [ 86.074948961017697, 26.867523736163434 ], [ 86.07430197478476, 26.867995556426706 ], [ 86.072734350289522, 26.868872014009924 ], [ 86.072277407707588, 26.869024679543656 ], [ 86.071576998340618, 26.86906978743616 ], [ 86.07069348638197, 26.869314438644039 ], [ 86.070532627016689, 26.869595409453098 ], [ 86.070457314094483, 26.870089052054425 ], [ 86.070195905597302, 26.870317463989352 ], [ 86.069485803209091, 26.870700917498311 ], [ 86.068325326074785, 26.871045240987485 ], [ 86.068080669470874, 26.871118105023356 ], [ 86.067999304031275, 26.871142352865093 ], [ 86.067262957280036, 26.871462497761286 ], [ 86.065294959207051, 26.871869113615844 ], [ 86.064738031375612, 26.871939848028944 ], [ 86.063234595041649, 26.872412779868966 ], [ 86.06255768347188, 26.872543694112039 ], [ 86.062161230090851, 26.872717046125103 ], [ 86.061672294603341, 26.872819840893897 ], [ 86.061032317779166, 26.872777208867774 ], [ 86.060130629382229, 26.872550087477066 ], [ 86.059050404312075, 26.875158022803532 ], [ 86.059005408836356, 26.875196079917885 ], [ 86.058984533496925, 26.875326818790825 ], [ 86.05895334549524, 26.875520675617736 ], [ 86.058681085634703, 26.877678165150712 ], [ 86.058633213189694, 26.877838023557331 ], [ 86.058474418695141, 26.878019753765386 ], [ 86.057637903230216, 26.878050299642666 ], [ 86.056538356869737, 26.878277572121476 ], [ 86.056117034207205, 26.878446237705361 ], [ 86.055537546583878, 26.878539406003597 ], [ 86.055484308712607, 26.878245744693288 ], [ 86.055330770824924, 26.878102568031977 ], [ 86.054649241175355, 26.87783851639233 ], [ 86.053238306733192, 26.877729813898895 ], [ 86.051855551121434, 26.877747601824922 ], [ 86.051098272372712, 26.877959131463115 ], [ 86.048948412788889, 26.878881073759658 ], [ 86.04738210671718, 26.879441370496068 ], [ 86.046866424138955, 26.879467234440824 ], [ 86.044562530235112, 26.880031519723218 ], [ 86.042604839428463, 26.880647803594741 ], [ 86.041793443259849, 26.880858897955306 ], [ 86.039821008772549, 26.881244889384618 ], [ 86.03921602233396, 26.881409990908139 ], [ 86.038185153609845, 26.881689573145593 ], [ 86.036910379225674, 26.881911029631794 ], [ 86.035570494862839, 26.881910880342389 ], [ 86.035222481406493, 26.881779886957929 ], [ 86.034598762741268, 26.88130416988065 ], [ 86.033861508562097, 26.880161821519891 ], [ 86.03332084518496, 26.879490247497074 ], [ 86.032981957270124, 26.879287134725246 ], [ 86.032600260160393, 26.879196511542034 ], [ 86.030618207296584, 26.879304780556481 ], [ 86.029046734551343, 26.879106708551376 ], [ 86.028849885640398, 26.879060270544016 ], [ 86.028620418786772, 26.878936840558026 ], [ 86.028882761691932, 26.878785171486243 ], [ 86.029311904063093, 26.878217293364742 ], [ 86.029830715424112, 26.878008758508599 ], [ 86.030080002698469, 26.877620109547479 ], [ 86.02986592344854, 26.876871798956813 ], [ 86.029674641414715, 26.876581696310893 ], [ 86.029569982326677, 26.875946941019606 ], [ 86.0293322730775, 26.87550078864632 ], [ 86.029302968281058, 26.875356238702011 ], [ 86.029330651578391, 26.875324803383478 ], [ 86.029772541108798, 26.874840480579735 ], [ 86.030056509397923, 26.874589695015061 ], [ 86.030195939434066, 26.874060432494332 ], [ 86.030474098025934, 26.873633663465455 ], [ 86.03071994264991, 26.873572173305945 ], [ 86.030825302319101, 26.873649605958235 ], [ 86.030883165464843, 26.873832778697931 ], [ 86.031012209093319, 26.873892275034109 ], [ 86.031553522688853, 26.87348538308396 ], [ 86.031409175094723, 26.873037608312245 ], [ 86.031413744610461, 26.872760132314909 ], [ 86.031719968716573, 26.872031142115247 ], [ 86.031757031167615, 26.87179222685927 ], [ 86.03171797669188, 26.871643051640547 ], [ 86.031531193126455, 26.871418381834133 ], [ 86.031006832874994, 26.871132773159957 ], [ 86.030383746441544, 26.870291400392432 ], [ 86.030206714353994, 26.869920118469054 ], [ 86.030250280788096, 26.869493969980567 ], [ 86.029523068571677, 26.869326535584833 ], [ 86.028665752412053, 26.868959616330415 ], [ 86.027977910337597, 26.868742749145269 ], [ 86.027646023737475, 26.868433645371908 ], [ 86.0275217348875, 26.86814173236678 ], [ 86.027739245995747, 26.866205035611586 ], [ 86.028340824857992, 26.864695181630623 ], [ 86.028480935689913, 26.864531511846792 ], [ 86.029147293575932, 26.864091501024973 ], [ 86.029147731551575, 26.864073501755513 ], [ 86.028785715465744, 26.864082245080056 ], [ 86.027756848658953, 26.864291833056257 ], [ 86.026612938155154, 26.864274877913488 ], [ 86.025760424438772, 26.864379602652889 ], [ 86.024824672869556, 26.864368650564131 ], [ 86.023917726067054, 26.864549618137005 ], [ 86.023545401815625, 26.864544799505779 ], [ 86.023332551055887, 26.864613228026656 ], [ 86.022172205224308, 26.864643641701832 ], [ 86.02085624584231, 26.865103827281928 ], [ 86.020771569055171, 26.865085202975365 ], [ 86.020050127864636, 26.863911421994032 ], [ 86.01983221565348, 26.864131023154357 ], [ 86.01944595082665, 26.864284064609706 ], [ 86.018876335191976, 26.864372609432166 ], [ 86.016234251256435, 26.864207578956041 ], [ 86.014077528855353, 26.864686685622928 ], [ 86.013209948597478, 26.865034888838693 ], [ 86.012387733441585, 26.865566139786779 ], [ 86.0114524153513, 26.865789728593768 ], [ 86.011079527217476, 26.865784910861862 ], [ 86.010495597783802, 26.866096684757736 ], [ 86.009974288073124, 26.866235161499901 ], [ 86.009753378381902, 26.866362272459753 ], [ 86.009522341291245, 26.866565937422649 ], [ 86.008814778622082, 26.868038853959945 ], [ 86.008403674191811, 26.869601895449478 ], [ 86.008392661847722, 26.870285458493072 ], [ 86.008432666919362, 26.870611342039126 ], [ 86.007424036924931, 26.870461642508701 ], [ 86.005804678244715, 26.870484641175608 ], [ 86.004714102740252, 26.870862649217543 ], [ 86.004715761112038, 26.870841782871423 ], [ 86.004726388541201, 26.870708731810907 ], [ 86.004768651840436, 26.869867432788794 ], [ 86.005161253374183, 26.868455441629294 ], [ 86.005510249802569, 26.866555806425765 ], [ 86.00578260229446, 26.865907932550272 ], [ 86.0058906716568, 26.864911398597314 ], [ 86.005756945196481, 26.864560739300543 ], [ 86.005720702038673, 26.864465685998312 ], [ 86.00552544584815, 26.86313086578491 ], [ 86.005594210719892, 26.86199190611444 ], [ 86.00526696558228, 26.86093587042933 ], [ 86.005280105750444, 26.860116945936284 ], [ 86.005202941099697, 26.859484626041308 ], [ 86.005311079710737, 26.858196992980425 ], [ 86.005264286466456, 26.857643855841559 ], [ 86.005079753034522, 26.857356002429867 ], [ 86.004798798413447, 26.857042651102233 ], [ 86.004735621103464, 26.856972280919365 ], [ 86.004590645774215, 26.856686929454668 ], [ 86.004244142299569, 26.856036919661051 ], [ 86.003845663618449, 26.854646476542769 ], [ 86.003921105145423, 26.854001722456701 ], [ 86.004452872311163, 26.852775780106811 ], [ 86.004462497882344, 26.852753344423036 ], [ 86.004480255230987, 26.852304384329159 ], [ 86.004367156793307, 26.851753057549502 ], [ 86.004412848353468, 26.851272726889135 ], [ 86.00449909178036, 26.85104999964409 ], [ 86.004961734340782, 26.850274826847965 ], [ 86.00499592252055, 26.85000653844611 ], [ 86.004937624996501, 26.849658694963864 ], [ 86.004766529412336, 26.849339345078874 ], [ 86.004258359869823, 26.848805508545695 ], [ 86.003772616118454, 26.848547148790601 ], [ 86.00309070964795, 26.848431774138646 ], [ 86.002721882006881, 26.848467512770128 ], [ 86.002154011080108, 26.848935085479241 ], [ 86.001734811744996, 26.849117125058171 ], [ 86.001433977347176, 26.849112744402532 ], [ 86.000835624395791, 26.848826510691254 ], [ 86.000326945830295, 26.848669453709817 ], [ 86.000018804344165, 26.848419095328779 ], [ 85.999337990564413, 26.846859661967017 ], [ 85.999399615624043, 26.846460823552377 ], [ 85.999888579890239, 26.845137452759332 ], [ 85.999859746344782, 26.84337510987524 ], [ 85.99983843932506, 26.843257619989913 ], [ 85.999784764377466, 26.842961644693389 ], [ 85.999766145466879, 26.842857717663207 ], [ 86.000006063480271, 26.842252462323813 ], [ 86.00007957503658, 26.841183497813915 ], [ 85.99999816283156, 26.840607549968979 ], [ 85.999613668793245, 26.839781242843628 ], [ 85.999079692863347, 26.839118667556193 ], [ 85.998499403034145, 26.838606765777854 ], [ 85.997555927085671, 26.837492287775945 ], [ 85.997343648302319, 26.837283239400108 ], [ 85.997113057281297, 26.837051445070244 ], [ 85.996926340266498, 26.836763591658496 ], [ 85.996762620119966, 26.836358501074301 ], [ 85.996490724489661, 26.836067771592639 ], [ 85.996136093734208, 26.835604995930794 ], [ 85.99546206902636, 26.835137649853834 ], [ 85.994979329050352, 26.834689745578032 ], [ 85.99477624415789, 26.834115107163313 ], [ 85.994779371141988, 26.833943683322218 ], [ 85.99485636851665, 26.833662210684793 ], [ 85.994893803291973, 26.833524847318074 ], [ 85.994938737612983, 26.833410108495229 ], [ 85.995112843267862, 26.833239878070287 ], [ 85.995566289239434, 26.832979096408849 ], [ 85.995826507018478, 26.832773369273241 ], [ 85.996019421343419, 26.83271831564673 ], [ 85.996338628234298, 26.83274313096814 ], [ 85.996723766195714, 26.832671394697059 ], [ 85.996895557864377, 26.832580092516707 ], [ 85.997070165347623, 26.832353429786338 ], [ 85.997184034514532, 26.831952655105681 ], [ 85.997219544715165, 26.831208285396372 ], [ 85.99728754065643, 26.830980869923451 ], [ 85.997507356757524, 26.829472946812473 ], [ 85.997409879750364, 26.829011986905869 ], [ 85.99746332266983, 26.828439225401098 ], [ 85.997427083109358, 26.828096005394627 ], [ 85.997440346486314, 26.827407943882633 ], [ 85.997370436762424, 26.82660195271103 ], [ 85.997233592311318, 26.825969194840411 ], [ 85.99715260818931, 26.825738463523237 ], [ 85.996987948238768, 26.825448487683445 ], [ 85.996747999648107, 26.824641305793705 ], [ 85.996563531867537, 26.824276710418133 ], [ 85.996334505687514, 26.824004294073518 ], [ 85.995999805071506, 26.823710876482721 ], [ 85.995391208706508, 26.823280092827133 ], [ 85.994884529360377, 26.823062165327315 ], [ 85.994714488694854, 26.823058725374949 ], [ 85.99450264339049, 26.823016600573169 ], [ 85.993925466156043, 26.823161389740278 ], [ 85.993668248555025, 26.823270063455027 ], [ 85.993538387431954, 26.823384300449504 ], [ 85.99311382087194, 26.823338297719772 ], [ 85.992688064493109, 26.823348914356927 ], [ 85.992559767311775, 26.823386346434233 ], [ 85.992473966357181, 26.823421841346203 ], [ 85.992212743122764, 26.82374262207145 ], [ 85.992061949102947, 26.823836296694708 ], [ 85.991636505692327, 26.823849100512064 ], [ 85.991122632573934, 26.824012390777 ], [ 85.990826111381693, 26.823949328581705 ], [ 85.990636512001686, 26.823850958535957 ], [ 85.990427794580739, 26.823637411691777 ], [ 85.990304692851623, 26.823406367406392 ], [ 85.9903303184729, 26.823176389731088 ], [ 85.99027614709297, 26.822659309587891 ], [ 85.990197790824766, 26.822313527379094 ], [ 85.990205424371254, 26.821911937901859 ], [ 85.990126754235462, 26.82156621774709 ], [ 85.990044956216195, 26.821394107714184 ], [ 85.989991913500376, 26.820818408085415 ], [ 85.989848124392608, 26.820548866911395 ], [ 85.98985200321988, 26.820357073156572 ], [ 85.98944514184717, 26.819374966318662 ], [ 85.989086404732916, 26.818106574507453 ], [ 85.988799517205848, 26.817529184130876 ], [ 85.988738028844978, 26.81741363051151 ], [ 85.988634858154626, 26.817239143539041 ], [ 85.988467945372577, 26.817064218590872 ], [ 85.988387336272808, 26.816833489971771 ], [ 85.988222677221643, 26.816543450279198 ], [ 85.988059143237194, 26.816197165342714 ], [ 85.987857432526994, 26.815620339747852 ], [ 85.987445190439246, 26.814924706743398 ], [ 85.98738445212291, 26.814752783772008 ], [ 85.987283659271498, 26.814463246807122 ], [ 85.987057510060765, 26.814057716448588 ], [ 85.986912595886281, 26.813844607580052 ], [ 85.986549165148176, 26.812826630807933 ], [ 85.986384568151038, 26.812536654968085 ], [ 85.986285654008213, 26.812132062614864 ], [ 85.986250854281366, 26.811730224921519 ], [ 85.985910110141276, 26.810635691448397 ], [ 85.985873935332847, 26.810290223107074 ], [ 85.985650038054303, 26.809769703910945 ], [ 85.985429269558551, 26.809077637664927 ], [ 85.985305916015932, 26.808846593379542 ], [ 85.985164881568039, 26.808443939090978 ], [ 85.985146636780371, 26.808270078954251 ], [ 85.984926994250714, 26.807521642456834 ], [ 85.984851765865926, 26.807004437306205 ], [ 85.984885025033691, 26.806372871053043 ], [ 85.984932650161852, 26.806106958691487 ], [ 85.985050647271578, 26.805496390087171 ], [ 85.985095268624377, 26.805381587411659 ], [ 85.985100710494009, 26.805095177430871 ], [ 85.98504391305903, 26.804731395952558 ], [ 85.98483694843992, 26.804441105345859 ], [ 85.984499433807969, 26.804283053701113 ], [ 85.984329582002601, 26.804261488572592 ], [ 85.983561430306565, 26.804400400592385 ], [ 85.983220975751976, 26.804413767392759 ], [ 85.982367147209402, 26.804572301979817 ], [ 85.982110367583971, 26.804642665867334 ], [ 85.98150975280771, 26.804920319033499 ], [ 85.981338775036249, 26.804955250063074 ], [ 85.981126491756243, 26.804933435819009 ], [ 85.98085434431249, 26.804717137912291 ], [ 85.980709618098729, 26.804485906565446 ], [ 85.980590831373831, 26.804024757798686 ], [ 85.980366998847387, 26.803504238602557 ], [ 85.980287200047485, 26.803217075879274 ], [ 85.980251337307948, 26.802871606638632 ], [ 85.980320523067974, 26.80258557078082 ], [ 85.980538687092633, 26.802302849867885 ], [ 85.980956648044867, 26.801565735085489 ], [ 85.981067451382387, 26.801336382447232 ], [ 85.981309616831254, 26.800900426722194 ], [ 85.98137679887526, 26.800731693688249 ], [ 85.981379113760852, 26.800616640997873 ], [ 85.981215329761596, 26.800267982719106 ], [ 85.981007049416917, 26.800036311597978 ], [ 85.980885259816034, 26.799746648726398 ], [ 85.980767286089019, 26.799229068553529 ], [ 85.980736803165087, 26.798597124580112 ], [ 85.980601211486203, 26.797905685169837 ], [ 85.980605465335714, 26.797677830821954 ], [ 85.980493247345976, 26.796871525782819 ], [ 85.98037102066877, 26.796584050091326 ], [ 85.980155695841347, 26.795605509112534 ], [ 85.979992912800753, 26.795218541905911 ], [ 85.979995163833621, 26.795105738449706 ], [ 85.97992343835449, 26.794414674961047 ], [ 85.979761907186742, 26.793953274380783 ], [ 85.979377730613294, 26.792914862942894 ], [ 85.979152457353848, 26.792452964131655 ], [ 85.979029859251739, 26.791998563966786 ], [ 85.978934315812523, 26.791645843396566 ], [ 85.978897640075104, 26.791358993641552 ], [ 85.978794657345588, 26.791202631845294 ], [ 85.978436707148489, 26.791026327318889 ], [ 85.978122879173895, 26.790771346361396 ], [ 85.977766245601742, 26.790516050636995 ], [ 85.97741204922454, 26.790166076632659 ], [ 85.977226393423848, 26.789878097314158 ], [ 85.977044490543676, 26.789416511471131 ], [ 85.976837460273202, 26.789126222663072 ], [ 85.97667142434176, 26.788930987157244 ], [ 85.976400466716768, 26.788658257844418 ], [ 85.976214621156601, 26.788388402802866 ], [ 85.975882173372099, 26.788000182824021 ], [ 85.975526538060592, 26.787708764452532 ], [ 85.974935998522483, 26.787467589170376 ], [ 85.974489306548833, 26.787480143872187 ], [ 85.974339887610597, 26.78749713768633 ], [ 85.974061610306705, 26.787587625969422 ], [ 85.973802391687627, 26.787793290151626 ], [ 85.973432681799977, 26.788187748810003 ], [ 85.973058905124219, 26.788794249726891 ], [ 85.972798747600564, 26.789038286689731 ], [ 85.972583086422219, 26.789185643455198 ], [ 85.97221894341169, 26.789313876783808 ], [ 85.97204715174297, 26.789407427299011 ], [ 85.971526710788851, 26.789895498526562 ], [ 85.971111754511298, 26.790422756431951 ], [ 85.970673110677126, 26.791085188725333 ], [ 85.970522878741008, 26.791158555488835 ], [ 85.9702665361919, 26.791210797797476 ], [ 85.969189875182167, 26.790830687112759 ], [ 85.968831926783764, 26.790652073096851 ], [ 85.967904556107499, 26.790234717396345 ], [ 85.967480052500832, 26.790188715565932 ], [ 85.96733307435494, 26.790110907891403 ], [ 85.966069129750053, 26.789515064081684 ], [ 85.965320183330277, 26.788699562453644 ], [ 85.965151894567327, 26.788601317415271 ], [ 85.965025975224933, 26.788523697701521 ], [ 85.964813066008503, 26.788537943151141 ], [ 85.964642588266713, 26.7885547508032 ], [ 85.964473299444364, 26.788512877814924 ], [ 85.964219772709839, 26.788432068163672 ], [ 85.963715095281032, 26.788155334116766 ], [ 85.962871714300832, 26.787797163582923 ], [ 85.962702362525135, 26.787757601882845 ], [ 85.962278419203528, 26.787691287696077 ], [ 85.96202445539268, 26.787630789501918 ], [ 85.96168281101933, 26.787700464499608 ], [ 85.961172504659373, 26.787692206815393 ], [ 85.960916724193964, 26.787726448955141 ], [ 85.96031767515808, 26.787907045103111 ], [ 85.960321627730764, 26.787706351539612 ], [ 85.960325206180528, 26.787525808452358 ], [ 85.960225757833371, 26.787137703588257 ], [ 85.960128287121563, 26.786757210686631 ], [ 85.959841400493815, 26.786236126708729 ], [ 85.959603330611685, 26.785390522575028 ], [ 85.959090426075988, 26.784466180855532 ], [ 85.958908601437884, 26.784004553643115 ], [ 85.958472314757955, 26.782467039747473 ], [ 85.958418717153052, 26.782383706565213 ], [ 85.958348432406922, 26.782274333168687 ], [ 85.958255304578699, 26.78208330834434 ], [ 85.958225903553512, 26.782022983721617 ], [ 85.957859015775796, 26.781253169157083 ], [ 85.957821215870922, 26.781022687854772 ], [ 85.957562145641987, 26.7801770072777 ], [ 85.957562120460636, 26.780176938928321 ], [ 85.957319499049447, 26.779561432980699 ], [ 85.95725738655085, 26.779484253041232 ], [ 85.957220517456619, 26.779389209631688 ], [ 85.95711584937527, 26.779117658446353 ], [ 85.956955078144688, 26.778656204805372 ], [ 85.956879463046278, 26.778197616442355 ], [ 85.956717377888822, 26.777812852603859 ], [ 85.956646379071572, 26.777536168020333 ], [ 85.956579327430916, 26.77727482157718 ], [ 85.956476096485233, 26.777120640665771 ], [ 85.956691077767061, 26.777009402949943 ], [ 85.956862054639203, 26.776974534873773 ], [ 85.957457100739703, 26.776983481447814 ], [ 85.957884296052839, 26.776896371962323 ], [ 85.958141889575472, 26.776767388589178 ], [ 85.958483845118394, 26.776695462558621 ], [ 85.958655450624917, 26.776622222601191 ], [ 85.95899652931729, 26.776570608027669 ], [ 85.959168135723132, 26.776497368070181 ], [ 85.959363425189053, 26.776309261584515 ], [ 85.959472413670653, 26.776176964165813 ], [ 85.959539157739016, 26.776026291556093 ], [ 85.959525667729906, 26.775642575441623 ], [ 85.959365199574904, 26.775181114605971 ], [ 85.959266595702331, 26.774796833709843 ], [ 85.959250164871207, 26.774568792300499 ], [ 85.959091009743759, 26.774030650655732 ], [ 85.958661709089824, 26.773181345762907 ], [ 85.958495860219841, 26.772968048933535 ], [ 85.958286892784031, 26.772792748963127 ], [ 85.957957821998491, 26.772253353646875 ], [ 85.957920082349005, 26.772022937096608 ], [ 85.958073566276653, 26.771796084606763 ], [ 85.958289166300233, 26.771646600916483 ], [ 85.958444527137829, 26.771325071046022 ], [ 85.95853658565801, 26.770982789944185 ], [ 85.958585272000221, 26.770676256467198 ], [ 85.958591466612404, 26.770371720410878 ], [ 85.958535606283363, 26.769987754281601 ], [ 85.958523743169337, 26.769529608390883 ], [ 85.9587275412336, 26.768921915856481 ], [ 85.958715428104767, 26.768461520731591 ], [ 85.958767368237204, 26.768003875769864 ], [ 85.958711447652774, 26.767622157975438 ], [ 85.958591783177951, 26.76723769091717 ], [ 85.958064192518975, 26.766004105128104 ], [ 85.957852118783762, 26.764930760861944 ], [ 85.957838690828737, 26.764549357834369 ], [ 85.957638479308173, 26.763934159458927 ], [ 85.957643421148191, 26.763704055876872 ], [ 85.957645736033726, 26.763589002287176 ], [ 85.957865465798818, 26.763229601464502 ], [ 85.958446770076705, 26.762877330561253 ], [ 85.959138252654952, 26.762334141854467 ], [ 85.960148568001216, 26.761797770098894 ], [ 85.960385727757398, 26.761630288937795 ], [ 85.960580956068554, 26.761442183351448 ], [ 85.960731187105353, 26.761368880440614 ], [ 85.961463725177339, 26.760902622557751 ], [ 85.961939233609144, 26.760508978695952 ], [ 85.962196576217593, 26.760400305880523 ], [ 85.962881115038499, 26.760202335500196 ], [ 85.964418481443374, 26.759884078305959 ], [ 85.964933230512997, 26.759662231508798 ], [ 85.965361301777364, 26.759536751041367 ], [ 85.965615265588212, 26.759599498469754 ], [ 85.965865227362997, 26.759851793116809 ], [ 85.966010704520613, 26.760026592158169 ], [ 85.966486253422374, 26.760664043652639 ], [ 85.967028981670239, 26.761171195149132 ], [ 85.967111030603633, 26.761304933300778 ], [ 85.967568147656323, 26.761829456331668 ], [ 85.967797299743097, 26.762063565547066 ], [ 85.967985145421949, 26.762238614603291 ], [ 85.968257230811673, 26.762452787383893 ], [ 85.968803400810486, 26.762786142596383 ], [ 85.968926504338299, 26.762999124658847 ], [ 85.969288393618001, 26.763006255477649 ], [ 85.970163843047885, 26.762888531765498 ], [ 85.970271017572884, 26.762850912626789 ], [ 85.970552046838691, 26.762665683110356 ], [ 85.970682844168323, 26.762515511429626 ], [ 85.97084070785229, 26.762117236897325 ], [ 85.970822087143063, 26.761983998775349 ], [ 85.970637806423952, 26.761655463093462 ], [ 85.970334924242707, 26.76088615215599 ], [ 85.970242263168814, 26.760253708152902 ], [ 85.970250896774644, 26.759854368809215 ], [ 85.97034188958412, 26.759588768516494 ], [ 85.97043081842213, 26.759417972410517 ], [ 85.970691101852594, 26.759194246904769 ], [ 85.970820086125002, 26.759138754403295 ], [ 85.970905200887842, 26.75913932008433 ], [ 85.971158039631916, 26.759258500717465 ], [ 85.971345196420941, 26.759471984608297 ], [ 85.971613027061835, 26.759877827035723 ], [ 85.971735505552545, 26.76012911892542 ], [ 85.971901043253013, 26.760342416654112 ], [ 85.972047832538806, 26.760440533987037 ], [ 85.972365664348104, 26.760521782513251 ], [ 85.972491583690442, 26.760599403126321 ], [ 85.972681744254885, 26.760661712579065 ], [ 85.972979830288182, 26.760666154389412 ], [ 85.973173117836666, 26.760593102392761 ], [ 85.973303227175904, 26.760481239639887 ], [ 85.973416720421199, 26.760159395002518 ], [ 85.973720872461911, 26.759877301824702 ], [ 85.974021273380799, 26.759768879024136 ], [ 85.974299802498194, 26.759678391640364 ], [ 85.974897223739617, 26.75963084385495 ], [ 85.975304734431518, 26.759484864869023 ], [ 85.975477088183879, 26.759393499735324 ], [ 85.975629759113644, 26.75922545469183 ], [ 85.975653384616294, 26.75911058996229 ], [ 85.975552089037194, 26.758879671583657 ], [ 85.975302066107702, 26.758627440789326 ], [ 85.975219705105417, 26.758491451604812 ], [ 85.975223957156288, 26.758299719004697 ], [ 85.975332695623024, 26.758187668291043 ], [ 85.975843502012651, 26.758198114054721 ], [ 85.975993421879878, 26.758160869938251 ], [ 85.976207957092129, 26.758090193082523 ], [ 85.97663896827919, 26.757849596971369 ], [ 85.976937929364396, 26.757797605576968 ], [ 85.977636082302524, 26.758001223774443 ], [ 85.978012838471614, 26.758313077711023 ], [ 85.978403669216846, 26.757957116840657 ], [ 85.978860431032672, 26.757506852712595 ], [ 85.979080095146344, 26.757185822871804 ], [ 85.979394696548127, 26.756427708641866 ], [ 85.979602622555205, 26.755668780514668 ], [ 85.979652309856078, 26.755344311620888 ], [ 85.979724558747535, 26.754963409522361 ], [ 85.980010529853303, 26.754530015999705 ], [ 85.980357552243674, 26.75423017356718 ], [ 85.980680763868577, 26.754063256288475 ], [ 85.980832245878901, 26.753951518543033 ], [ 85.980898238104089, 26.753839155760488 ], [ 85.980879994215798, 26.753703667504965 ], [ 85.980655721015694, 26.753241767794407 ], [ 85.980535119434876, 26.752915982275738 ], [ 85.980456511353168, 26.752608571048825 ], [ 85.980443582528437, 26.752227105067846 ], [ 85.980695755765396, 26.751391872053148 ], [ 85.98100685156345, 26.75078486930795 ], [ 85.981252389514623, 26.750445967003714 ], [ 85.983012965207536, 26.750584921292216 ], [ 85.982699137232942, 26.750336688936613 ], [ 85.981707474072607, 26.749548929961975 ], [ 85.981318965407581, 26.749467117553365 ], [ 85.981063248794896, 26.749467551032353 ], [ 85.980963511761502, 26.749482611278495 ], [ 85.980785608219378, 26.748930782670527 ], [ 85.980508158302712, 26.748337644956678 ], [ 85.980444111336794, 26.748010047280104 ], [ 85.980571730420309, 26.747512280333297 ], [ 85.980656475556827, 26.747205998669813 ], [ 85.980848147002291, 26.746747105432576 ], [ 85.980954331360635, 26.746210842496453 ], [ 85.980932775225426, 26.746057293816762 ], [ 85.981017833330213, 26.745751010354581 ], [ 85.981188313770019, 26.745616837824628 ], [ 85.981379851214683, 26.745559596118653 ], [ 85.982062007699994, 26.745790086414274 ], [ 85.982403024338282, 26.74580834199395 ], [ 85.982658741850287, 26.745733476940075 ], [ 85.982829095484021, 26.745655736715548 ], [ 85.982914149092096, 26.745559311029808 ], [ 85.983020643720693, 26.745138161938712 ], [ 85.983233309217667, 26.744850816650683 ], [ 85.983275621080907, 26.744544284073015 ], [ 85.983382048259443, 26.744411984855674 ], [ 85.983488598646716, 26.744372052630013 ], [ 85.98361645605371, 26.744372990635327 ], [ 85.983872421781882, 26.744410929936976 ], [ 85.984127948635148, 26.744507551677543 ], [ 85.984554204144331, 26.744508308916693 ], [ 85.984724618033397, 26.744527622113083 ], [ 85.984895156030575, 26.744603243506845 ], [ 85.98515087264326, 26.744602872981261 ], [ 85.985491955832231, 26.744508262151328 ], [ 85.985662247411881, 26.744392150944918 ], [ 85.985981773566323, 26.744105618654771 ], [ 85.986237057599396, 26.743798337831265 ], [ 85.985981286127355, 26.743491924864998 ], [ 85.985618599138434, 26.742803353430702 ], [ 85.985362085715849, 26.742113349357396 ], [ 85.985233925233331, 26.741654388670156 ], [ 85.985233743567846, 26.741424223034016 ], [ 85.985255053285584, 26.741365727656557 ], [ 85.985340480117259, 26.74132798261104 ], [ 85.985574636098079, 26.741309362801132 ], [ 85.986341844392825, 26.741481798392897 ], [ 85.986512259181268, 26.741462740607403 ], [ 85.986576376295204, 26.741424806701787 ], [ 85.986618875219904, 26.741233325915118 ], [ 85.986597134721251, 26.740926290609764 ], [ 85.986468791673872, 26.740237224541772 ], [ 85.986362064117827, 26.739834885020116 ], [ 85.986212351097379, 26.738971834707286 ], [ 85.985999204456789, 26.738455814878819 ], [ 85.985807368433257, 26.73784299074498 ], [ 85.985615777028499, 26.737383592981416 ], [ 85.985509238332554, 26.736999250031204 ], [ 85.985445890149151, 26.736136825654796 ], [ 85.985489022204945, 26.735525694966782 ], [ 85.985574264673176, 26.735372898130265 ], [ 85.985681126229963, 26.735256285095488 ], [ 85.985915971100553, 26.735237727339666 ], [ 85.986257304304388, 26.735143117409109 ], [ 85.986364167659929, 26.73502875450788 ], [ 85.986406978653463, 26.73483733487592 ], [ 85.986193892268261, 26.734319065813281 ], [ 85.985959492567986, 26.733974405073866 ], [ 85.985682166759375, 26.733437697866748 ], [ 85.985597057392567, 26.733188906125406 ], [ 85.986045121749783, 26.733284592558675 ], [ 85.986898697579534, 26.733229799739036 ], [ 85.987325518769751, 26.73309519462947 ], [ 85.987666785422903, 26.733077327562057 ], [ 85.988179032545474, 26.732943347489595 ], [ 85.988691151063335, 26.733001101815944 ], [ 85.989032356561722, 26.733001296072075 ], [ 85.989203208426432, 26.732961863876085 ], [ 85.989395312451506, 26.732866250288851 ], [ 85.989587164663078, 26.732696143971964 ], [ 85.989993053855812, 26.73244629911062 ], [ 85.990697215243983, 26.732236954853875 ], [ 85.990867942101318, 26.732217897068381 ], [ 85.991059919320264, 26.732140282750606 ], [ 85.991572173637508, 26.731719704736577 ], [ 85.991977685110044, 26.731510480091288 ], [ 85.992169850289827, 26.731453175431966 ], [ 85.992703089665213, 26.731529178143262 ], [ 85.992958990641398, 26.731643859408734 ], [ 85.993172334236135, 26.731816848090887 ], [ 85.993534715451517, 26.732218755032932 ], [ 85.993769367864616, 26.73235355979466 ], [ 85.994281360475725, 26.732508366642492 ], [ 85.994708051262535, 26.732565557086446 ], [ 85.99530534479851, 26.732718678582557 ], [ 85.996244218855225, 26.732833746561596 ], [ 85.996670976192718, 26.73270126657809 ], [ 85.996990994282839, 26.732816385819206 ], [ 85.9971404078251, 26.733045305877795 ], [ 85.997558037822444, 26.733131741762122 ], [ 85.997788128813795, 26.733291356449286 ], [ 85.998384861165448, 26.733338426688363 ], [ 85.998641325124652, 26.733389862294473 ], [ 85.99883311258418, 26.733406990109359 ], [ 85.998958847563074, 26.73332668678313 ], [ 85.999123269190079, 26.733057088951057 ], [ 85.999269752702332, 26.73293853965032 ], [ 85.999501035311198, 26.732818241145083 ], [ 86.00000816072702, 26.732657201913014 ], [ 86.00060214651279, 26.732589157407745 ], [ 86.000771000057455, 26.73252710336584 ], [ 86.001790179239038, 26.732432815396805 ], [ 86.00289234985604, 26.732260038957463 ], [ 86.003742612539554, 26.732225430788787 ], [ 86.004336097396333, 26.732137074826426 ], [ 86.00461168749041, 26.732093895105947 ], [ 86.005374777735085, 26.731966106947652 ], [ 86.006648111386255, 26.731828328987945 ], [ 86.007071245307372, 26.731723033171534 ], [ 86.007749844027614, 26.731635239292871 ], [ 86.008259402141732, 26.731586940563602 ], [ 86.008599671433501, 26.731580259411771 ], [ 86.008938876813204, 26.731537518566256 ], [ 86.00953323672195, 26.731467223927439 ], [ 86.009787017068618, 26.731405795821956 ], [ 86.010211836341512, 26.731379430948152 ], [ 86.012078469586697, 26.731135234803219 ], [ 86.01258859068389, 26.731125245001806 ], [ 86.013016968621173, 26.731252302900941 ], [ 86.013103704883065, 26.731327360412308 ], [ 86.013239054641133, 26.731687080498546 ], [ 86.01343883178339, 26.732085610441686 ], [ 86.013591621425235, 26.732255910115384 ], [ 86.013797703797707, 26.732940976845327 ], [ 86.013975422077067, 26.733282948576232 ], [ 86.014172702668304, 26.733566364674289 ], [ 86.01424037754731, 26.733736038411564 ], [ 86.014698680821482, 26.734246937432545 ], [ 86.015131741590608, 26.734583853108063 ], [ 86.015668415522327, 26.734783905446534 ], [ 86.017455243672316, 26.734733129052245 ], [ 86.017877565494814, 26.734571337976945 ], [ 86.01864346525872, 26.734558602509026 ], [ 86.018897495620251, 26.734497174403543 ], [ 86.018959302345309, 26.734400559857647 ], [ 86.018890252384722, 26.734172204580773 ], [ 86.018713157343768, 26.733868602932432 ], [ 86.018488448866037, 26.733334522679741 ], [ 86.018283239746779, 26.732726198812941 ], [ 86.018234002112877, 26.732421225680355 ], [ 86.018057842379221, 26.732155995913217 ], [ 86.018098777362241, 26.732077315884737 ], [ 86.018203765606472, 26.732019385288993 ], [ 86.020157697197249, 26.731829811989599 ], [ 86.021349289487262, 26.731808709118695 ], [ 86.021605317269518, 26.731842086099221 ], [ 86.022120432368013, 26.732026139286859 ], [ 86.022402141530279, 26.732249186694844 ], [ 86.022640231197727, 26.732438111574425 ], [ 86.022942873256738, 26.732643286518964 ], [ 86.023114661328123, 26.732716657779179 ], [ 86.02362596954606, 26.732726914682758 ], [ 86.024277639510103, 26.732370395326029 ], [ 86.024574852290186, 26.732325091378755 ], [ 86.024655283321806, 26.732113551847874 ], [ 86.0247350902157, 26.731881636107971 ], [ 86.024535562188987, 26.731521540100118 ], [ 86.024426578204043, 26.731410234934287 ], [ 86.02410306260424, 26.731222995406483 ], [ 86.023568198132352, 26.731099685931213 ], [ 86.023374102082641, 26.730987816883044 ], [ 86.023308800545863, 26.730912885278428 ], [ 86.023175072286904, 26.730645658090623 ], [ 86.02301410680019, 26.730112077867659 ], [ 86.022959625150065, 26.729576999354322 ], [ 86.022683805725819, 26.7286635143941 ], [ 86.022595695281666, 26.728529774443757 ], [ 86.021993281837524, 26.72823454109772 ], [ 86.022417101051019, 26.728149431730913 ], [ 86.022756868514477, 26.728124751309622 ], [ 86.023434220757906, 26.727960152513788 ], [ 86.023604510538917, 26.727956843864206 ], [ 86.02411188417085, 26.727795617570678 ], [ 86.024621006108021, 26.727726882376942 ], [ 86.025811162161688, 26.727649346301234 ], [ 86.026064506331466, 26.727549548113188 ], [ 86.026405211800181, 26.727560927385525 ], [ 86.027218286125958, 26.727758299708796 ], [ 86.027495563370508, 26.727771427286314 ], [ 86.02775065314745, 26.727766432385636 ], [ 86.028177845762571, 26.727837058878663 ], [ 86.028433250306421, 26.7278320019239 ], [ 86.028691150501913, 26.727942120868249 ], [ 86.029117905141391, 26.727992435904241 ], [ 86.029375743282856, 26.728102492794562 ], [ 86.029845242365241, 26.72815080861119 ], [ 86.030442288584425, 26.728197752943572 ], [ 86.03076255758873, 26.728249628323908 ], [ 86.031059894476812, 26.728224573779698 ], [ 86.03140091021578, 26.728238141131499 ], [ 86.031742988068117, 26.728308202842811 ], [ 86.03250932400897, 26.728313403691004 ], [ 86.033103372748144, 26.728227234009466 ], [ 86.033443640241217, 26.728220489904231 ], [ 86.033952575116928, 26.728133694286328 ], [ 86.034633172157214, 26.728102271558441 ], [ 86.034887640494389, 26.72806109195659 ], [ 86.035398135714445, 26.72805103830251 ], [ 86.036414629484852, 26.727821014761162 ], [ 86.03683545481573, 26.727602791380434 ], [ 86.037130793383824, 26.72748293175016 ], [ 86.037299209852222, 26.727402756129379 ], [ 86.037553177260406, 26.727341390077925 ], [ 86.037977935378592, 26.727294650793681 ], [ 86.038568549561433, 26.727054932432509 ], [ 86.038737903135768, 26.727013189847639 ], [ 86.039161848256072, 26.726948390139228 ], [ 86.039219403829577, 26.726942016559576 ], [ 86.039949933688945, 26.726874785951509 ], [ 86.039876014734318, 26.726436510844223 ], [ 86.039755043527293, 26.725806191067875 ], [ 86.040073191002818, 26.725724828326292 ], [ 86.041091500528466, 26.725436121446648 ], [ 86.042022821079399, 26.725090419278501 ], [ 86.043627750845872, 26.724311517843887 ], [ 86.044391467026969, 26.724104548728121 ], [ 86.044560508532413, 26.724024496316019 ], [ 86.044985516665463, 26.723939323995864 ], [ 86.04768856015346, 26.722660110499362 ], [ 86.047963464055783, 26.72253781367408 ], [ 86.048130571093964, 26.722381017499515 ], [ 86.048549710173688, 26.722029557795508 ], [ 86.049678021730301, 26.720951798699048 ], [ 86.050453807872145, 26.720343241005423 ], [ 86.050934691622899, 26.719892977776681 ], [ 86.051584678033862, 26.719380596653366 ], [ 86.051753656585959, 26.719302732320784 ], [ 86.052256911268444, 26.718908964350874 ], [ 86.052405017179126, 26.718849034535708 ], [ 86.052159561067413, 26.718373572869325 ], [ 86.051937535302784, 26.717995227577148 ], [ 86.05165189335321, 26.717636817820448 ], [ 86.051209654881234, 26.716956996905367 ], [ 86.05224627664461, 26.716553237335404 ], [ 86.052503677709751, 26.716604612686069 ], [ 86.052827694238601, 26.716771478702753 ], [ 86.05327813103878, 26.716876039763349 ], [ 86.053662769869845, 26.716887607895842 ], [ 86.053916923440113, 26.716805806279297 ], [ 86.054237506311949, 26.716819186569637 ], [ 86.054559150397836, 26.716889059420851 ], [ 86.054750438727012, 26.71684750479676 ], [ 86.055134325714903, 26.716838762371538 ], [ 86.056469157619631, 26.716409885303904 ], [ 86.057107948222381, 26.716339653618491 ], [ 86.057362854535143, 26.716275913325433 ], [ 86.057615449559762, 26.716117432698411 ], [ 86.0582537428308, 26.716029138790134 ], [ 86.058549143452922, 26.715888906548116 ], [ 86.058715625453999, 26.715693740290988 ], [ 86.058926411343009, 26.71557556601249 ], [ 86.059076079396789, 26.715590068671645 ], [ 86.059421654758808, 26.715775118321233 ], [ 86.059550699286604, 26.715812117818928 ], [ 86.059742674706911, 26.715806622888522 ], [ 86.059933649168556, 26.715765004411764 ], [ 86.060587820180331, 26.715426358417744 ], [ 86.060863285266976, 26.71534468360727 ], [ 86.061287357193351, 26.715221139405799 ], [ 86.061799352502476, 26.715210960744287 ], [ 86.062137811435036, 26.715068793135629 ], [ 86.062453523514193, 26.714872315649586 ], [ 86.062576948104208, 26.714676834625607 ], [ 86.062441286277306, 26.714335238816261 ], [ 86.062301629608953, 26.71381984402484 ], [ 86.062300192473344, 26.713763411719412 ], [ 86.062403120343504, 26.713588117145036 ], [ 86.062967556714, 26.713079610352338 ], [ 86.063259336617705, 26.712767894013837 ], [ 86.063784399248959, 26.712392311475526 ], [ 86.063972379827874, 26.712215330649997 ], [ 86.064372082502473, 26.711958422419855 ], [ 86.064648358788361, 26.711897121120444 ], [ 86.06486507758342, 26.712045173970409 ], [ 86.065235895450485, 26.712401897476013 ], [ 86.065499790605998, 26.712739810512858 ], [ 86.065694512592188, 26.712851678661707 ], [ 86.065952101618109, 26.712923300717421 ], [ 86.066272621536598, 26.712936681007818 ], [ 86.06640141515021, 26.712971367418561 ], [ 86.066912974282332, 26.712943190386852 ], [ 86.067127194727675, 26.712976191445819 ], [ 86.067539196693247, 26.713254173768178 ], [ 86.067882212550842, 26.713324109572739 ], [ 86.068137055010936, 26.713262620312548 ], [ 86.068520442868532, 26.713235754509753 ], [ 86.068839089474352, 26.713172454890355 ], [ 86.069092995727829, 26.71307027886337 ], [ 86.069282971029452, 26.712970041800304 ], [ 86.069537128197112, 26.712888179029051 ], [ 86.070423895744568, 26.712469793591197 ], [ 86.070633246296609, 26.7122929377731 ], [ 86.070759979536206, 26.712232820896475 ], [ 86.071080063277691, 26.71222588972978 ], [ 86.071337527296237, 26.712277202127098 ], [ 86.071785406390688, 26.712268897677518 ], [ 86.072061372406381, 26.712205220337864 ], [ 86.072805025346554, 26.71205668454553 ], [ 86.073186353729398, 26.711932826476584 ], [ 86.073439322876879, 26.711794531399846 ], [ 86.073630174129789, 26.711732604164013 ], [ 86.074140232273578, 26.711645682639301 ], [ 86.075158229730334, 26.711356725744849 ], [ 86.076178786691514, 26.711182884494121 ], [ 86.076496496191396, 26.711081149140739 ], [ 86.076858823446742, 26.711054156531873 ], [ 86.076989491272343, 26.711167774784599 ], [ 86.077210641085685, 26.711507747296196 ], [ 86.077157014702095, 26.711967641492095 ], [ 86.077211558406304, 26.712484784588639 ], [ 86.077256175262391, 26.712559530031115 ], [ 86.077407779582131, 26.712653023888265 ], [ 86.077687177456141, 26.712742831375579 ], [ 86.078007260298307, 26.712738150342375 ], [ 86.078261665682078, 26.712656287571122 ], [ 86.079091184328945, 26.712526314031322 ], [ 86.079537064204033, 26.712420831153452 ], [ 86.080880824696123, 26.712431790436824 ], [ 86.080945877117415, 26.712432290466495 ], [ 86.081391257862151, 26.712385553880267 ], [ 86.082280143341109, 26.712215333348013 ], [ 86.082849260744752, 26.712011362611577 ], [ 86.083227588050249, 26.711831073136523 ], [ 86.08347918301547, 26.711672466602749 ], [ 86.08379957702715, 26.711744465479342 ], [ 86.08405623074583, 26.711816087535055 ], [ 86.084142279017271, 26.711852774963859 ], [ 86.084381368744062, 26.71207769478508 ], [ 86.084763131505156, 26.712050829881605 ], [ 86.086390486163452, 26.71163483307464 ], [ 86.086450295467841, 26.711461473866905 ], [ 86.086359125489594, 26.711194621701395 ], [ 86.086392192199924, 26.710790970950825 ], [ 86.086317962075839, 26.710332385285767 ], [ 86.086306100760453, 26.709813369775986 ], [ 86.086025598504364, 26.708674341756137 ], [ 86.085775707776975, 26.708040957949038 ], [ 86.085767466280743, 26.707695613715828 ], [ 86.085696857774394, 26.707408638054062 ], [ 86.085667243607077, 26.707065481000996 ], [ 86.085288620420727, 26.706343226812578 ], [ 86.085107156415518, 26.705868204021158 ], [ 86.084456876821719, 26.705342801441645 ], [ 86.083929213316708, 26.704606045493449 ], [ 86.083729746444646, 26.704264073762545 ], [ 86.08379067901717, 26.704147085705529 ], [ 86.084021962525355, 26.704047035703979 ], [ 86.084211814618186, 26.703985106669506 ], [ 86.084467342370772, 26.704000296419736 ], [ 86.084762867101006, 26.703916435328438 ], [ 86.084825173855734, 26.703858128811078 ], [ 86.084842362825327, 26.703686831776054 ], [ 86.084688949045756, 26.703496283598724 ], [ 86.08451622566713, 26.703384603410655 ], [ 86.083955806621304, 26.703051562965072 ], [ 86.083613102832544, 26.70294331463532 ], [ 86.083354265531113, 26.702794949716463 ], [ 86.082942951555992, 26.702476408332643 ], [ 86.082598813329639, 26.702309481161251 ], [ 86.082382221340708, 26.70214111685425 ], [ 86.082271864072823, 26.701971130148763 ], [ 86.082113643353296, 26.701570725094371 ], [ 86.082136720262213, 26.70076535985919 ], [ 86.082064736674283, 26.700421890737232 ], [ 86.082081363560178, 26.700230219291825 ], [ 86.082873254074968, 26.700463211534498 ], [ 86.083512107631009, 26.700507969586056 ], [ 86.084275381339808, 26.700436176656922 ], [ 86.084972419103849, 26.700248893961088 ], [ 86.085222702840213, 26.700051915546055 ], [ 86.085658904083402, 26.699621524000122 ], [ 86.086036670204521, 26.699423111147439 ], [ 86.086224647186157, 26.699284438350446 ], [ 86.086414937254631, 26.699242883726413 ], [ 86.086918313347212, 26.698963979586722 ], [ 86.087256271350782, 26.698880430564316 ], [ 86.087465558050098, 26.698741884573394 ], [ 86.087781457190772, 26.698622025842496 ], [ 86.088033177163425, 26.698481480632211 ], [ 86.088286019504835, 26.698399617860957 ], [ 86.08849668128579, 26.698319752510372 ], [ 86.088962121674058, 26.698234769050316 ], [ 86.089535983064252, 26.698222654122787 ], [ 86.089789700457629, 26.698179162333417 ], [ 86.090873307023344, 26.698156745535584 ], [ 86.091764129667581, 26.698083454316134 ], [ 86.092401357227914, 26.698069530828036 ], [ 86.093610574664524, 26.697968934930771 ], [ 86.094181626535487, 26.69786201761525 ], [ 86.095072947410699, 26.697806787719287 ], [ 86.095899089058605, 26.697694686642933 ], [ 86.097109182446445, 26.697632463526247 ], [ 86.098190290662501, 26.697515242541726 ], [ 86.100229584332965, 26.697473968509883 ], [ 86.100506423601928, 26.697487034932692 ], [ 86.100695960028588, 26.697427293977682 ], [ 86.101906551647403, 26.697383068331817 ], [ 86.103160946225159, 26.697397776039054 ], [ 86.103223752110239, 26.697357530845238 ], [ 86.103264685294562, 26.697299161374474 ], [ 86.103256382643622, 26.696953880993988 ], [ 86.103357124233014, 26.69672208936214 ], [ 86.103306138293874, 26.69637655896679 ], [ 86.103334834241252, 26.695801361166332 ], [ 86.103221479493413, 26.695516320871207 ], [ 86.103149373596011, 26.695172851749248 ], [ 86.103074766650991, 26.694714329037595 ], [ 86.103092892726579, 26.694579090796935 ], [ 86.103150390742712, 26.694328989625376 ], [ 86.103273627371948, 26.694153757105084 ], [ 86.103333373722933, 26.693980398796668 ], [ 86.103329066812705, 26.69380660071397 ], [ 86.103197087758247, 26.693618491530287 ], [ 86.102785897891238, 26.69331807352404 ], [ 86.102098432637661, 26.693006840127907 ], [ 86.101774792030426, 26.692801728136715 ], [ 86.101579196791022, 26.692633489736409 ], [ 86.101406908690024, 26.692539932925911 ], [ 86.101016405302289, 26.692203456125355 ], [ 86.100905487749401, 26.692013221815557 ], [ 86.100835375675388, 26.691746556711507 ], [ 86.100832504102129, 26.691631441967104 ], [ 86.100652912510157, 26.691230911905279 ], [ 86.100688476670882, 26.690942375899112 ], [ 86.100391471636954, 26.690085259391594 ], [ 86.100364730841591, 26.689857217982308 ], [ 86.10016382773324, 26.689456562913051 ], [ 86.100115214237064, 26.689208022085893 ], [ 86.099896499820034, 26.688944978599579 ], [ 86.099310024372016, 26.688419953740379 ], [ 86.098879212837062, 26.688178031111647 ], [ 86.098088882666673, 26.688021843786203 ], [ 86.097678006667252, 26.687723612960156 ], [ 86.097500786618866, 26.687420138117886 ], [ 86.097305315487574, 26.687249648684713 ], [ 86.096831135371986, 26.686971353394142 ], [ 86.096656473029384, 26.686782992396957 ], [ 86.096862014002852, 26.686490959780372 ], [ 86.096901762764389, 26.68637615800418 ], [ 86.097005063858148, 26.686259420861347 ], [ 86.097101810606148, 26.685853895898845 ], [ 86.097288288398033, 26.685658791695744 ], [ 86.097327911252819, 26.685543989919552 ], [ 86.09761644366165, 26.6851734661347 ], [ 86.098094015165486, 26.68470257938003 ], [ 86.098217190640014, 26.684527470967794 ], [ 86.098257000556202, 26.684412608036894 ], [ 86.09825425219168, 26.684297554447198 ], [ 86.098141149257344, 26.684012516850032 ], [ 86.098089415072366, 26.683610552350615 ], [ 86.098166535655821, 26.683265834953147 ], [ 86.0983725784576, 26.682973739383215 ], [ 86.098379153488054, 26.682341983370577 ], [ 86.098416090032345, 26.682112066849982 ], [ 86.09830198883725, 26.681768408867924 ], [ 86.097909361222776, 26.681355250358934 ], [ 86.097802130039724, 26.68109508564055 ], [ 86.097987920740536, 26.681066902313546 ], [ 86.098115402225915, 26.681063219541045 ], [ 86.098689888653212, 26.681073601452056 ], [ 86.099010033549405, 26.681125290670309 ], [ 86.099520341708001, 26.681114988800005 ], [ 86.099712564445156, 26.681150052031683 ], [ 86.100350293833799, 26.681138250971742 ], [ 86.100668876586951, 26.681113258481503 ], [ 86.100858664827115, 26.681053517526493 ], [ 86.102389526349555, 26.681024858451792 ], [ 86.103409142607461, 26.680968132064152 ], [ 86.104305708398215, 26.681106884002531 ], [ 86.104752399472545, 26.681116454714356 ], [ 86.105580291224271, 26.681044974753377 ], [ 86.105770391533326, 26.680985232899047 ], [ 86.106147285300494, 26.680728137607446 ], [ 86.106337074440034, 26.680668396652436 ], [ 86.106718525132294, 26.680603096014977 ], [ 86.107101224100063, 26.68059647871587 ], [ 86.107228083246355, 26.680556671497641 ], [ 86.107567664547673, 26.680531741960806 ], [ 86.10782156900251, 26.680467877559693 ], [ 86.108522602507207, 26.680436203917623 ], [ 86.108712703715582, 26.680376462962613 ], [ 86.108838251633074, 26.68029828566182 ], [ 86.109282881433955, 26.680212988334233 ], [ 86.109538159171677, 26.680207868426123 ], [ 86.109981853665317, 26.680084323325332 ], [ 86.110257506712799, 26.680043145522177 ], [ 86.11161626629638, 26.679941116985958 ], [ 86.112956026551103, 26.679935950312483 ], [ 86.11340352882462, 26.679965831581967 ], [ 86.114172299262464, 26.680106020656012 ], [ 86.115328826522102, 26.680449383656537 ], [ 86.115585104319166, 26.680482571776963 ], [ 86.115737455086048, 26.680632435885457 ], [ 86.11579474715478, 26.681264630773057 ], [ 86.11562306430551, 26.682109739373743 ], [ 86.115479703280698, 26.68234121713806 ], [ 86.115400022293557, 26.682573132878019 ], [ 86.115381708257189, 26.682706182139896 ], [ 86.115309457567037, 26.683245006379082 ], [ 86.115327063827579, 26.684010063467042 ], [ 86.115552521450525, 26.684541708323422 ], [ 86.116172917076824, 26.68560374796192 ], [ 86.116241778177312, 26.685832165292823 ], [ 86.116224276239507, 26.685985464857026 ], [ 86.116125658876911, 26.686312059776242 ], [ 86.115644900133589, 26.686685891311356 ], [ 86.115398862152745, 26.687072541053112 ], [ 86.11519076167491, 26.687267455496738 ], [ 86.114859670085991, 26.687655728536299 ], [ 86.114736808478995, 26.687869332038531 ], [ 86.114506709393595, 26.688025876399593 ], [ 86.114424155034555, 26.688142676495772 ], [ 86.114070176296138, 26.689374747806482 ], [ 86.114016986089553, 26.689834706754425 ], [ 86.114022418066554, 26.690064934444536 ], [ 86.114171441297856, 26.690981918713135 ], [ 86.114115129503205, 26.691288451290802 ], [ 86.11397114434061, 26.691501930684979 ], [ 86.113852276675686, 26.691887020082333 ], [ 86.1139444458139, 26.692192242330464 ], [ 86.114361129711995, 26.692720577637886 ], [ 86.114804304390589, 26.693476954354708 ], [ 86.115197741405609, 26.69393073397913 ], [ 86.115309347848324, 26.69415709003664 ], [ 86.11516942048047, 26.694544302761471 ], [ 86.115097167092358, 26.695080878665806 ], [ 86.115065350456177, 26.695540961721861 ], [ 86.115077836808609, 26.696075851375042 ], [ 86.115038963998359, 26.696231275165985 ], [ 86.115067391044931, 26.696536058539152 ], [ 86.115228671298496, 26.697069576708088 ], [ 86.115583298456613, 26.697676529090643 ], [ 86.115953741301439, 26.698053376991822 ], [ 86.116169897113423, 26.698201366888384 ], [ 86.116508416301372, 26.698120005945441 ], [ 86.116636898745469, 26.698154691456864 ], [ 86.116832681046333, 26.698343177461481 ], [ 86.116922914817962, 26.698571658645108 ], [ 86.117277480821372, 26.699176297940767 ], [ 86.117435325619283, 26.69955632858472 ], [ 86.117701280249548, 26.700011542646791 ], [ 86.117941867367392, 26.70029508375228 ], [ 86.118590147741827, 26.700723369058153 ], [ 86.11919818112375, 26.701248333662022 ], [ 86.11954425561612, 26.701491879588502 ], [ 86.119737914589564, 26.701583375125608 ], [ 86.119994878578439, 26.701654936026614 ], [ 86.120184668617242, 26.701595193272908 ], [ 86.120312712186376, 26.701611758104775 ], [ 86.120463504407553, 26.701684939605514 ], [ 86.120593860164263, 26.70179855785824 ], [ 86.12083656971015, 26.702176839297692 ], [ 86.120882810763362, 26.702328328502688 ], [ 86.121082587006299, 26.702688360657817 ], [ 86.121392848222456, 26.703220506443131 ], [ 86.121438651300082, 26.703353932525943 ], [ 86.121569694147922, 26.703503671627061 ], [ 86.121615934301815, 26.703655158133984 ], [ 86.121663361576509, 26.70386526682455 ], [ 86.121652914014078, 26.704325537841385 ], [ 86.121711705272446, 26.705014100282369 ], [ 86.121913918710334, 26.705468875469478 ], [ 86.12191747737478, 26.705622362994461 ], [ 86.122077383446083, 26.706099447059273 ], [ 86.122245042675274, 26.706348678574955 ], [ 86.122542252757341, 26.706413677935473 ], [ 86.122620617119594, 26.706432176335341 ], [ 86.122888202242279, 26.706634726124094 ], [ 86.123131351562506, 26.706911516828995 ], [ 86.12321701761698, 26.707374602761092 ], [ 86.123295253374522, 26.707530776596514 ], [ 86.12337355478337, 26.707686951331311 ], [ 86.123627705655679, 26.70771557892931 ], [ 86.123952728539166, 26.707593470964184 ], [ 86.124599083439648, 26.707423745964945 ], [ 86.124920417255282, 26.707376069574707 ], [ 86.125309181331147, 26.707256648819396 ], [ 86.125502218864881, 26.707223905869284 ], [ 86.125757497501922, 26.707232284963652 ], [ 86.126079893430983, 26.707166670458662 ], [ 86.126597703833284, 26.707011817744728 ], [ 86.127367602035861, 26.706944400974578 ], [ 86.128011645648144, 26.706830983273278 ], [ 86.128788109887807, 26.70660789269732 ], [ 86.129175060007128, 26.706526782668561 ], [ 86.129495518770852, 26.706499352083995 ], [ 86.130401279351872, 26.706243203791018 ], [ 86.13072480034765, 26.706157153720937 ], [ 86.131716424836611, 26.705885696965595 ], [ 86.13308038167105, 26.705375077637484 ], [ 86.133690869335283, 26.705051617796357 ], [ 86.13386859930597, 26.704885698778298 ], [ 86.134132193184655, 26.70470228141977 ], [ 86.134715558735934, 26.704511808786492 ], [ 86.134844103234059, 26.704496811493698 ], [ 86.135169626147217, 26.704354392970856 ], [ 86.13549195912293, 26.704290904491302 ], [ 86.135817733849592, 26.70414848596846 ], [ 86.136139377036102, 26.704100807779639 ], [ 86.136721618419983, 26.703930583649992 ], [ 86.136913967063833, 26.703915962278813 ], [ 86.137625065014731, 26.703730803809776 ], [ 86.138016142177491, 26.703552576507377 ], [ 86.138466021390627, 26.703489903723721 ], [ 86.139826850341592, 26.70305815238487 ], [ 86.140147370260024, 26.70303072269968 ], [ 86.140625375242848, 26.702817000485311 ], [ 86.14081916372038, 26.702766320319768 ], [ 86.140921460258085, 26.702866188655889 ], [ 86.141221587779455, 26.703795485705427 ], [ 86.141272824632722, 26.704084523539962 ], [ 86.141289194309081, 26.704199700338393 ], [ 86.141396607157617, 26.704662911277865 ], [ 86.141443593758709, 26.705049064587286 ], [ 86.141414948174031, 26.706197398015433 ], [ 86.14149572634858, 26.707271991456423 ], [ 86.141449085091722, 26.708343519068023 ], [ 86.141468262488672, 26.708677551478957 ], [ 86.141497685097875, 26.709187695059427 ], [ 86.141551548006248, 26.709420424696589 ], [ 86.141756130289764, 26.710118864522258 ], [ 86.141788622325691, 26.710351532105392 ], [ 86.14177561705759, 26.710658316496563 ], [ 86.141692118397884, 26.711115836450858 ], [ 86.141750909656253, 26.711732158094378 ], [ 86.141847454054073, 26.711965199800431 ], [ 86.141927628775591, 26.712083003553289 ], [ 86.141813890012088, 26.712251549525774 ], [ 86.141615913336409, 26.712399283112234 ], [ 86.140855068728627, 26.712757986951146 ], [ 86.140339572312485, 26.712854218380755 ], [ 86.140169407538906, 26.712848590348983 ], [ 86.139656536278551, 26.712888328318456 ], [ 86.139309641593627, 26.713030747740675 ], [ 86.138965497071922, 26.713114296763081 ], [ 86.13892119138535, 26.713152417730157 ], [ 86.138737708375402, 26.713453638841543 ], [ 86.138393981144645, 26.714516598498733 ], [ 86.138402348547629, 26.714823509695975 ], [ 86.1385280700365, 26.715365837740194 ], [ 86.138511563661382, 26.715749302041161 ], [ 86.138460880797822, 26.715938533593601 ], [ 86.138431503155289, 26.71613014208566 ], [ 86.138312012251959, 26.716434050406917 ], [ 86.137928178324728, 26.716939435611494 ], [ 86.137720259512321, 26.717314960592432 ], [ 86.137443650472903, 26.718303867294253 ], [ 86.137396332017602, 26.718917311968482 ], [ 86.136954172687012, 26.720284305853625 ], [ 86.13692711172871, 26.720417231007389 ], [ 86.136748870037025, 26.721102040527853 ], [ 86.136703062462743, 26.721178471322105 ], [ 86.136663370359315, 26.721600244550928 ], [ 86.137011880247996, 26.721918285905076 ], [ 86.137051185637858, 26.72199746596317 ], [ 86.137041245299827, 26.722227569545225 ], [ 86.13709204417745, 26.722534792811359 ], [ 86.13718940157321, 26.722749713837857 ], [ 86.13746260213702, 26.723335789981604 ], [ 86.137625139659463, 26.723512778001805 ], [ 86.138018644124486, 26.723776946554892 ], [ 86.138054886382974, 26.723930559986627 ], [ 86.138056438633384, 26.72439314229166 ], [ 86.138149545776912, 26.724702803652121 ], [ 86.138206033841072, 26.724876914703032 ], [ 86.138604477448098, 26.725026032364383 ], [ 86.138795702823927, 26.725031723349559 ], [ 86.139249020190732, 26.724894556037611 ], [ 86.139440619689424, 26.724900247022788 ], [ 86.139881433616438, 26.725049553544238 ], [ 86.140087527680294, 26.725211042443334 ], [ 86.140187447278436, 26.725367341286187 ], [ 86.140327165101439, 26.726083467413105 ], [ 86.140365719547503, 26.726180647640092 ], [ 86.140487513645041, 26.726319074918877 ], [ 86.140605429814684, 26.726552243431001 ], [ 86.140384455371475, 26.726738160937884 ], [ 86.139981884720953, 26.726686095798073 ], [ 86.139725793086029, 26.726695840980653 ], [ 86.138696551256942, 26.726852057984161 ], [ 86.138522197385896, 26.726943483373248 ], [ 86.138008514026978, 26.727001283565585 ], [ 86.137574942436231, 26.727179197000396 ], [ 86.137025820823396, 26.727563965335548 ], [ 86.136336969696231, 26.727731250441877 ], [ 86.135910712388352, 26.727737680679525 ], [ 86.135488520069941, 26.727644805564182 ], [ 86.135128382692699, 26.727595242371365 ], [ 86.134997521510343, 26.727666671969587 ], [ 86.13477917402156, 26.727793904339535 ], [ 86.134442970618522, 26.727685846668521 ], [ 86.133677072653313, 26.72766083709098 ], [ 86.132473727867364, 26.727906231148722 ], [ 86.131404856888253, 26.72848409637362 ], [ 86.131052209164068, 26.728761754935761 ], [ 86.130878106207206, 26.728850931090676 ], [ 86.13008250953726, 26.729513920071724 ], [ 86.12982141580693, 26.729640965380156 ], [ 86.129776731500783, 26.729697085616749 ], [ 86.12975691287869, 26.730157293680179 ], [ 86.12987139269336, 26.73046714300142 ], [ 86.130128158828768, 26.730938042346736 ], [ 86.130278567034338, 26.731403691380535 ], [ 86.130496093431191, 26.731795471822409 ], [ 86.130778911472191, 26.732650087282195 ], [ 86.130833086449456, 26.732880567685186 ], [ 86.130891817452436, 26.73349695138279 ], [ 86.130857115753031, 26.734302314819274 ], [ 86.130805555139546, 26.734511794875402 ], [ 86.130739927144532, 26.735048432833821 ], [ 86.13072692367507, 26.735355219023631 ], [ 86.130760965263391, 26.736045907490052 ], [ 86.130776585794649, 26.736181395745575 ], [ 86.130849872517445, 26.736951265169466 ], [ 86.131101754370206, 26.73803592215728 ], [ 86.131376517077115, 26.738583627319144 ], [ 86.131430380884808, 26.738814107722078 ], [ 86.131773138633605, 26.739267509626302 ], [ 86.13209058372928, 26.739817777889868 ], [ 86.132260053317736, 26.740168501039363 ], [ 86.132325417807863, 26.740304301363778 ], [ 86.132500199761921, 26.740693457549241 ], [ 86.132699790742038, 26.741006119987048 ], [ 86.133070849630599, 26.74178455646603 ], [ 86.133230886105366, 26.742017975892338 ], [ 86.133391172594941, 26.742253581599414 ], [ 86.133605383147597, 26.742719731562204 ], [ 86.134511299313317, 26.743934701138699 ], [ 86.134772497366384, 26.744786940558186 ], [ 86.135104563833295, 26.745486196979073 ], [ 86.135221416090872, 26.745737425915422 ], [ 86.135321838416701, 26.745875664334108 ], [ 86.135570364854516, 26.746037342992622 ], [ 86.135883757551483, 26.746179148169688 ], [ 86.136389187722784, 26.746310894296641 ], [ 86.137140079401888, 26.746678749757734 ], [ 86.138149441454175, 26.746978176697951 ], [ 86.13858875349348, 26.747165918054066 ], [ 86.138967450425241, 26.747271977405035 ], [ 86.139530183457225, 26.747557462870475 ], [ 86.140286014278331, 26.747812452821336 ], [ 86.140598282807844, 26.747974631509521 ], [ 86.141665694168012, 26.748409797619388 ], [ 86.141853041615889, 26.748512479072076 ], [ 86.14277671513031, 26.749325860070655 ], [ 86.143211526003256, 26.749606029573215 ], [ 86.143457739354176, 26.749826388872009 ], [ 86.144330112162606, 26.750339358159749 ], [ 86.144396603518203, 26.750355546170681 ], [ 86.144431392453043, 26.751206406911251 ], [ 86.14464629009683, 26.751751486917328 ], [ 86.144745125098211, 26.752990877007619 ], [ 86.145049429126402, 26.754430064924861 ], [ 86.14509109706654, 26.755080131376531 ], [ 86.14529055854257, 26.755668020577502 ], [ 86.145634915307085, 26.757306005362977 ], [ 86.14602440784347, 26.758118376409584 ], [ 86.146184066597925, 26.758453286570386 ], [ 86.146449460043812, 26.758879064533232 ], [ 86.147913053186187, 26.760095107015104 ], [ 86.148886659519633, 26.760741751501143 ], [ 86.150498118450514, 26.761459902928095 ], [ 86.15095436314931, 26.761751510159684 ], [ 86.15214400658266, 26.76233172804217 ], [ 86.154071296304835, 26.763146564163094 ], [ 86.15428864103626, 26.763242621121947 ], [ 86.153567531699991, 26.764084470536432 ], [ 86.15321437944948, 26.764635164184995 ], [ 86.152640443414555, 26.765168731817312 ], [ 86.150925457657138, 26.766316036407432 ], [ 86.150157229517674, 26.767114701604783 ], [ 86.149378566406483, 26.767922365537515 ], [ 86.148893178791411, 26.768546738917792 ], [ 86.148238367453871, 26.769598757278231 ], [ 86.14766586135994, 26.770520476540014 ], [ 86.147560430643409, 26.770842509138163 ], [ 86.147563170014564, 26.771316340312126 ], [ 86.1479150964729, 26.772622667827591 ], [ 86.14813218309547, 26.773007573760879 ], [ 86.148382760914046, 26.77369951679816 ], [ 86.148391352251167, 26.775206881422719 ], [ 86.148104290253343, 26.776949344530067 ], [ 86.14798939764438, 26.778494328293391 ], [ 86.147888442013539, 26.779852079723639 ], [ 86.147270049203939, 26.781569976625065 ], [ 86.146883958847923, 26.782393458043146 ], [ 86.146511309936898, 26.782887657332196 ], [ 86.146241459392002, 26.783377922035299 ], [ 86.146206088588144, 26.78344316511533 ], [ 86.146126843777949, 26.783704390148387 ], [ 86.145840119929687, 26.784226151324731 ], [ 86.145781809814935, 26.784496563054006 ], [ 86.144970448720358, 26.785879299779765 ], [ 86.144791027102542, 26.786252825541339 ], [ 86.144467618523493, 26.786925571396353 ], [ 86.144398747530317, 26.787180110780866 ], [ 86.144443419245817, 26.787633945264702 ], [ 86.144507343002999, 26.787875736590649 ], [ 86.144701050540448, 26.788607986875775 ], [ 86.145164413467342, 26.789269685312661 ], [ 86.145348625837073, 26.789848387817415 ], [ 86.145831427867108, 26.790300354384669 ], [ 86.146027398128808, 26.790484278068163 ], [ 86.146754042865496, 26.790906128639733 ], [ 86.147167041293073, 26.791305724293579 ], [ 86.147516423535649, 26.791707195058677 ], [ 86.147773195966408, 26.792002110939848 ], [ 86.148406721868241, 26.792727930088006 ], [ 86.148866339968606, 26.7930849701591 ], [ 86.149192912404487, 26.793544934503018 ], [ 86.14958504088861, 26.793894846453327 ], [ 86.149640343630608, 26.793944781071048 ], [ 86.150037281752645, 26.794448117592935 ], [ 86.150417156811841, 26.794971638765844 ], [ 86.150729787773002, 26.795654895136579 ], [ 86.150863372138531, 26.796704929566317 ], [ 86.150898242013398, 26.796793171313254 ], [ 86.151151257026925, 26.797426493965588 ], [ 86.151668772447749, 26.799304645879886 ], [ 86.151754001425957, 26.799765481678435 ], [ 86.151809862654375, 26.800070391857673 ], [ 86.152274269707959, 26.801569203816484 ], [ 86.152417531806066, 26.8029712672286 ], [ 86.152425466629381, 26.8030480100918 ], [ 86.152383762715885, 26.804047358060643 ], [ 86.15234012073779, 26.805094075746808 ], [ 86.152122315547331, 26.806112603810618 ], [ 86.151735839377011, 26.807355861936173 ], [ 86.151478595695323, 26.808638241088204 ], [ 86.151444527126955, 26.80916369403036 ], [ 86.151548557580554, 26.810008245044003 ], [ 86.15207475607059, 26.812033134082753 ], [ 86.152291402019557, 26.812659456319693 ], [ 86.152482243379723, 26.812996804574823 ], [ 86.153632985224192, 26.815036703497071 ], [ 86.154072651601098, 26.816190106470629 ], [ 86.154398084580862, 26.817327011163002 ], [ 86.154428388537326, 26.817559614893412 ], [ 86.154440571814177, 26.817654482033504 ], [ 86.154599906808471, 26.818512782963751 ], [ 86.154802050098283, 26.819312839430722 ], [ 86.154810094640425, 26.820134202018039 ], [ 86.154815889048962, 26.820923944024003 ], [ 86.154698703138536, 26.821548260746283 ], [ 86.15449996922365, 26.822023214289004 ], [ 86.154396602478528, 26.822270753258181 ], [ 86.154032696892102, 26.822970370311964 ], [ 86.153802781270826, 26.823406703757314 ], [ 86.152783696519293, 26.824914674532977 ], [ 86.152251753084101, 26.825511673986796 ], [ 86.151317912599495, 26.826801228924296 ], [ 86.150760840874625, 26.827725262172294 ], [ 86.150682535868384, 26.827855685379006 ], [ 86.150057849519897, 26.828740970824185 ], [ 86.149641762779595, 26.829521393032508 ], [ 86.149525641680498, 26.829992286981849 ], [ 86.149378717494585, 26.830345689247167 ], [ 86.149327593957423, 26.830582291416306 ], [ 86.149234784493387, 26.8310104391241 ], [ 86.149429700735709, 26.833665141614119 ], [ 86.149563268913255, 26.835482292606571 ], [ 86.149647559886148, 26.835995060443508 ], [ 86.149877264163933, 26.836718437000684 ], [ 86.150210270434798, 26.837214586045718 ], [ 86.150538095642844, 26.837518938637913 ], [ 86.150076140173553, 26.838294548510362 ], [ 86.149732533453516, 26.83955161770723 ], [ 86.14952030053621, 26.840010635052579 ], [ 86.149213709501851, 26.84035178569161 ], [ 86.146752261284973, 26.841474142758216 ], [ 86.144826616444561, 26.842624568037081 ], [ 86.144650594309041, 26.841860820379338 ], [ 86.144614365540576, 26.841030269297107 ], [ 86.144390093239792, 26.840546059809469 ], [ 86.144377846110217, 26.840503126506462 ], [ 86.144099404228143, 26.839517647166304 ], [ 86.143333467591617, 26.838407359161181 ], [ 86.142541461062763, 26.837730155307895 ], [ 86.142205951046208, 26.83744380108584 ], [ 86.141740829022069, 26.837210875393907 ], [ 86.140603614059444, 26.836782019910288 ], [ 86.139364471286001, 26.836508210497357 ], [ 86.138385853863838, 26.836414263375957 ], [ 86.136691387309554, 26.836555098171686 ], [ 86.135697196121498, 26.837054471328941 ], [ 86.134387284760237, 26.838100166472429 ], [ 86.133678984637299, 26.83896232734395 ], [ 86.133330078142308, 26.839652947460991 ], [ 86.132903313610143, 26.840081213880865 ], [ 86.132294259484183, 26.840492665454065 ], [ 86.130680661037843, 26.840500825110894 ], [ 86.129278723532479, 26.840410996039566 ], [ 86.1283448443765, 26.840502222675866 ], [ 86.127181374258782, 26.840517638158929 ], [ 86.125726446198939, 26.840289695676347 ], [ 86.124876128656069, 26.839979895818487 ], [ 86.124380514714687, 26.839627105999568 ], [ 86.124311712070892, 26.839577047273735 ], [ 86.124133494661237, 26.839163020008186 ], [ 86.124063755810823, 26.839076837735945 ], [ 86.12356858524106, 26.838457760533231 ], [ 86.122662661880668, 26.837569949758347 ], [ 86.12253936679474, 26.83753757553518 ], [ 86.122276777472052, 26.837466076688202 ], [ 86.121993011533107, 26.837037797677681 ], [ 86.121711306867553, 26.836668264059483 ], [ 86.121625508610919, 26.836541335664435 ], [ 86.121454411228058, 26.836310103418271 ], [ 86.121096653488451, 26.835976252672822 ], [ 86.120015943677345, 26.834972199388801 ], [ 86.119351797253501, 26.834218943360781 ], [ 86.118792384562369, 26.833662609089743 ], [ 86.118491617614609, 26.833365193060217 ], [ 86.11836088773498, 26.833238013751043 ], [ 86.11819566300278, 26.833056466107735 ], [ 86.117955949138207, 26.832831606541902 ], [ 86.116934983879446, 26.831712814435036 ], [ 86.115542892282008, 26.830007318449361 ], [ 86.115185944842324, 26.829824578289276 ], [ 86.115099955027574, 26.829844387918001 ], [ 86.115097203065716, 26.829916568460078 ] ] ] } },
{ "type": "Feature", "properties": { "Physiography": "Terai or Madhesh", "subdivision": "Janakpur", "Area_sqkm": 374.829 }, "geometry": { "type": "Polygon", "coordinates": [ [ [ 85.925397119212334, 26.831644443471532 ], [ 85.925354876597794, 26.831623821744301 ], [ 85.925162088179604, 26.831658439805665 ], [ 85.924577595762912, 26.832033082540022 ], [ 85.924468231359697, 26.832165381757363 ], [ 85.924223442553739, 26.832619273798514 ], [ 85.924173315478583, 26.832964118002053 ], [ 85.924081635577977, 26.833249964999766 ], [ 85.923834158662885, 26.833660985791994 ], [ 85.923706046744371, 26.833874341078058 ], [ 85.923328515349397, 26.834670198554818 ], [ 85.923241276359818, 26.834784624409451 ], [ 85.923111478190151, 26.834878426738101 ], [ 85.922641039303812, 26.834926726366746 ], [ 85.922385324489824, 26.834904475046358 ], [ 85.922258093019195, 26.834862912328333 ], [ 85.921878022804549, 26.834627615092757 ], [ 85.921750790434658, 26.834588241353515 ], [ 85.920854533115403, 26.834572414874799 ], [ 85.92040865953561, 26.83444941836774 ], [ 85.920088138717858, 26.834465037100301 ], [ 85.919897916099387, 26.834366542946441 ], [ 85.919452228681735, 26.834225485115837 ], [ 85.919069967689609, 26.834123300994861 ], [ 85.918750635791298, 26.834077985356259 ], [ 85.918114537794395, 26.833858807782235 ], [ 85.91779539475624, 26.833795432618786 ], [ 85.917581985510139, 26.833791554690833 ], [ 85.917285402263815, 26.833671936082055 ], [ 85.917182728905175, 26.833659871517227 ], [ 85.917093803664443, 26.833650183892019 ], [ 85.916839339823923, 26.833569248334015 ], [ 85.916460519683483, 26.833333888145091 ], [ 85.916146253733245, 26.83306078291065 ], [ 85.915937599265646, 26.832847049904331 ], [ 85.915899982824953, 26.832616693609452 ], [ 85.915533321679334, 26.830772728975546 ], [ 85.91546422135599, 26.830005046731799 ], [ 85.915332321442918, 26.829162432883436 ], [ 85.915342079216202, 26.828702224820006 ], [ 85.915460012473147, 26.828168399078834 ], [ 85.915640372096277, 26.827711756874464 ], [ 85.915742000428907, 26.826947639590458 ], [ 85.915878179372896, 26.826567362529033 ], [ 85.916043672106639, 26.825803747972657 ], [ 85.916123865714098, 26.825039505681275 ], [ 85.916269615369856, 26.824201270689855 ], [ 85.916236503692858, 26.823740686704809 ], [ 85.916196574165212, 26.823607323575459 ], [ 85.916115464136453, 26.823412588998622 ], [ 85.916059417645272, 26.823030873002836 ], [ 85.916052432518541, 26.822340371597875 ], [ 85.915812355323112, 26.821571438380602 ], [ 85.915606350293331, 26.820191183816519 ], [ 85.915566483719033, 26.820055569654301 ], [ 85.915451324007961, 26.819440936060573 ], [ 85.915328096372093, 26.819209892674508 ], [ 85.915170131063405, 26.818594945213249 ], [ 85.914882366685731, 26.818053489522924 ], [ 85.914590788232829, 26.817706014767623 ], [ 85.914233968498536, 26.817349041247212 ], [ 85.914026626159171, 26.81713986876332 ], [ 85.913922891586481, 26.817005940852198 ], [ 85.913676808638968, 26.816541541892605 ], [ 85.913596387499979, 26.816310748521403 ], [ 85.91328975329759, 26.815694735349439 ], [ 85.913132163011142, 26.8150797887875 ], [ 85.913030680370639, 26.814846620275375 ], [ 85.9129732578985, 26.814539334955157 ], [ 85.912605885379776, 26.813769336027178 ], [ 85.912254942792799, 26.813227377609223 ], [ 85.911898747196233, 26.812935836028998 ], [ 85.911526057815252, 26.812432062430787 ], [ 85.91129684367445, 26.812179893690541 ], [ 85.911192484064657, 26.812082025473103 ], [ 85.911132181925268, 26.811907852368165 ], [ 85.911051761685599, 26.811677059896283 ], [ 85.911120027427046, 26.810454670814806 ], [ 85.911388569441044, 26.809845292928628 ], [ 85.911454060737299, 26.809769113048503 ], [ 85.911684611288308, 26.808931504892882 ], [ 85.911710988752759, 26.808701590170983 ], [ 85.911962908377575, 26.807864169076765 ], [ 85.912095521462447, 26.80763731658692 ], [ 85.912300007517217, 26.807027437771751 ], [ 85.912303322462094, 26.806874014099492 ], [ 85.9121851607743, 26.806412803278704 ], [ 85.911977756380907, 26.806142699121608 ], [ 85.911702044876733, 26.806079699879717 ], [ 85.911186735522108, 26.806262987734158 ], [ 85.910992006341246, 26.806412657586577 ], [ 85.910604115518652, 26.806617257856772 ], [ 85.91015404744536, 26.806744677288123 ], [ 85.909897581687517, 26.806778794420495 ], [ 85.909706357211064, 26.806757043129835 ], [ 85.909452516608951, 26.806676107571832 ], [ 85.909326286097041, 26.806598425804054 ], [ 85.909035644750134, 26.806228390357489 ], [ 85.908912791237185, 26.805997284917396 ], [ 85.908773257777625, 26.805535949089233 ], [ 85.908650152451116, 26.805322903173987 ], [ 85.90884606785346, 26.805116800116821 ], [ 85.909083040548126, 26.804985565710865 ], [ 85.909426872101676, 26.804857334180952 ], [ 85.909666220836641, 26.804613234264764 ], [ 85.909843391421589, 26.804289704275618 ], [ 85.910095312845044, 26.803452284080777 ], [ 85.910584519032057, 26.802483567425952 ], [ 85.910630328405034, 26.802330518775932 ], [ 85.910638336973761, 26.801949240755789 ], [ 85.910498802614882, 26.801487904927569 ], [ 85.910275780388247, 26.800946888112207 ], [ 85.910090811678685, 26.800638662988092 ], [ 85.909903341022073, 26.800425116143856 ], [ 85.909413177943748, 26.799421760742973 ], [ 85.909206335634053, 26.799131344229522 ], [ 85.908758666084395, 26.798128366548895 ], [ 85.908588710855668, 26.797132016060061 ], [ 85.908605474440321, 26.796365021806764 ], [ 85.908568109813075, 26.796134605256498 ], [ 85.908308659165868, 26.795365419326401 ], [ 85.907959219365864, 26.794803215102775 ], [ 85.90811151437407, 26.79465316842942 ], [ 85.90841704239574, 26.79431482730962 ], [ 85.90863264241932, 26.794183406741524 ], [ 85.908825493790857, 26.794128476323749 ], [ 85.909493099952385, 26.793756771713447 ], [ 85.909774692201211, 26.793531109941682 ], [ 85.909907555300947, 26.793304194498489 ], [ 85.909963247454527, 26.792711250141394 ], [ 85.90986589455548, 26.792308847666334 ], [ 85.909701672580582, 26.791998496516726 ], [ 85.909661555991477, 26.791921439786051 ], [ 85.909496895141615, 26.791651711550571 ], [ 85.909251499285233, 26.791187248738254 ], [ 85.909023536117957, 26.790896709915387 ], [ 85.908966299807958, 26.790589423695849 ], [ 85.908949931030918, 26.790359131253695 ], [ 85.908953247774491, 26.790205707581379 ], [ 85.909154355031603, 26.789749252438469 ], [ 85.909141490958916, 26.789347537953859 ], [ 85.908984337748791, 26.788730342157749 ], [ 85.908948285249778, 26.788423118891615 ], [ 85.908941676943982, 26.787734992627577 ], [ 85.908821700400324, 26.787368460986102 ], [ 85.908582686217585, 26.786597275836641 ], [ 85.908567694320766, 26.786290303484691 ], [ 85.908659252811276, 26.785986395163434 ], [ 85.908663942837791, 26.785756291581379 ], [ 85.908544092200827, 26.785371823623734 ], [ 85.908356808605731, 26.785178587337271 ], [ 85.907916185337513, 26.784884106733728 ], [ 85.90760248326967, 26.784628998970106 ], [ 85.907199474643505, 26.784582997139751 ], [ 85.906790648226092, 26.784805531927361 ], [ 85.906366894663904, 26.784723282442485 ], [ 85.905683483607731, 26.784846572132381 ], [ 85.905449951764695, 26.784822194786614 ], [ 85.905387148577631, 26.78478338492971 ], [ 85.905262605216194, 26.784629021453497 ], [ 85.905186499081481, 26.784204245348633 ], [ 85.905020089027119, 26.784029196292408 ], [ 85.904620770368126, 26.783793711096052 ], [ 85.90453947327785, 26.783619412983683 ], [ 85.904585407658203, 26.78344824185541 ], [ 85.904933056884317, 26.783110214603141 ], [ 85.905153158973633, 26.782768938057359 ], [ 85.905094109606409, 26.782538394701021 ], [ 85.904990438886387, 26.782402154602323 ], [ 85.904760285841007, 26.782224353584297 ], [ 85.904591433195606, 26.782164418373156 ], [ 85.904339220387953, 26.782027116161089 ], [ 85.903785043619052, 26.782074726899907 ], [ 85.903526574145189, 26.782223896722655 ], [ 85.903355095444738, 26.782279012403194 ], [ 85.903161556082694, 26.782372251748825 ], [ 85.902990391249773, 26.782425056141165 ], [ 85.902601686529977, 26.782688275896874 ], [ 85.902389403249913, 26.782664087411206 ], [ 85.902326349148666, 26.782625214600955 ], [ 85.902265297864119, 26.782509660981589 ], [ 85.902218820286066, 26.781685796447277 ], [ 85.902178267520014, 26.78158843005815 ], [ 85.901949739571023, 26.781336260418527 ], [ 85.90169721379516, 26.781196645119621 ], [ 85.90110416961204, 26.781072457894425 ], [ 85.900745283208323, 26.780952338356599 ], [ 85.900556374516782, 26.780815471422216 ], [ 85.900351095249448, 26.780466437221833 ], [ 85.900290856063464, 26.78029220206281 ], [ 85.900275678004562, 26.780005540268576 ], [ 85.900155576453415, 26.779659382138163 ], [ 85.899884992951399, 26.779366215461494 ], [ 85.899575917956668, 26.77890131467359 ], [ 85.899540493192717, 26.778557969659687 ], [ 85.899633112897277, 26.778213566129807 ], [ 85.899572875509932, 26.778039393924189 ], [ 85.899324664738344, 26.777710292561267 ], [ 85.899074327941264, 26.777475935129701 ], [ 85.898843112782458, 26.777338756126369 ], [ 85.898656829246647, 26.777104897825097 ], [ 85.898392501511523, 26.776527508347897 ], [ 85.89829408559973, 26.776140917062833 ], [ 85.898190038058772, 26.776045298079566 ], [ 85.897935823333796, 26.775982424744427 ], [ 85.897831275763167, 26.775904867084762 ], [ 85.89768642454203, 26.775709694532281 ], [ 85.897756171486435, 26.775423721627817 ], [ 85.897955027710736, 26.775064257851739 ], [ 85.897949044442043, 26.774317387094698 ], [ 85.897997357560655, 26.77403122712883 ], [ 85.897789661783065, 26.772763773322879 ], [ 85.897629191829367, 26.772302250433256 ], [ 85.897537156691897, 26.771611123991192 ], [ 85.897543100389896, 26.771324587204333 ], [ 85.897657528942489, 26.770926125610629 ], [ 85.897672919244258, 26.770179380760339 ], [ 85.897684743686909, 26.769604120006534 ], [ 85.897700131290605, 26.7688596864445 ], [ 85.897620898171795, 26.768570273587727 ], [ 85.897456362329308, 26.768300483298162 ], [ 85.896957127669509, 26.767775396384934 ], [ 85.896710356731546, 26.767367303824017 ], [ 85.896295421138689, 26.766863217257594 ], [ 85.895531108699231, 26.765778740136568 ], [ 85.894570566090579, 26.764938673201982 ], [ 85.894259302117007, 26.764570701726825 ], [ 85.893549911101957, 26.763926622141184 ], [ 85.893300699371707, 26.763633644324671 ], [ 85.89286307987885, 26.763206050606584 ], [ 85.892468392789624, 26.762758458399674 ], [ 85.892324039799462, 26.762545226322345 ], [ 85.892114760294817, 26.762387924722134 ], [ 85.891865859734082, 26.762169313728464 ], [ 85.891739065339777, 26.76205782240055 ], [ 85.891571028390331, 26.761957204019893 ], [ 85.891238391745674, 26.761589105738665 ], [ 85.891008238700238, 26.76141355575345 ], [ 85.8908397008218, 26.761333247031246 ], [ 85.890545555669803, 26.761175255641888 ], [ 85.890484192316364, 26.761059702921841 ], [ 85.890026949356923, 26.760552990300312 ], [ 85.889755241687453, 26.760318382853882 ], [ 85.889272874035726, 26.760003277825092 ], [ 85.889022536339326, 26.759771232581045 ], [ 85.888854498490502, 26.759670612401806 ], [ 85.888264082161129, 26.759451622788561 ], [ 85.888010242458392, 26.759388685600754 ], [ 85.887497682367609, 26.759495230591995 ], [ 85.887157289867048, 26.759508347377562 ], [ 85.886815083409942, 26.759616270148399 ], [ 85.88664291671904, 26.759709571548115 ], [ 85.886472313070499, 26.759744441422981 ], [ 85.886134985500007, 26.759604134536232 ], [ 85.8856263671899, 26.759539193632349 ], [ 85.884858090486432, 26.759677606521848 ], [ 85.884347096136025, 26.75972546817485 ], [ 85.883941710570241, 26.75979670441626 ], [ 85.883428024513364, 26.759959618759638 ], [ 85.883087131983132, 26.759990798667332 ], [ 85.882830665325969, 26.76006322472756 ], [ 85.882575635804415, 26.760058907924645 ], [ 85.882364477591125, 26.759998659745293 ], [ 85.882281177684206, 26.759900978589371 ], [ 85.882080779102239, 26.759324028886397 ], [ 85.881978171394962, 26.759149479859843 ], [ 85.881897812310001, 26.758918685589322 ], [ 85.881630044622511, 26.758510468920349 ], [ 85.881069193896451, 26.75786976543435 ], [ 85.88092628253861, 26.757579790493878 ], [ 85.880871171354727, 26.757177763041057 ], [ 85.880835497475289, 26.756832231746387 ], [ 85.880925428171338, 26.756605065388953 ], [ 85.881012668060293, 26.756490701588405 ], [ 85.88108235384999, 26.75620472868394 ], [ 85.881011813693021, 26.755515977382856 ], [ 85.8810460108661, 26.754884472284402 ], [ 85.880802179850775, 26.754343267508261 ], [ 85.880475360997423, 26.753706693763718 ], [ 85.880352131562859, 26.753493647848472 ], [ 85.879859151770631, 26.752661651536641 ], [ 85.879718930320621, 26.752258936992689 ], [ 85.879702311528717, 26.752028644550535 ], [ 85.879749998710906, 26.751780853767855 ], [ 85.879903169670342, 26.751572188508248 ], [ 85.880269314598308, 26.751329154302823 ], [ 85.880593589235957, 26.751067745805642 ], [ 85.8807306432318, 26.750610789733685 ], [ 85.880771764376902, 26.750547983848605 ], [ 85.880770456745381, 26.750333565549852 ], [ 85.880767278499206, 26.74988229236908 ], [ 85.880535072274427, 26.749248720601258 ], [ 85.880516721365382, 26.748269309067155 ], [ 85.88047492122314, 26.747982458412821 ], [ 85.880221343226538, 26.747348698684164 ], [ 85.879840029233037, 26.746828989787844 ], [ 85.879500393971682, 26.746483327190447 ], [ 85.879246059635307, 26.74617672536408 ], [ 85.879459598385495, 26.745927939018713 ], [ 85.880844933286994, 26.745104036712348 ], [ 85.881314066340451, 26.744701643230599 ], [ 85.881442305065093, 26.744470292272354 ], [ 85.881316143801882, 26.744008956444191 ], [ 85.881359519577188, 26.743684359844963 ], [ 85.88140257878689, 26.743587681446343 ], [ 85.881594306890406, 26.743415450902717 ], [ 85.88204175160655, 26.743243037794286 ], [ 85.882424764441851, 26.743167050371653 ], [ 85.882573743605803, 26.743186363567986 ], [ 85.882765407856539, 26.743090812934156 ], [ 85.883042688698481, 26.742878587211521 ], [ 85.88361780376016, 26.742689114637528 ], [ 85.884000690688765, 26.742631188538439 ], [ 85.884319837324256, 26.742631443949278 ], [ 85.884894762626516, 26.742498341626742 ], [ 85.885171917561649, 26.742324548940019 ], [ 85.885577562135609, 26.741865160169823 ], [ 85.88553544632714, 26.74167311370212 ], [ 85.885451151756911, 26.741327142633168 ], [ 85.885388103051639, 26.741096537222745 ], [ 85.885388922344873, 26.740751319795606 ], [ 85.885496100467265, 26.740522028312114 ], [ 85.885666832720574, 26.740311238825768 ], [ 85.885794817832959, 26.740233309741143 ], [ 85.885986229370928, 26.740252873851716 ], [ 85.886625148578389, 26.740061590019195 ], [ 85.887050531733621, 26.740024289244673 ], [ 85.887136022418019, 26.739889613987032 ], [ 85.88735025545401, 26.739372352178407 ], [ 85.887478617387387, 26.739122875144631 ], [ 85.887628731510745, 26.738776597402762 ], [ 85.887863392917211, 26.738451257054408 ], [ 85.88816217413563, 26.738124164803537 ], [ 85.88837533516562, 26.73797243187903 ], [ 85.888609367937647, 26.737971999299418 ], [ 85.888673484152264, 26.737934128347206 ], [ 85.888780036338233, 26.737799580795013 ], [ 85.888801910837685, 26.737684779018821 ], [ 85.888568382591984, 26.73747304343317 ], [ 85.888334855245603, 26.737320053239841 ], [ 85.88822906209748, 26.73708907280718 ], [ 85.888336367925262, 26.736744667478604 ], [ 85.888528848771273, 26.736398702705003 ], [ 85.888657527270141, 26.736052297257743 ], [ 85.888679467420957, 26.735765885478315 ], [ 85.88859586623721, 26.735189873780655 ], [ 85.888532565718435, 26.73501563862169 ], [ 85.888426831926381, 26.734843340628004 ], [ 85.888193369332043, 26.73459329611444 ], [ 85.888130445634204, 26.73434462938053 ], [ 85.888109387730026, 26.734247389797531 ], [ 85.888154401192423, 26.733363343634551 ], [ 85.888116059888489, 26.731979841575594 ], [ 85.888202306013397, 26.731633062904734 ], [ 85.888245869749483, 26.731288219600572 ], [ 85.888225253418227, 26.731055552916757 ], [ 85.888289875058547, 26.730767330778122 ], [ 85.888354181032639, 26.730652779016793 ], [ 85.888547232056339, 26.730018026423465 ], [ 85.888718592044711, 26.72967412202388 ], [ 85.888867888673531, 26.729501579411362 ], [ 85.889209666148361, 26.728983006373824 ], [ 85.889445208002769, 26.728463681493167 ], [ 85.88950920190797, 26.72840775011673 ], [ 85.889637438833915, 26.728176336205081 ], [ 85.889978714480378, 26.727831559451602 ], [ 85.890064269017444, 26.727658515010773 ], [ 85.890213689754376, 26.727506219103248 ], [ 85.890427480318067, 26.72716044049173 ], [ 85.890470604279869, 26.726987018330647 ], [ 85.890833567364325, 26.726507006034467 ], [ 85.891153342634254, 26.726220725557823 ], [ 85.891408937836843, 26.726066992514689 ], [ 85.892111094609675, 26.726049881787105 ], [ 85.892409309247739, 26.72583784402525 ], [ 85.892537545274308, 26.725665174606661 ], [ 85.892623981158692, 26.725205591580277 ], [ 85.892581990357655, 26.725031482328063 ], [ 85.892731980372957, 26.724628770482127 ], [ 85.892861035692761, 26.724108569650127 ], [ 85.892863489975127, 26.723303079407515 ], [ 85.892737771184215, 26.722668071403405 ], [ 85.89267547881883, 26.722089998432352 ], [ 85.892697041249392, 26.721975133702756 ], [ 85.892846524040294, 26.721782215780479 ], [ 85.892995757715767, 26.721686352178438 ], [ 85.893187231307706, 26.721687855864786 ], [ 85.893315531187056, 26.72147675251091 ], [ 85.893444273538648, 26.721091913128362 ], [ 85.893444841917699, 26.720805376341502 ], [ 85.893402851116662, 26.720631330042636 ], [ 85.893318302934233, 26.72047721748055 ], [ 85.893148640888342, 26.720322478082721 ], [ 85.893085279214858, 26.720150492157927 ], [ 85.89304416976114, 26.719631225733963 ], [ 85.893023486879144, 26.719495675424412 ], [ 85.893238286495546, 26.71878436792872 ], [ 85.893197365901926, 26.718208669199271 ], [ 85.893049205131831, 26.717939003017875 ], [ 85.89287935422584, 26.717842884004938 ], [ 85.89277324541149, 26.7177653883993 ], [ 85.892603204746024, 26.717746013148883 ], [ 85.892432789058262, 26.717801005620686 ], [ 85.891752065211904, 26.717876986747967 ], [ 85.891518347206727, 26.717818737787979 ], [ 85.89132731248975, 26.717702182310575 ], [ 85.891285070774529, 26.717586816652044 ], [ 85.891306760011162, 26.717356838976741 ], [ 85.891541485270352, 26.717087866181771 ], [ 85.891734343836617, 26.716626847818418 ], [ 85.891820338148023, 26.71637706051439 ], [ 85.891820968581101, 26.716146956033015 ], [ 85.891885464314669, 26.715878917646023 ], [ 85.891907405364805, 26.715590318686452 ], [ 85.891971901098373, 26.715417086284788 ], [ 85.892037466139982, 26.71483995131905 ], [ 85.891974545140158, 26.714494170009573 ], [ 85.891826509377495, 26.714147885972409 ], [ 85.891720589423301, 26.713993647503571 ], [ 85.891635726474021, 26.713936526308316 ], [ 85.891550988532117, 26.713897528490634 ], [ 85.891295521934239, 26.71391583443301 ], [ 85.890913074779974, 26.713876770064644 ], [ 85.890764280878841, 26.713837145411219 ], [ 85.890679418828881, 26.713777899989225 ], [ 85.890658299769939, 26.71366265933807 ], [ 85.890702241226279, 26.713202701289447 ], [ 85.890830793818452, 26.712838173363934 ], [ 85.890831487204878, 26.712605819648388 ], [ 85.890789432551173, 26.712472330612229 ], [ 85.890747316742704, 26.712280285943223 ], [ 85.890066591997027, 26.712430572738697 ], [ 85.889811061546482, 26.712448879580393 ], [ 85.889556411543822, 26.712390505612973 ], [ 85.889386246770243, 26.712314697157751 ], [ 85.888834138469406, 26.711985466290798 ], [ 85.888792274474497, 26.711773047211352 ], [ 85.888603191312143, 26.71096605508103 ], [ 85.888541023054813, 26.710446662750314 ], [ 85.889223572549099, 26.70975704898791 ], [ 85.889287941476539, 26.709583815686926 ], [ 85.889288696917049, 26.709353649151524 ], [ 85.889180975596958, 26.708671395538147 ], [ 85.889079878770701, 26.708027575860001 ], [ 85.889059888375868, 26.707623550986511 ], [ 85.888890983569127, 26.70720027317202 ], [ 85.888530477465054, 26.706777742703991 ], [ 85.88842581477968, 26.70623997608152 ], [ 85.888383509211792, 26.706162921149485 ], [ 85.888213783313176, 26.706084861661452 ], [ 85.888064803249904, 26.706065611418467 ], [ 85.887937574477291, 26.705969867427768 ], [ 85.887852649473984, 26.705854125847623 ], [ 85.88783209339806, 26.705680266610216 ], [ 85.887747796129815, 26.705431412814846 ], [ 85.887663060885927, 26.705295360676985 ], [ 85.887514521496314, 26.705199429624827 ], [ 85.887259241060576, 26.705199738096383 ], [ 85.887089390154529, 26.705159987536206 ], [ 85.886983093379399, 26.70508243077586 ], [ 85.886983722913158, 26.704852265139721 ], [ 85.887091971242967, 26.704219135844198 ], [ 85.887370386144937, 26.703587198166133 ], [ 85.887370827717916, 26.703413525090809 ], [ 85.887307716059297, 26.703182919680444 ], [ 85.887329780318225, 26.702914568325241 ], [ 85.88741502098776, 26.702838515251187 ], [ 85.887542628379947, 26.702857578432713 ], [ 85.887861963875594, 26.702763029656865 ], [ 85.888288162726724, 26.702495623501648 ], [ 85.888671114407316, 26.702381265996394 ], [ 85.88896970406762, 26.702171539522794 ], [ 85.889161496023803, 26.701940625640873 ], [ 85.889289671795041, 26.701711524816119 ], [ 85.889289923608544, 26.701652841477824 ], [ 85.889482026734299, 26.701403867171734 ], [ 85.889312994222109, 26.701057334019026 ], [ 85.888741150037959, 26.700249645804263 ], [ 85.888572243432577, 26.699885051328067 ], [ 85.888381522583131, 26.699673691663975 ], [ 85.888084631764627, 26.699364525836529 ], [ 85.887999581753832, 26.699325465964819 ], [ 85.887405794720848, 26.698806377608946 ], [ 85.886747827620525, 26.698401841014459 ], [ 85.886791958836341, 26.697901323904432 ], [ 85.887090362334504, 26.697596795042784 ], [ 85.887218033579416, 26.697577485443787 ], [ 85.887664473739562, 26.697655424421043 ], [ 85.887855760270043, 26.697616305193321 ], [ 85.88815391195476, 26.697503570985873 ], [ 85.888282022074577, 26.697369209595763 ], [ 85.88845281818061, 26.697081737501662 ], [ 85.888816472852852, 26.696333249742224 ], [ 85.88894533841318, 26.695968721816712 ], [ 85.889137444236894, 26.695681375629306 ], [ 85.889392974687496, 26.695566079219475 ], [ 85.889775737507932, 26.695530712912273 ], [ 85.890031331811201, 26.695433413073886 ], [ 85.890541765876605, 26.695378739865646 ], [ 85.890839791654514, 26.695245694201105 ], [ 85.891074767827831, 26.694879731838 ], [ 85.891183584536691, 26.694016435107642 ], [ 85.891206718103604, 26.69344123820656 ], [ 85.891313520304436, 26.693211947622387 ], [ 85.891441758129702, 26.693039216149771 ], [ 85.891505877941654, 26.692865982848787 ], [ 85.891506381568661, 26.692750868104383 ], [ 85.891401089349529, 26.692404834981346 ], [ 85.891380660079733, 26.692115860100216 ], [ 85.891423659034103, 26.691924440468256 ], [ 85.891594327434689, 26.691772332521566 ], [ 85.892274988327699, 26.691619732639197 ], [ 85.892765685610414, 26.691140660146971 ], [ 85.892956973040214, 26.691065481225564 ], [ 85.893361988979734, 26.690777513598448 ], [ 85.893510907888299, 26.690740332435325 ], [ 85.89421331917265, 26.690511178549912 ], [ 85.894553903231326, 26.690319763414664 ], [ 85.894682204009939, 26.690072538313018 ], [ 85.894768701049031, 26.689669325538091 ], [ 85.895025428513065, 26.68909375631273 ], [ 85.895112114412257, 26.688634112131638 ], [ 85.895071317926693, 26.688114844808354 ], [ 85.89496577659213, 26.687827495023612 ], [ 85.894796492266437, 26.687537267370317 ], [ 85.894839804189019, 26.687345910691761 ], [ 85.895010284628825, 26.687211863169239 ], [ 85.895329680379859, 26.687137624951106 ], [ 85.895903727932193, 26.68719619227528 ], [ 85.896095515391664, 26.687139075576738 ], [ 85.896542081458563, 26.687160580449927 ], [ 85.897052765538774, 26.687047226601351 ], [ 85.897159252972699, 26.68700966771803 ], [ 85.898691995002423, 26.686628978761576 ], [ 85.899010764817035, 26.686687853658043 ], [ 85.899286849544808, 26.686843406953074 ], [ 85.89956369151173, 26.686748544309694 ], [ 85.899691611872129, 26.686670554070361 ], [ 85.900224991543666, 26.686155735752038 ], [ 85.900738316967647, 26.685272947757198 ], [ 85.900866239126685, 26.685158897824181 ], [ 85.90105809043888, 26.68506334808967 ], [ 85.901313433828022, 26.684988545989142 ], [ 85.901505286039537, 26.68485468552808 ], [ 85.901888675695773, 26.684720018364487 ], [ 85.902144457060501, 26.684568597508871 ], [ 85.902463605494688, 26.684453739074684 ], [ 85.902932674695478, 26.684091842600253 ], [ 85.903295258260982, 26.683803562004925 ], [ 85.903871948056405, 26.683056637287848 ], [ 85.903979691859831, 26.682655864405888 ], [ 85.90400251065995, 26.68217540693945 ], [ 85.904599946290716, 26.681525726302027 ], [ 85.904855601748693, 26.681448674967328 ], [ 85.905110629471551, 26.681507048934748 ], [ 85.905237922096887, 26.681623103483162 ], [ 85.90538577259673, 26.681854397783354 ], [ 85.905513442042945, 26.681929829417584 ], [ 85.905704414705895, 26.681987765409417 ], [ 85.906024189975824, 26.681778102788485 ], [ 85.906216796728586, 26.681434386349679 ], [ 85.90632517096509, 26.680801195000129 ], [ 85.906369992869372, 26.680052388876447 ], [ 85.906372634213142, 26.679246898633835 ], [ 85.90630908367956, 26.679131345913788 ], [ 85.906246473849251, 26.678785624859643 ], [ 85.906140868661964, 26.678498273276261 ], [ 85.906035766202308, 26.678131929595565 ], [ 85.905930662843332, 26.677729528019825 ], [ 85.905784449131261, 26.676864227573503 ], [ 85.905764523488472, 26.676518821286209 ], [ 85.905616550679213, 26.676174661475841 ], [ 85.905574684885607, 26.675944244925574 ], [ 85.905639748098906, 26.675579216071071 ], [ 85.905661623497679, 26.675425979460215 ], [ 85.90528213425273, 26.674331009810146 ], [ 85.905049108734715, 26.674042593415379 ], [ 85.904433761069811, 26.673618184238762 ], [ 85.904093996304368, 26.673462129115364 ], [ 85.903966640725685, 26.673348263545847 ], [ 85.903734559508337, 26.672771187036801 ], [ 85.903715703173589, 26.671983568358257 ], [ 85.903546922474959, 26.671542293072946 ], [ 85.903377511343194, 26.671369492351573 ], [ 85.903122798387187, 26.671214127916642 ], [ 85.902952508606177, 26.671194751766905 ], [ 85.902803967417867, 26.671137191696687 ], [ 85.90242214799872, 26.670847648436506 ], [ 85.902337160941329, 26.670808651518144 ], [ 85.902081757296855, 26.670827020413924 ], [ 85.901656751861822, 26.67074926939739 ], [ 85.901486713894371, 26.670671210808678 ], [ 85.901317301863287, 26.670498411886001 ], [ 85.900977161176229, 26.670382978777354 ], [ 85.900807687091117, 26.670286921818501 ], [ 85.900637522317538, 26.670247234211729 ], [ 85.900190452623633, 26.670417524892059 ], [ 85.900062658170043, 26.670418771368873 ], [ 85.899913929020897, 26.670340901640316 ], [ 85.899787010518537, 26.670224847991278 ], [ 85.899617602084788, 26.669916684921134 ], [ 85.899575421524332, 26.669859938748175 ], [ 85.899490433567621, 26.669820940930492 ], [ 85.89906517811778, 26.669743190813335 ], [ 85.898810465161773, 26.66962613440694 ], [ 85.898555249478079, 26.669588071896555 ], [ 85.898215672673416, 26.66941395544967 ], [ 85.897237932101802, 26.669239392033774 ], [ 85.897025901534619, 26.669084276714386 ], [ 85.896878178740224, 26.66868149831771 ], [ 85.896879750775952, 26.668221228200196 ], [ 85.896901313206513, 26.668104113337108 ], [ 85.897029864, 26.6678568873362 ], [ 85.897285709217442, 26.667664848063168 ], [ 85.897498430473092, 26.667646164400537 ], [ 85.897583544336555, 26.667608482308424 ], [ 85.89796718850431, 26.667340702030288 ], [ 85.898095298624128, 26.66720627768683 ], [ 85.89813842168661, 26.667035168612585 ], [ 85.898132673144062, 26.667008045600312 ], [ 85.897970648241937, 26.666266672471636 ], [ 85.898098820415839, 26.666152621639299 ], [ 85.898800541011724, 26.666115200354 ], [ 85.899248049580592, 26.665868228864554 ], [ 85.899695118375178, 26.665697940882239 ], [ 85.899887097392821, 26.665582079690694 ], [ 85.900398220347938, 26.665373918957414 ], [ 85.901164497832099, 26.665183574928903 ], [ 85.901547133846464, 26.665186518448877 ], [ 85.9023136010901, 26.664901368434982 ], [ 85.902632997740454, 26.664824881881998 ], [ 85.903186115093945, 26.664691527745958 ], [ 85.904037190775341, 26.664657482560301 ], [ 85.904292155544852, 26.664715856527721 ], [ 85.90473872161175, 26.664735050112654 ], [ 85.905185475639428, 26.664697936399591 ], [ 85.905589549076979, 26.66458370300245 ], [ 85.90576015362484, 26.664469904882935 ], [ 85.905824398444224, 26.664355353121607 ], [ 85.90580409508118, 26.664009946834369 ], [ 85.905719734859588, 26.663837835902143 ], [ 85.905615386941122, 26.663261697398411 ], [ 85.905449435547041, 26.661996870546943 ], [ 85.905302153426248, 26.661476728171692 ], [ 85.905176683750824, 26.660844033254421 ], [ 85.904903362676293, 26.659979918130205 ], [ 85.904400981247022, 26.657564064345479 ], [ 85.904338873245081, 26.657064920518394 ], [ 85.904318256014506, 26.656854939533275 ], [ 85.904701020633638, 26.656740581128702 ], [ 85.905211577907721, 26.656724152995594 ], [ 85.905424175055316, 26.65668522352729 ], [ 85.905701835416153, 26.6563037629424 ], [ 85.905702589957343, 26.656091719784513 ], [ 85.90566041029615, 26.655976292071898 ], [ 85.905448253822215, 26.655803177482994 ], [ 85.905171915482299, 26.655782987436055 ], [ 85.904938573398738, 26.655668369123987 ], [ 85.904726670536945, 26.655436573894747 ], [ 85.904705612632711, 26.655341644700684 ], [ 85.904641996447765, 26.655264462962521 ], [ 85.904664188412085, 26.654978050283773 ], [ 85.904749867956639, 26.654748511483433 ], [ 85.904942224694537, 26.654461228249431 ], [ 85.905155575483946, 26.65426887331023 ], [ 85.905283747657791, 26.6540983290177 ], [ 85.905326557752062, 26.653983589295592 ], [ 85.905327063177708, 26.653771484083677 ], [ 85.905284881717932, 26.653714800864066 ], [ 85.905136215522191, 26.653636930236132 ], [ 85.904966300763419, 26.653617554086395 ], [ 85.904690027175548, 26.65352068412966 ], [ 85.904435564234348, 26.653347131565113 ], [ 85.903947951667078, 26.652867353995134 ], [ 85.903692985998248, 26.652847351908918 ], [ 85.903373209828942, 26.653133695338965 ], [ 85.903288158019507, 26.653133068503223 ], [ 85.903139617730574, 26.653075508433005 ], [ 85.902969640917775, 26.652959078862409 ], [ 85.902629626137468, 26.652900078958567 ], [ 85.902289546605175, 26.652917758964463 ], [ 85.902076570838005, 26.653031182961058 ], [ 85.90171493157311, 26.653068985563948 ], [ 85.901608883014205, 26.653029799785486 ], [ 85.90141797600262, 26.652838813632513 ], [ 85.901333299215423, 26.652799815814831 ], [ 85.900993094675698, 26.652797184363749 ], [ 85.900822993754787, 26.652759748689107 ], [ 85.900504850775974, 26.652585820203001 ], [ 85.900249761898351, 26.652507135677865 ], [ 85.899613228623878, 26.652141157126721 ], [ 85.899443189757051, 26.652103783506163 ], [ 85.899017869555166, 26.652138835945834 ], [ 85.898486567345003, 26.652060271032099 ], [ 85.89829559648075, 26.651907592907662 ], [ 85.898062632117387, 26.651619241264939 ], [ 85.89799964456688, 26.651447254440768 ], [ 85.89753459808685, 26.650620072263507 ], [ 85.897152969326442, 26.650253847294891 ], [ 85.896983748853529, 26.649965995681839 ], [ 85.896794284373584, 26.649429790303088 ], [ 85.896667492677295, 26.649198621909647 ], [ 85.896264429191774, 26.648908952742659 ], [ 85.896009714437071, 26.648794147369131 ], [ 85.895797307048952, 26.648754146794147 ], [ 85.895564027918795, 26.648601156600819 ], [ 85.895394366772223, 26.648389984897562 ], [ 85.895267575075934, 26.648158878558149 ], [ 85.895204838439554, 26.647928211093699 ], [ 85.89514210540051, 26.64756449256879 ], [ 85.894995010341177, 26.647064659851878 ], [ 85.894825475101356, 26.646873799605657 ], [ 85.894337859836071, 26.646468390657219 ], [ 85.893976849205615, 26.646276088778734 ], [ 85.893722071497564, 26.646235712282135 ], [ 85.893573026682247, 26.646331575884176 ], [ 85.893316804643916, 26.646600359819047 ], [ 85.892975969671056, 26.646827834647979 ], [ 85.892890730800161, 26.646847518369952 ], [ 85.892720628979987, 26.646807832561819 ], [ 85.892530095191944, 26.646616783455443 ], [ 85.892211705795603, 26.646404483987396 ], [ 85.891956740126773, 26.646346047965949 ], [ 85.891276329248626, 26.646343036096596 ], [ 85.891106164475048, 26.646382342385778 ], [ 85.890936062654873, 26.64638096460618 ], [ 85.890851387666316, 26.646341966788555 ], [ 85.89040570204736, 26.646015800851615 ], [ 85.889854849216704, 26.645494776229782 ], [ 85.889642566836017, 26.645341973997233 ], [ 85.889303870479296, 26.644955752338433 ], [ 85.88900703901686, 26.644725579507679 ], [ 85.888837000150033, 26.644685893699545 ], [ 85.888326379922546, 26.644742817940653 ], [ 85.888071413354339, 26.644722752001769 ], [ 85.887689155060229, 26.644625004295051 ], [ 85.887561672675474, 26.644529262103106 ], [ 85.88749868512491, 26.644357277077631 ], [ 85.887499377612073, 26.644127046689448 ], [ 85.887586062611945, 26.643667588670553 ], [ 85.887567269230601, 26.642918280718504 ], [ 85.887525716405207, 26.642669739891346 ], [ 85.88744129412953, 26.642477256347377 ], [ 85.887122902035173, 26.64230332965991 ], [ 85.886782509534612, 26.642379629151435 ], [ 85.886527543865782, 26.642359564111871 ], [ 85.886357692060415, 26.642301815181554 ], [ 85.886102413423373, 26.642281751041367 ], [ 85.885507682089724, 26.642144003658984 ], [ 85.884891014202651, 26.642143680798085 ], [ 85.884424773407147, 26.641738396857079 ], [ 85.884127503069692, 26.64154653295418 ], [ 85.883533085603631, 26.641352290313023 ], [ 85.883087023163739, 26.641197608472567 ], [ 85.882895799586606, 26.641178106416078 ], [ 85.882768694022786, 26.641082302170048 ], [ 85.882663274997583, 26.640813011910154 ], [ 85.882581243151549, 26.639891780986716 ], [ 85.882349346297588, 26.639373261009894 ], [ 85.882054528443859, 26.638547330705478 ], [ 85.881929937417681, 26.637743087839056 ], [ 85.881866824859742, 26.637550853410573 ], [ 85.881824393385102, 26.637494108136934 ], [ 85.881379020734357, 26.637204001893679 ], [ 85.881188237830827, 26.637010765607215 ], [ 85.881103940562582, 26.636838590822265 ], [ 85.881062515442579, 26.636513370085311 ], [ 85.880977904306803, 26.636338947864829 ], [ 85.880405426991558, 26.635955347764479 ], [ 85.879980675168724, 26.635742171445827 ], [ 85.879493121957466, 26.635377321558792 ], [ 85.879153419246052, 26.635259575363307 ], [ 85.878728226749615, 26.635220198026673 ], [ 85.878494257830255, 26.635238566922453 ], [ 85.878387833349734, 26.635276124007135 ], [ 85.878280844087499, 26.635467041810728 ], [ 85.878301962247065, 26.63558234451591 ], [ 85.878576982163452, 26.63592969336446 ], [ 85.878661467392533, 26.636083805926546 ], [ 85.878681772554216, 26.636314097469381 ], [ 85.87863883655325, 26.636467209072805 ], [ 85.878425296903686, 26.636772364770195 ], [ 85.87812676929741, 26.637002401801567 ], [ 85.877871300001573, 26.637097452405726 ], [ 85.877765002327124, 26.63705820277454 ], [ 85.877405309220876, 26.636615361748852 ], [ 85.877235335106093, 26.636537303160139 ], [ 85.876980181476483, 26.636537548678291 ], [ 85.876810452879852, 26.636497862870158 ], [ 85.876640163098841, 26.636516857702304 ], [ 85.876448436794078, 26.636612408336191 ], [ 85.876128473563313, 26.636880566334582 ], [ 85.875957805162727, 26.637071047061909 ], [ 85.875787511784381, 26.637184783127395 ], [ 85.875447055431152, 26.63724071000712 ], [ 85.875149658287683, 26.637163898794597 ], [ 85.874937442457679, 26.63700878347521 ], [ 85.87485307953807, 26.636874981470839 ], [ 85.874790345599706, 26.636587943754989 ], [ 85.874790786273309, 26.636414210424334 ], [ 85.874727796924105, 26.63624222449954 ], [ 85.874600693158925, 26.636049427987359 ], [ 85.874325235266951, 26.6358193810633 ], [ 85.87426218476304, 26.63558871269953 ], [ 85.874263189319038, 26.635358609117475 ], [ 85.874498605266695, 26.634900153855881 ], [ 85.874478175996899, 26.634687922737271 ], [ 85.874393690767818, 26.634533810175185 ], [ 85.874181659301314, 26.634360634431573 ], [ 85.874011619535167, 26.634323197857611 ], [ 85.87350118636914, 26.634398118670219 ], [ 85.873224596215664, 26.634472670755883 ], [ 85.872576991241033, 26.634618709097822 ], [ 85.872522872022444, 26.634631770124656 ], [ 85.872088866053389, 26.634725379096551 ], [ 85.871859586261223, 26.634585949959728 ], [ 85.871820844753699, 26.634470521347794 ], [ 85.871853550831133, 26.633439677804972 ], [ 85.87169989333205, 26.632919471576997 ], [ 85.871620344547011, 26.6327451114106 ], [ 85.871213974210548, 26.632162032746862 ], [ 85.870167637841973, 26.630987182457488 ], [ 85.869923802329993, 26.630635522201999 ], [ 85.869807324195335, 26.630289364071587 ], [ 85.869701790055387, 26.629598048769424 ], [ 85.869606311368273, 26.629252077700414 ], [ 85.869488019277014, 26.628962352774806 ], [ 85.869265994411762, 26.62859506839078 ], [ 85.869142264048207, 26.628476764608195 ], [ 85.868806497721494, 26.628352207756734 ], [ 85.868126462764906, 26.628351321912817 ], [ 85.867441237752189, 26.628524107345527 ], [ 85.866928615607321, 26.628605778558665 ], [ 85.866164655706768, 26.628583891468566 ], [ 85.86599230105503, 26.628654758083712 ], [ 85.865351822402545, 26.628751175675518 ], [ 85.864906819378007, 26.628720546160139 ], [ 85.864653853827861, 26.628655422691509 ], [ 85.863900022226119, 26.628310878865534 ], [ 85.863337793720461, 26.62795215164391 ], [ 85.862965786034579, 26.62761748700126 ], [ 85.862843869627568, 26.627440500779755 ], [ 85.862524488265933, 26.626801676901664 ], [ 85.86246806315512, 26.626571071491298 ], [ 85.86247350322617, 26.626399650348219 ], [ 85.862611428676644, 26.626059995301489 ], [ 85.862833031754292, 26.625779774536909 ], [ 85.862875467725587, 26.625547671735546 ], [ 85.863020264087368, 26.625345753279191 ], [ 85.863153252194536, 26.625159585757444 ], [ 85.863405673647662, 26.624322228516007 ], [ 85.863355942279384, 26.623708094951951 ], [ 85.863223100763662, 26.623016591688952 ], [ 85.863005330647297, 26.622322152100651 ], [ 85.862783745556328, 26.621783382720821 ], [ 85.862546605585521, 26.621012074362625 ], [ 85.862426066058788, 26.620701975026577 ], [ 85.862323394498787, 26.620547736557739 ], [ 85.862265158129446, 26.620317132046694 ], [ 85.862153375417279, 26.619625816744531 ], [ 85.86203646380369, 26.619164543869658 ], [ 85.862029101856024, 26.618550786227217 ], [ 85.862074161184466, 26.618436048303749 ], [ 85.86199236226588, 26.618300057320539 ], [ 85.861759392506599, 26.618277868054236 ], [ 85.861439997654884, 26.618309172969361 ], [ 85.860842886683656, 26.618430714354133 ], [ 85.860141603164095, 26.618456699708986 ], [ 85.85994956658908, 26.618491255716322 ], [ 85.859632108902701, 26.618445816868984 ], [ 85.858867709227809, 26.618450990737131 ], [ 85.857973013152332, 26.61858596367432 ], [ 85.856370090699215, 26.619033396699137 ], [ 85.855859218658225, 26.619099193768875 ], [ 85.855287047116462, 26.619049501971347 ], [ 85.85478024186358, 26.618925878628488 ], [ 85.854592581447491, 26.618768639981681 ], [ 85.854510783428282, 26.618632588743139 ], [ 85.854477982920798, 26.618210375739977 ], [ 85.854636909617454, 26.617753607628856 ], [ 85.854640724592002, 26.617600246010625 ], [ 85.854582050247075, 26.617369640600259 ], [ 85.854354274141258, 26.617117346852524 ], [ 85.854018696674643, 26.616938606929864 ], [ 85.853577821592921, 26.616718494048541 ], [ 85.852761628377095, 26.616186154007039 ], [ 85.852431243664626, 26.615777371656975 ], [ 85.852082238242929, 26.615253351353772 ], [ 85.851940701067349, 26.614943064056945 ], [ 85.851903460548215, 26.614712583653954 ], [ 85.851827292359474, 26.614328429563841 ], [ 85.851633771883428, 26.613501063023136 ], [ 85.851513544425586, 26.61319321382058 ], [ 85.851166227053682, 26.612592511808941 ], [ 85.850931589929246, 26.611706024853618 ], [ 85.850815804281751, 26.611206443050946 ], [ 85.850718324576576, 26.610822163953401 ], [ 85.850810130383877, 26.610518316786909 ], [ 85.850898560091593, 26.61036558200442 ], [ 85.851115535196811, 26.61015972896206 ], [ 85.851351881955054, 26.610030869697084 ], [ 85.851523111540018, 26.609975753117169 ], [ 85.851779016113539, 26.609923699668684 ], [ 85.852118781778302, 26.609930954595598 ], [ 85.852875988580308, 26.610232628071969 ], [ 85.853273494182076, 26.61048861178682 ], [ 85.854033764115457, 26.610677419753017 ], [ 85.854203991842439, 26.61066073710839 ], [ 85.854375408488863, 26.610587683313099 ], [ 85.854526515476891, 26.610476070575032 ], [ 85.854615444314959, 26.610305275368376 ], [ 85.85461882221324, 26.610151851696116 ], [ 85.854500282805191, 26.609767385537111 ], [ 85.854335184879005, 26.609553962800987 ], [ 85.853940431239096, 26.609180740114994 ], [ 85.85382327051002, 26.608719468139498 ], [ 85.853828712379652, 26.60848942571215 ], [ 85.853939827786064, 26.608262386160789 ], [ 85.8540546943143, 26.607881984091932 ], [ 85.854058134266609, 26.607728560419673 ], [ 85.854125503372074, 26.607577949863924 ], [ 85.854155384641615, 26.607194610570389 ], [ 85.854084656523867, 26.606580351998957 ], [ 85.853849643477815, 26.605732298978921 ], [ 85.853483829504796, 26.605036667773163 ], [ 85.85296309716648, 26.604585698567291 ], [ 85.852503288407263, 26.604284156393646 ], [ 85.852580158975854, 26.604065923120288 ], [ 85.852690335477575, 26.603778011251848 ], [ 85.852796829206852, 26.603514855348806 ], [ 85.852904067584575, 26.603204382789158 ], [ 85.852904078376582, 26.603204354909792 ], [ 85.853072743960524, 26.602776987823859 ], [ 85.853105618213363, 26.602691559193488 ], [ 85.853224171111435, 26.602381090231177 ], [ 85.853274437583366, 26.602202048132256 ], [ 85.853313921940696, 26.602061434572647 ], [ 85.85331417285488, 26.602060914757658 ], [ 85.853402283299033, 26.601883950120111 ], [ 85.853416338989177, 26.601842581658218 ], [ 85.853523602548307, 26.60153083833967 ], [ 85.853536086202723, 26.601494610470525 ], [ 85.853601114341984, 26.601321696433104 ], [ 85.853687522347002, 26.601091964275952 ], [ 85.853732940509644, 26.60094206689206 ], [ 85.853768006439338, 26.600826363983288 ], [ 85.853919555899665, 26.600414657898568 ], [ 85.854008765329922, 26.600151400370805 ], [ 85.854133674720288, 26.599800402924473 ], [ 85.854320030202814, 26.599359687924164 ], [ 85.854347465283979, 26.599220013269189 ], [ 85.854463199669453, 26.598909549702853 ], [ 85.854487452007845, 26.598850136105398 ], [ 85.854596324475381, 26.598583459309964 ], [ 85.854650565104009, 26.598365099230534 ], [ 85.854650585788704, 26.598365033579171 ], [ 85.854757302552741, 26.598077067750694 ], [ 85.8548284272768, 26.597899393538682 ], [ 85.85493529422962, 26.597595672278942 ], [ 85.85505072553957, 26.597310014141385 ], [ 85.855055719540928, 26.597297656393664 ], [ 85.855056074777849, 26.597296766053091 ], [ 85.855060722535654, 26.597285265370658 ], [ 85.855142579011613, 26.597076191813471 ], [ 85.855157608680429, 26.597037870294912 ], [ 85.855256466165145, 26.596686692082415 ], [ 85.855398138240844, 26.596353865678338 ], [ 85.855409769326684, 26.596318035314823 ], [ 85.855461006179951, 26.596160311027631 ], [ 85.855536416230223, 26.595950150175725 ], [ 85.855558691832584, 26.59588809613382 ], [ 85.855692768133792, 26.595498835625619 ], [ 85.855740518269386, 26.595351777438964 ], [ 85.855808980964923, 26.595141096772011 ], [ 85.855959527667949, 26.594792566198691 ], [ 85.855959554647939, 26.594792486157928 ], [ 85.856013808766591, 26.594574059527758 ], [ 85.856158338026205, 26.594173591520018 ], [ 85.856258611062572, 26.593946645499443 ], [ 85.856262695837358, 26.593937525353908 ], [ 85.856308442256875, 26.593813785097723 ], [ 85.856440927636356, 26.5934560750228 ], [ 85.856512489436682, 26.593231093147551 ], [ 85.856610546514219, 26.59292949701387 ], [ 85.85668172879565, 26.592742762911769 ], [ 85.856780032290715, 26.592447974736046 ], [ 85.856950680006605, 26.592070275165668 ], [ 85.856950742060633, 26.592070082708176 ], [ 85.856966018146977, 26.592036582518915 ], [ 85.857126173333768, 26.59152623209161 ], [ 85.857127087057052, 26.591523399189668 ], [ 85.857269144946997, 26.59118157584885 ], [ 85.857305182157347, 26.591026240192605 ], [ 85.857305200144026, 26.591026179037897 ], [ 85.857403110630116, 26.590769759146099 ], [ 85.857491545733865, 26.590583166239412 ], [ 85.85756310843351, 26.590358115115407 ], [ 85.857616733018403, 26.59020285500327 ], [ 85.857616937167165, 26.59020057339302 ], [ 85.857645096212195, 26.589968404940237 ], [ 85.857641092377492, 26.589930033059034 ], [ 85.857637099334795, 26.589891662077093 ], [ 85.857577546340565, 26.589789607460204 ], [ 85.857483687353863, 26.589639931312433 ], [ 85.857475018673995, 26.589639868359086 ], [ 85.857279311917182, 26.589382492475238 ], [ 85.857278282179834, 26.589381076923644 ], [ 85.857107641658615, 26.589122495032996 ], [ 85.857107624571256, 26.589122470751022 ], [ 85.856928161584051, 26.588872860615766 ], [ 85.856671694027511, 26.588543635144788 ], [ 85.85644966736362, 26.588221415485179 ], [ 85.856218889281081, 26.587894692860573 ], [ 85.856218873992418, 26.587894672175878 ], [ 85.856005239013484, 26.58757933601828 ], [ 85.85573190624757, 26.587211620853282 ], [ 85.855731890958907, 26.587211600168587 ], [ 85.855492133926305, 26.586907331214434 ], [ 85.855346968837637, 26.586709845575115 ], [ 85.855252894010732, 26.586578226254233 ], [ 85.855252855339415, 26.5865781704955 ], [ 85.855065139164651, 26.586310438781368 ], [ 85.854706074692842, 26.585824726506701 ], [ 85.854227087637355, 26.585191344498298 ], [ 85.853859583815847, 26.584673940594939 ], [ 85.853756695516381, 26.584544755770992 ], [ 85.853671497115499, 26.584437771904788 ], [ 85.853526010065252, 26.584242542694255 ], [ 85.853398033046858, 26.584054238355122 ], [ 85.853315713413906, 26.583929293890719 ], [ 85.853253080200943, 26.583834219903849 ], [ 85.853253060415625, 26.583834192024483 ], [ 85.853214234370739, 26.583792399976289 ], [ 85.853111578099401, 26.583681891620301 ], [ 85.853004469225709, 26.583568217608899 ], [ 85.852842513572341, 26.58329389737429 ], [ 85.852568875032887, 26.582926166021309 ], [ 85.852568855247569, 26.582926139041319 ], [ 85.852235803110659, 26.582447391208689 ], [ 85.852235782425964, 26.582447363329322 ], [ 85.852030565212715, 26.58217269595184 ], [ 85.851868460269941, 26.581945777810574 ], [ 85.851654501530788, 26.58166423592445 ], [ 85.851591169535311, 26.581575736968034 ], [ 85.851591137159289, 26.581575692001365 ], [ 85.851458050125416, 26.581389663876394 ], [ 85.851090302584453, 26.580897071697052 ], [ 85.851090282799078, 26.580897042918366 ], [ 85.85091137200294, 26.580629378654294 ], [ 85.850654851385684, 26.580277593391429 ], [ 85.850415701403563, 26.579941683171228 ], [ 85.850227664166539, 26.579673949658456 ], [ 85.849979771759138, 26.579337980082244 ], [ 85.8497064398926, 26.57897026042059 ], [ 85.849441380099563, 26.578593567204848 ], [ 85.849441359414925, 26.578593537526842 ], [ 85.848894884541892, 26.577817472591448 ], [ 85.848698171430385, 26.577567676294052 ], [ 85.848694613665316, 26.577563153543679 ], [ 85.848450396835688, 26.577222766439149 ], [ 85.848450368057001, 26.577222729566472 ], [ 85.848287512170373, 26.577040900431655 ], [ 85.84822405516752, 26.576932243804322 ], [ 85.848210744125879, 26.576909417809532 ], [ 85.848293368632994, 26.576456583385095 ], [ 85.848323811986234, 26.576014558954569 ], [ 85.848352505235596, 26.575748526981613 ], [ 85.84836377568854, 26.575468844018758 ], [ 85.848382888333447, 26.575313313207062 ], [ 85.848438073262741, 26.574970786587073 ], [ 85.848459136562951, 26.574621246061668 ], [ 85.848488447654745, 26.574262718492264 ], [ 85.848509142228068, 26.573951500384737 ], [ 85.848537889437466, 26.573647153188574 ], [ 85.848537892135482, 26.573647126208527 ], [ 85.848557548877409, 26.573437442902957 ], [ 85.848577211914687, 26.573196189378677 ], [ 85.848596335351601, 26.573009051475651 ], [ 85.848596338948937, 26.573009023596285 ], [ 85.848633651414787, 26.572761172558273 ], [ 85.84863590694431, 26.572533282237032 ], [ 85.848635908743006, 26.572533255256985 ], [ 85.848664655053085, 26.572231161791649 ], [ 85.848675467745011, 26.572028178523908 ], [ 85.848713005943694, 26.571755467197761 ], [ 85.848714945807046, 26.571561435900094 ], [ 85.848751538805743, 26.571351891091922 ], [ 85.848751542403079, 26.571351862313236 ], [ 85.848777784068147, 26.570891808935187 ], [ 85.848802370059389, 26.57059642899776 ], [ 85.848839830016004, 26.57033273709169 ], [ 85.848853147352997, 26.570107145468 ], [ 85.848860616321417, 26.569980925748098 ], [ 85.848867928805646, 26.569917163871025 ], [ 85.848889110817993, 26.569732947004638 ], [ 85.848916563885837, 26.569505886768638 ], [ 85.848926745245365, 26.569421851206528 ], [ 85.848926772225411, 26.569421442908947 ], [ 85.848983699164535, 26.5689304506447 ], [ 85.849183406158716, 26.568877909757248 ], [ 85.849391324971123, 26.568879594209704 ], [ 85.849703404640536, 26.568850540327389 ], [ 85.849903253729508, 26.568782181954589 ], [ 85.850182345829978, 26.568597197056988 ], [ 85.850434939055845, 26.568522583816616 ], [ 85.850759297331592, 26.568509229606946 ], [ 85.850803647085513, 26.568507410254369 ], [ 85.850964059481839, 26.568499875634586 ], [ 85.851172405477882, 26.568490098075983 ], [ 85.851351443080091, 26.568491539708305 ], [ 85.851583915507774, 26.568552723194955 ], [ 85.851687454025694, 26.568579977510012 ], [ 85.851831980587292, 26.568632508504834 ], [ 85.851928676972591, 26.568667655374554 ], [ 85.851928703952581, 26.568667667965258 ], [ 85.852221920991951, 26.568830227071714 ], [ 85.852302477031003, 26.568931048701756 ], [ 85.852336226335808, 26.568973301208985 ], [ 85.852336242523791, 26.568973323692319 ], [ 85.85247065697456, 26.569238369095956 ], [ 85.852542077579471, 26.569466847581623 ], [ 85.852581192310538, 26.569760481911885 ], [ 85.852581191411218, 26.569760507992555 ], [ 85.852611215674813, 26.569852584499415 ], [ 85.85265272982889, 26.569979924789436 ], [ 85.852755941888574, 26.570197363051591 ], [ 85.852849243288233, 26.570340265416064 ], [ 85.85290418000136, 26.570416057683246 ], [ 85.852905788909766, 26.570418277239412 ], [ 85.853015366455111, 26.570569504738216 ], [ 85.853129974874491, 26.570683247998375 ], [ 85.853319111097562, 26.570756910642785 ], [ 85.85345525946417, 26.570809952459285 ], [ 85.85367692099851, 26.570823267098262 ], [ 85.85380226027047, 26.570830799919349 ], [ 85.853981170167287, 26.570852559304058 ], [ 85.854240824063993, 26.570886247454098 ], [ 85.854429832581616, 26.570931091841715 ], [ 85.8544670982821, 26.570939937690355 ], [ 85.854643575480623, 26.571013557166737 ], [ 85.854957446623246, 26.571149218993696 ], [ 85.854957475401932, 26.571149234282359 ], [ 85.855143032275919, 26.571317668737436 ], [ 85.855309736412494, 26.571497059777926 ], [ 85.855318354729604, 26.571506334608841 ], [ 85.85531837361566, 26.571506356192856 ], [ 85.85549345234989, 26.571719881453078 ], [ 85.855581248027136, 26.571817563508375 ], [ 85.85558126871183, 26.57181758419307 ], [ 85.855678866229766, 26.571906366439691 ], [ 85.855865397981688, 26.571980051567436 ], [ 85.855919325642105, 26.57199742579985 ], [ 85.855973257799235, 26.572014800931584 ], [ 85.856139756887671, 26.572043053507286 ], [ 85.856140480851479, 26.572043202796749 ], [ 85.856406076647488, 26.572081431683898 ], [ 85.85673102758426, 26.572084055040989 ], [ 85.856736948798925, 26.57208330679515 ], [ 85.856932392050908, 26.572058991503411 ], [ 85.856969538139992, 26.572054373423612 ], [ 85.857007056553357, 26.572050190621439 ], [ 85.857204782314852, 26.572006635878722 ], [ 85.857412255956945, 26.571929332730519 ], [ 85.857689280488728, 26.571798412192095 ], [ 85.857987382710007, 26.571561630156225 ], [ 85.858077245056677, 26.571420202699358 ], [ 85.85824716790944, 26.57117560994817 ], [ 85.858247228164828, 26.571175420188752 ], [ 85.858318093880655, 26.570979870815336 ], [ 85.858318688340432, 26.570922348517172 ], [ 85.858319283699473, 26.570864819024337 ], [ 85.858262613070565, 26.570598097262177 ], [ 85.858186090544223, 26.570376378170465 ], [ 85.858175588122435, 26.570302588719983 ], [ 85.858149508337476, 26.570118883574594 ], [ 85.858102390433658, 26.569897347047629 ], [ 85.858007241802113, 26.569560401694105 ], [ 85.857901454949342, 26.569284277395639 ], [ 85.857873629557218, 26.569117089417432 ], [ 85.857874658395247, 26.568997507681331 ], [ 85.858018814431261, 26.56888358905104 ], [ 85.858353266831102, 26.568921243263844 ], [ 85.858661557606638, 26.569114375227571 ], [ 85.858880870080725, 26.569285963646792 ], [ 85.858935424576885, 26.569328652330967 ], [ 85.858935446160899, 26.569328672116285 ], [ 85.859032969933423, 26.569426466588311 ], [ 85.859228253103993, 26.569597261795025 ], [ 85.859501835884714, 26.569811554187027 ], [ 85.859989863944293, 26.570257698466321 ], [ 85.859989888226323, 26.570257713754984 ], [ 85.860294030374348, 26.570393266762551 ], [ 85.860460758792954, 26.57046682868156 ], [ 85.860675952317592, 26.570513585952483 ], [ 85.860794747136481, 26.570539412125243 ], [ 85.860951815809244, 26.570610637574646 ], [ 85.861246025713228, 26.570737070436735 ], [ 85.861598723800057, 26.570945242861285 ], [ 85.861705956781805, 26.571043111978042 ], [ 85.861755749304791, 26.571084683689435 ], [ 85.861823248813721, 26.571141051242876 ], [ 85.861910468017925, 26.571253615476223 ], [ 85.861988599452673, 26.571354463186992 ], [ 85.861988627332039, 26.571354482972311 ], [ 85.862125075176834, 26.571479645974819 ], [ 85.862125094962209, 26.571479662162858 ], [ 85.862370205729746, 26.571623776829483 ], [ 85.86247740093944, 26.571661856427227 ], [ 85.862831543356606, 26.571787750588214 ], [ 85.863440391535107, 26.571977550519762 ], [ 85.863823227201635, 26.572086646022058 ], [ 85.863965294984212, 26.572147637051273 ], [ 85.864117738382504, 26.572213109461472 ], [ 85.864245121840497, 26.572303693073991 ], [ 85.864332695382302, 26.572365979144024 ], [ 85.86460616035032, 26.572625392918553 ], [ 85.864840188625692, 26.572875443727412 ], [ 85.864995791384104, 26.573061735357214 ], [ 85.865037134664703, 26.573137970996015 ], [ 85.865082996199021, 26.573222610011214 ], [ 85.86525941943745, 26.573471683244065 ], [ 85.865296744494003, 26.573524384212988 ], [ 85.865296765178698, 26.573524409394338 ], [ 85.865433034056025, 26.573667625626399 ], [ 85.86543305564004, 26.573667644512398 ], [ 85.865628629295486, 26.57381136077413 ], [ 85.865756391373054, 26.57386426679119 ], [ 85.866138536351116, 26.574045561721618 ], [ 85.866535299103077, 26.574203598976965 ], [ 85.8666587344851, 26.574252781751511 ], [ 85.86705117863545, 26.574407086771089 ], [ 85.867375259016967, 26.574497709954244 ], [ 85.867540098834297, 26.574602918535334 ], [ 85.867600654585829, 26.57464158270011 ], [ 85.867894115344654, 26.574846998666146 ], [ 85.868089774436783, 26.574981679319762 ], [ 85.868421853494397, 26.575277658213622 ], [ 85.868593300718146, 26.575494414780678 ], [ 85.868703804577478, 26.575634130805042 ], [ 85.868781607755352, 26.57575886932193 ], [ 85.869013035156968, 26.576245503413872 ], [ 85.869022875668918, 26.576266199785834 ], [ 85.869099488128654, 26.5764788733768 ], [ 85.869099578062048, 26.576479949879513 ], [ 85.869116607849548, 26.576748419946853 ], [ 85.869116602453573, 26.576748981131232 ], [ 85.869093349275204, 26.577106124625743 ], [ 85.869041918165806, 26.577329079402261 ], [ 85.869041910071758, 26.577329107281628 ], [ 85.868980795833863, 26.577513592149558 ], [ 85.868963859577093, 26.577611068257397 ], [ 85.868939259196452, 26.577752457942211 ], [ 85.8689372644738, 26.577955514055986 ], [ 85.868973377228144, 26.578095532256555 ], [ 85.869003716258646, 26.57821327845204 ], [ 85.869086902849517, 26.578341515377986 ], [ 85.869119939881784, 26.578392450055048 ], [ 85.869413715407518, 26.578597875913772 ], [ 85.86953887391337, 26.578655289392543 ], [ 85.869648861554992, 26.578705753717941 ], [ 85.869719467363325, 26.578760128347312 ], [ 85.869776162274263, 26.578803801802167 ], [ 85.869856264149689, 26.578853915387356 ], [ 85.869991616605773, 26.578938629047229 ], [ 85.870195704255593, 26.57920649746012 ], [ 85.870195721342952, 26.579206522641471 ], [ 85.87029246269492, 26.579383259747488 ], [ 85.870501687340209, 26.579655684186093 ], [ 85.870501751192933, 26.579655715662796 ], [ 85.870506423232769, 26.579669235349911 ], [ 85.870604330121523, 26.579706032497427 ], [ 85.870604551357701, 26.5797061404175 ], [ 85.870742385975461, 26.5797252926331 ], [ 85.870959925862337, 26.579645807700786 ], [ 85.871073128622811, 26.579566617749947 ], [ 85.871148160053451, 26.579514141614538 ], [ 85.87135648446548, 26.579382668885046 ], [ 85.871356506049494, 26.579382654495703 ], [ 85.871574979445029, 26.579208419336737 ], [ 85.871676504354241, 26.579076855774531 ], [ 85.871744611812915, 26.578988630215633 ], [ 85.871825002374521, 26.578820042873815 ], [ 85.871825017663184, 26.57882002218912 ], [ 85.872003933855353, 26.578654539348008 ], [ 85.872171976200832, 26.578592674166259 ], [ 85.872368386236815, 26.578648360024545 ], [ 85.872578050656386, 26.578701906367371 ], [ 85.873050477070763, 26.578956096810316 ], [ 85.873603330919423, 26.579386938922596 ], [ 85.873846414588229, 26.579835590544917 ], [ 85.874070216537405, 26.580051428892034 ], [ 85.874214412144113, 26.580190504590576 ], [ 85.874350058682353, 26.580267231265736 ], [ 85.874481447773746, 26.580341547725936 ], [ 85.875033986855556, 26.580808458525212 ], [ 85.875382307884081, 26.581052635784147 ], [ 85.875628462778309, 26.581221620631595 ], [ 85.875813436883902, 26.581297492040164 ], [ 85.876184011031512, 26.581374866235706 ], [ 85.876184083877547, 26.581374865336386 ], [ 85.876185438274433, 26.58137498045113 ], [ 85.876185554288554, 26.581374991243138 ], [ 85.87648710725415, 26.581402042308753 ], [ 85.876543525170291, 26.581409307128297 ], [ 85.877235368381491, 26.581493748290029 ], [ 85.877557706753123, 26.581541039765284 ], [ 85.87777130306074, 26.581572387848439 ], [ 85.877994786645615, 26.581621709120441 ], [ 85.878121251883726, 26.581649617251287 ], [ 85.878429391571103, 26.581800991341481 ], [ 85.878716105526735, 26.582026600951849 ], [ 85.878940371532167, 26.58228783947493 ], [ 85.879061916514274, 26.582530245945293 ], [ 85.879140774610846, 26.582900904630264 ], [ 85.879097338580209, 26.583142007965762 ], [ 85.879130808192144, 26.583275274866423 ], [ 85.87917678394183, 26.583458500666779 ], [ 85.879224043041063, 26.583552803025157 ], [ 85.879289113449033, 26.583682775665579 ], [ 85.879292767442848, 26.583689935263067 ], [ 85.879293716240113, 26.583691827461678 ], [ 85.879293965355657, 26.58369228252468 ], [ 85.879298362199279, 26.583700899043151 ], [ 85.879379406576675, 26.583848194653967 ], [ 85.879688060683122, 26.583945382974946 ], [ 85.880038759550587, 26.583948141232099 ], [ 85.88057514029947, 26.583952362705645 ], [ 85.881008821608987, 26.583935466918888 ], [ 85.881421802949205, 26.58392065848625 ], [ 85.881897464267752, 26.583813832902763 ], [ 85.881897824900705, 26.583813753761376 ], [ 85.882310650656109, 26.583742632634653 ], [ 85.88235848802708, 26.58371253822304 ], [ 85.882369722506667, 26.583705476652938 ], [ 85.882521796278695, 26.583610016851765 ], [ 85.88260167781732, 26.583559905964592 ], [ 85.883017066674483, 26.58326531294432 ], [ 85.883329156236584, 26.583008278807426 ], [ 85.883433670531815, 26.58297773023213 ], [ 85.883577355316845, 26.582935753820436 ], [ 85.883814484495645, 26.582918777992973 ], [ 85.88403187869045, 26.582903238401855 ], [ 85.88430065632997, 26.582848934819822 ], [ 85.884715224994579, 26.582667141658419 ], [ 85.885129994210672, 26.582465051429267 ], [ 85.885337150387898, 26.58235611960572 ], [ 85.885768128299617, 26.582618968835845 ], [ 85.885930756654773, 26.582861646005767 ], [ 85.885930779138107, 26.582861676583093 ], [ 85.886094294236557, 26.583047976306887 ], [ 85.886279616384343, 26.583087783525116 ], [ 85.886707973636987, 26.583162975936546 ], [ 85.886938799384154, 26.583203510715919 ], [ 85.886938824565505, 26.583203507118583 ], [ 85.887293971538668, 26.5832062761678 ], [ 85.887413420173345, 26.583207207877763 ], [ 85.887462548987855, 26.583211179336445 ], [ 85.887660704631003, 26.583227209064603 ], [ 85.887905473651642, 26.583544995007856 ], [ 85.887920452058438, 26.583682750484229 ], [ 85.888056839647845, 26.584956402499643 ], [ 85.888075388410357, 26.585168689377042 ], [ 85.888094099053035, 26.585383148145866 ], [ 85.888111464292081, 26.58569917589125 ], [ 85.888210196769421, 26.586162509140138 ], [ 85.888493142515813, 26.586778465654106 ], [ 85.888797905204285, 26.58728173742395 ], [ 85.889124849964389, 26.587636271950714 ], [ 85.889512472785498, 26.588104106365961 ], [ 85.889530844379237, 26.588345661167068 ], [ 85.889627257474331, 26.589014284475297 ], [ 85.889602941283272, 26.589422496647614 ], [ 85.889602954773295, 26.589422524526981 ], [ 85.889865956890219, 26.589961579894975 ], [ 85.889929959788788, 26.590100341726043 ], [ 85.890209524938882, 26.590706610614745 ], [ 85.890510636331555, 26.591290316114282 ], [ 85.890574145495805, 26.591413461011427 ], [ 85.890938516037863, 26.592178898517659 ], [ 85.890938530427206, 26.59217892279969 ], [ 85.891263900453566, 26.592662053985919 ], [ 85.891219591169659, 26.592995645723192 ], [ 85.890964793676233, 26.593717952073007 ], [ 85.891038231487187, 26.593853451120481 ], [ 85.891045847046996, 26.593867504112666 ], [ 85.891538799859234, 26.594421952480388 ], [ 85.891557953873473, 26.594443494226255 ], [ 85.891558050102219, 26.594443567971666 ], [ 85.891576885752272, 26.594465077341511 ], [ 85.892124666458187, 26.594873671730795 ], [ 85.892130086743862, 26.594877786183531 ], [ 85.892579738425468, 26.594933686982642 ], [ 85.892769030233296, 26.594957241437896 ], [ 85.893188135138359, 26.594960476342067 ], [ 85.893718594672578, 26.59496460068749 ], [ 85.893925192363383, 26.594948144675072 ], [ 85.895046063730319, 26.594268662808872 ], [ 85.895876579738513, 26.593738096253901 ], [ 85.896309960670521, 26.593759533677087 ], [ 85.896677791849584, 26.594134662051715 ], [ 85.896847365760721, 26.594297175292127 ], [ 85.897107401874337, 26.594546414901799 ], [ 85.897206783670811, 26.59458443874081 ], [ 85.897354037912237, 26.594640815287505 ], [ 85.898096891344551, 26.594646557534759 ], [ 85.898348813667326, 26.594656384556686 ], [ 85.898674878878865, 26.594669117326646 ], [ 85.899250485876223, 26.594896920412452 ], [ 85.899250574010978, 26.594896922211149 ], [ 85.900323278850692, 26.594923257406947 ], [ 85.900444235668374, 26.594997305865604 ], [ 85.900569684659104, 26.595074108084816 ], [ 85.900793958758527, 26.595371402704245 ], [ 85.90084347518598, 26.595703379237762 ], [ 85.900890987897412, 26.596021979977536 ], [ 85.901025890686469, 26.597006818092609 ], [ 85.901119672330481, 26.597991298272746 ], [ 85.900720647753701, 26.598710227623599 ], [ 85.900323188917298, 26.599264489829238 ], [ 85.900151760579547, 26.599931044669347 ], [ 85.900204430971087, 26.600145102335205 ], [ 85.900270776634557, 26.600414847658044 ], [ 85.900598473237835, 26.600694908341154 ], [ 85.900598496620546, 26.600694921831177 ], [ 85.900970950376063, 26.600587250873787 ], [ 85.901374964457546, 26.600403087068116 ], [ 85.901432149505524, 26.600376432608755 ], [ 85.902005417335317, 26.60035378468217 ], [ 85.902005441617291, 26.600353792776161 ], [ 85.902415117005944, 26.600654779161403 ], [ 85.902430160164784, 26.601248319776914 ], [ 85.902467731638808, 26.601359227437115 ], [ 85.902467746927528, 26.60135927330316 ], [ 85.902530536624568, 26.601544691679692 ], [ 85.903147700044656, 26.601772867989098 ], [ 85.903952410564784, 26.601779010439941 ], [ 85.904859595690709, 26.601896637024026 ], [ 85.905474157337721, 26.6021865930785 ], [ 85.905578926144472, 26.602236030364566 ], [ 85.905762151944884, 26.602499167381609 ], [ 85.905777446017851, 26.603036303571002 ], [ 85.906064139288787, 26.603406308440185 ], [ 85.906064157275466, 26.603406331822839 ], [ 85.90622625052697, 26.603615134680524 ], [ 85.907277604279614, 26.603751827144151 ], [ 85.908018201283028, 26.603998940728388 ], [ 85.908572030009736, 26.604357439519163 ], [ 85.909518542109538, 26.604698647715566 ], [ 85.910860242227614, 26.604688609350092 ], [ 85.911543093898047, 26.60450882889802 ], [ 85.911820778540914, 26.604429938425426 ], [ 85.912370820172384, 26.604273705233936 ], [ 85.912638029373454, 26.604422568383768 ], [ 85.91294565644057, 26.604593970640849 ], [ 85.912970130914402, 26.605029188912113 ], [ 85.912981169339218, 26.605226042319714 ], [ 85.912830583964819, 26.605854417736055 ], [ 85.912579356827166, 26.606242849957709 ], [ 85.912579360424502, 26.606242876937699 ], [ 85.912677306884007, 26.606800920842545 ], [ 85.913023525269807, 26.607284169841535 ], [ 85.913430270628453, 26.607937177115218 ], [ 85.913465690895748, 26.608569184941302 ], [ 85.913792265130269, 26.60894178169093 ], [ 85.914238458872887, 26.608805301470113 ], [ 85.91515857192428, 26.608525665272623 ], [ 85.915777199460024, 26.608604845330717 ], [ 85.916622951983811, 26.608823395169679 ], [ 85.916892177491604, 26.608892184323452 ], [ 85.917341931697365, 26.609007111107076 ], [ 85.918186506093662, 26.609216608250506 ], [ 85.918970169501563, 26.609297023094143 ], [ 85.918970195582233, 26.609297027590856 ], [ 85.919793706678377, 26.609508607591692 ], [ 85.920456268475789, 26.609791512868071 ], [ 85.920719078135278, 26.609903750643241 ], [ 85.921708507350104, 26.610024069833116 ], [ 85.922353808231207, 26.609471629678069 ], [ 85.922747697611157, 26.609289590998458 ], [ 85.923388300371755, 26.609201916731251 ], [ 85.924272744939685, 26.60954253406527 ], [ 85.924950956047041, 26.609861326363216 ], [ 85.925426017509835, 26.609828780367252 ], [ 85.926295335280884, 26.609575875971814 ], [ 85.927037243513212, 26.609692014158213 ], [ 85.927138093921997, 26.609852365399831 ], [ 85.927342383022619, 26.610177214711882 ], [ 85.92719339126802, 26.610676979978734 ], [ 85.926275743291001, 26.611671812391876 ], [ 85.926275774767703, 26.611671855559905 ], [ 85.92627574419032, 26.611671887935927 ], [ 85.926405854428879, 26.611850002821541 ], [ 85.926479584523292, 26.611950977338381 ], [ 85.92682809621067, 26.612195024193852 ], [ 85.927403951424196, 26.612422762527615 ], [ 85.927890054009822, 26.613428239457278 ], [ 85.928238563898503, 26.613708394570494 ], [ 85.928691352456894, 26.613842674121145 ], [ 85.928955644218718, 26.614271121307183 ], [ 85.928554804786017, 26.615195471120728 ], [ 85.928547062420137, 26.61521907144197 ], [ 85.92854705072881, 26.615219102918672 ], [ 85.928539305664913, 26.615242717629258 ], [ 85.928406063945602, 26.615659177593159 ], [ 85.928334013806932, 26.616101114788307 ], [ 85.928318617209868, 26.616195509778038 ], [ 85.928418228336454, 26.616550530844449 ], [ 85.928665422860718, 26.616624586497778 ], [ 85.928665446243429, 26.616624595491146 ], [ 85.929617110627419, 26.616392573629753 ], [ 85.929617136708089, 26.616392566435081 ], [ 85.930528582878253, 26.616065488573554 ], [ 85.930854241590851, 26.61563852079189 ], [ 85.931218206533288, 26.615161340498332 ], [ 85.931363947195734, 26.61511831006726 ], [ 85.931590779900205, 26.615051350158694 ], [ 85.932087907420623, 26.614870056127643 ], [ 85.932615971129223, 26.613556281227773 ], [ 85.932824282950548, 26.613573022329092 ], [ 85.932863642300447, 26.613576188883883 ], [ 85.933705709353774, 26.614029289511166 ], [ 85.934430894471461, 26.614704842187393 ], [ 85.934430916055476, 26.614704861972712 ], [ 85.934667631540663, 26.614925474883705 ], [ 85.935817521715876, 26.615583935718348 ], [ 85.936291207197769, 26.615700308630949 ], [ 85.936973745000671, 26.615556463764506 ], [ 85.936973773779357, 26.615556463764506 ], [ 85.937406684359701, 26.615634149129619 ], [ 85.937447518617262, 26.615743227544613 ], [ 85.937608203511786, 26.616172680185969 ], [ 85.937790897805826, 26.616218112737954 ], [ 85.937916917873565, 26.616249474311132 ], [ 85.938500975912007, 26.615624284335638 ], [ 85.938806815103192, 26.615337339251198 ], [ 85.939188154278042, 26.61497955722956 ], [ 85.939872291096719, 26.614630413310465 ], [ 85.939872318076709, 26.61463034046443 ], [ 85.939999495587301, 26.614279375394062 ], [ 85.940087844354935, 26.613825965395904 ], [ 85.940194454997595, 26.613278988694503 ], [ 85.941576653921686, 26.613381791557288 ], [ 85.941576680002356, 26.613381796953263 ], [ 85.942399758518832, 26.613647406239295 ], [ 85.943146291126311, 26.61330095222803 ], [ 85.943665478408889, 26.612970870591084 ], [ 85.943665505388935, 26.612970862497093 ], [ 85.943892513463538, 26.612954495518693 ], [ 85.944904939546575, 26.612869523750021 ], [ 85.945462678577201, 26.612817221185992 ], [ 85.946017698022047, 26.613062762734501 ], [ 85.946055777619733, 26.61320519115003 ], [ 85.946056670658322, 26.613208533074953 ], [ 85.946097458150575, 26.613361186917359 ], [ 85.946174309833111, 26.614009316203692 ], [ 85.94629610213201, 26.61421561261767 ], [ 85.946771357850992, 26.614162687714611 ], [ 85.947269167066452, 26.613906901853227 ], [ 85.947520267398033, 26.613556818130121 ], [ 85.947757113286627, 26.613546320205046 ], [ 85.947871213582346, 26.613541295626305 ], [ 85.947918175002087, 26.613632467403193 ], [ 85.948033317625857, 26.613856112868234 ], [ 85.948088358661664, 26.614637233859071 ], [ 85.948022855674083, 26.615006811544617 ], [ 85.947462877301973, 26.615300506130325 ], [ 85.946800881185595, 26.615462575099741 ], [ 85.946716304224481, 26.615685333821489 ], [ 85.946716329405831, 26.615685359902216 ], [ 85.947187478765954, 26.616076919107968 ], [ 85.947616881943929, 26.616506553414752 ], [ 85.947799725527432, 26.616823778173625 ], [ 85.947617033931408, 26.617002789695164 ], [ 85.94759174376162, 26.617027569043273 ], [ 85.94759171858027, 26.617027584331936 ], [ 85.946390816385303, 26.617406796582031 ], [ 85.946136454169562, 26.617615805387175 ], [ 85.946099618350672, 26.617646056282922 ], [ 85.946031298649189, 26.618351799599509 ], [ 85.946257147482413, 26.618978022909744 ], [ 85.94645393883593, 26.619523745939603 ], [ 85.946470577413209, 26.619968348760494 ], [ 85.945991572371042, 26.620429618037974 ], [ 85.945946383538512, 26.620837699806884 ], [ 85.946025363944557, 26.621226407224697 ], [ 85.946248262063079, 26.62169287735037 ], [ 85.946374560924369, 26.621820730260708 ], [ 85.946616407109673, 26.622065627886116 ], [ 85.947152257251503, 26.622182413592952 ], [ 85.948050172043224, 26.623301452117346 ], [ 85.948565163033663, 26.623436134569602 ], [ 85.949182338145079, 26.623682118590409 ], [ 85.949245420125692, 26.623836731182109 ], [ 85.949303298560096, 26.623978599312579 ], [ 85.949237743411175, 26.624386503013397 ], [ 85.949280284604583, 26.62454550885144 ], [ 85.949337538901261, 26.62475953054394 ], [ 85.949337566780571, 26.62475954583266 ], [ 85.949748824996959, 26.624947625338336 ], [ 85.949748855574342, 26.624947645123655 ], [ 85.950141553336834, 26.6248941563382 ], [ 85.950141584813537, 26.624894111371532 ], [ 85.950371343051359, 26.624579939851344 ], [ 85.950765267505403, 26.62439779325166 ], [ 85.950765296284089, 26.624397782459653 ], [ 85.950984997270439, 26.624346896346651 ], [ 85.951303351592742, 26.624273163554165 ], [ 85.951467513312252, 26.624366853466142 ], [ 85.951583343027153, 26.624643115362687 ], [ 85.951669635917426, 26.624848971103006 ], [ 85.951773670867681, 26.625060415304461 ], [ 85.951774234750076, 26.625061561055929 ], [ 85.951913622517509, 26.62534489711328 ], [ 85.952066159446531, 26.625582940015363 ], [ 85.952143700018894, 26.625703484938072 ], [ 85.952238231707383, 26.625850479272003 ], [ 85.952314051853932, 26.62593884152966 ], [ 85.952415540789787, 26.626057154305556 ], [ 85.952415894228068, 26.626057697503256 ], [ 85.95258034283512, 26.626325695420235 ], [ 85.952658128026314, 26.626527191189666 ], [ 85.952658143314977, 26.62652722986104 ], [ 85.952658500350537, 26.626528240712389 ], [ 85.95271917301551, 26.626794913011111 ], [ 85.952818070070975, 26.627100270159303 ], [ 85.953079299600688, 26.627447419355747 ], [ 85.953100669573814, 26.627494974335889 ], [ 85.953281502246568, 26.627757002474141 ], [ 85.953282177646372, 26.627758035808824 ], [ 85.953451573489417, 26.627951111114555 ], [ 85.953493360141636, 26.627998745236084 ], [ 85.953493378128314, 26.627998769518058 ], [ 85.953612842951031, 26.628182415307435 ], [ 85.953751249545121, 26.628422594127642 ], [ 85.953860265906087, 26.628685146577595 ], [ 85.953980326087844, 26.628803361326106 ], [ 85.954100545451695, 26.628895098784028 ], [ 85.954103911658649, 26.628897668181082 ], [ 85.954129607428001, 26.628917281755037 ], [ 85.954129628112639, 26.628917301540355 ], [ 85.954318290386709, 26.628977360859608 ], [ 85.954608004520367, 26.629074229917023 ], [ 85.954657877983379, 26.6290844553439 ], [ 85.954767780188263, 26.629106988155797 ], [ 85.954857971691183, 26.629139914570032 ], [ 85.954988571167348, 26.629187604450237 ], [ 85.955118236235592, 26.629457020616826 ], [ 85.955134975538215, 26.629579082715907 ], [ 85.95515475818695, 26.629723571505508 ], [ 85.95517578011777, 26.629815394400168 ], [ 85.955187343753607, 26.629865983732998 ], [ 85.955219837588231, 26.630019658319441 ], [ 85.955385619907474, 26.630460865255372 ], [ 85.95543903764559, 26.630693587697863 ], [ 85.955439046638901, 26.630693647053931 ], [ 85.955458659313479, 26.630891693877686 ], [ 85.955458693488197, 26.630892042819255 ], [ 85.955459162940485, 26.630896867745832 ], [ 85.955459162041166, 26.630896897423838 ], [ 85.955426457762428, 26.631026349349952 ], [ 85.955414100014707, 26.631056756729777 ], [ 85.955408107752703, 26.631073013989464 ], [ 85.955349035002769, 26.631223219844856 ], [ 85.955342856578625, 26.631229927976733 ], [ 85.955314791963644, 26.631313234179004 ], [ 85.955279584838536, 26.631457384818987 ], [ 85.955111979569381, 26.631769790047315 ], [ 85.95483121650642, 26.632239322405042 ], [ 85.95460580205156, 26.632524235894095 ], [ 85.954586084154926, 26.632556745916759 ], [ 85.954586056275559, 26.632556785487452 ], [ 85.95448284781321, 26.632724126352457 ], [ 85.954459561359442, 26.63283233331282 ], [ 85.954459497506775, 26.632832630093048 ], [ 85.954447440136619, 26.632888574959509 ], [ 85.954436438584537, 26.633028375521235 ], [ 85.954433324191086, 26.633147179333434 ], [ 85.954428796944001, 26.633319411675757 ], [ 85.954428170108258, 26.633320985510181 ], [ 85.954359439411178, 26.63349039484325 ], [ 85.954344503273092, 26.633535231136818 ], [ 85.954344442118384, 26.633535405607631 ], [ 85.954260136756147, 26.633749057673924 ], [ 85.954093715010401, 26.633928418137032 ], [ 85.953888930376763, 26.634048768803609 ], [ 85.953665204871015, 26.63414638700624 ], [ 85.953494286455623, 26.634266997580312 ], [ 85.953433269345737, 26.634305204883447 ], [ 85.953309054241174, 26.634382953201964 ], [ 85.953167810248488, 26.63448796303021 ], [ 85.953167481991613, 26.634488546697924 ], [ 85.953098769281212, 26.634591274915977 ], [ 85.953086318002761, 26.6346328709094 ], [ 85.953086307210754, 26.634632898788766 ], [ 85.953073834348345, 26.634674577520911 ], [ 85.953067519225442, 26.634848250596178 ], [ 85.953023522010369, 26.634960739285475 ], [ 85.953037152315574, 26.635014994303447 ], [ 85.953029013343439, 26.635357903140346 ], [ 85.953029006148768, 26.635357953503046 ], [ 85.953015817416485, 26.635419329447188 ], [ 85.953015524233649, 26.635420693736762 ], [ 85.952998514231467, 26.635499816237541 ], [ 85.952972075612308, 26.635747854337012 ], [ 85.952960823146043, 26.635914715857041 ], [ 85.952929509237549, 26.636149130845979 ], [ 85.952942377806892, 26.636322990982762 ], [ 85.952949843177976, 26.636571247620395 ], [ 85.952917144295213, 26.63677302218332 ], [ 85.952908938772339, 26.636823633100164 ], [ 85.952780823256489, 26.637028049006858 ], [ 85.952768591415577, 26.637040010148269 ], [ 85.952598548951414, 26.637205126960453 ], [ 85.952598524669384, 26.637205150343107 ], [ 85.95259709203043, 26.63720650474005 ], [ 85.952438720222801, 26.637348188507076 ], [ 85.952326186566779, 26.637473687860449 ], [ 85.952326159586789, 26.637473715739816 ], [ 85.95235139939382, 26.637581247300432 ], [ 85.95239135949879, 26.637751728639557 ], [ 85.952482345113594, 26.637858469685625 ], [ 85.952703997654623, 26.638029326946366 ], [ 85.952857905168514, 26.638152288379388 ], [ 85.953281540018622, 26.638469049081948 ], [ 85.953464512206835, 26.638605794606292 ], [ 85.953584188372986, 26.638766842831728 ], [ 85.953646105716132, 26.63889364801804 ], [ 85.953661017572188, 26.63892612026865 ], [ 85.953712602467704, 26.639038566689237 ], [ 85.953755027647048, 26.639169748933796 ], [ 85.953822142240995, 26.639278551253312 ], [ 85.953851762703664, 26.639472814579165 ], [ 85.953799194836165, 26.639661959795546 ], [ 85.95373942420315, 26.63981495628417 ], [ 85.953698448750174, 26.639943490889664 ], [ 85.953697908250433, 26.639945185234808 ], [ 85.953664766895429, 26.64004904391561 ], [ 85.953660707301992, 26.640162696342998 ], [ 85.953658070454878, 26.640236299631397 ], [ 85.953658071354198, 26.64023633920209 ], [ 85.953678032071025, 26.640456443090045 ], [ 85.95367317207041, 26.640713633711073 ], [ 85.953501801290031, 26.640941143614043 ], [ 85.953501582751869, 26.640941398125563 ], [ 85.953432023768244, 26.641105568838384 ], [ 85.953432009378901, 26.641105595818431 ], [ 85.953532731182918, 26.64124623276075 ], [ 85.953675665024093, 26.641509035225511 ], [ 85.953847142825225, 26.641837447698663 ], [ 85.953860199355404, 26.641988748043502 ], [ 85.953848821881706, 26.642171418954831 ], [ 85.953845988979765, 26.642226406030659 ], [ 85.953845974590422, 26.642226674931464 ], [ 85.953807587420499, 26.642479073901256 ], [ 85.953807384171057, 26.642480202565366 ], [ 85.953776306787404, 26.642575371881605 ], [ 85.953757377606621, 26.642633305175423 ], [ 85.953707130920009, 26.642842782533535 ], [ 85.95361376207029, 26.642997775543563 ], [ 85.953465814442382, 26.643260514155656 ], [ 85.953431291710388, 26.643310058462419 ], [ 85.953229686222244, 26.643640272301411 ], [ 85.953207686715416, 26.643917629586724 ], [ 85.953240739036403, 26.644014929425111 ], [ 85.953271910850106, 26.644050067301464 ], [ 85.95327193243412, 26.64405011136887 ], [ 85.953271961212806, 26.644050123959516 ], [ 85.953303167201227, 26.644085299607923 ], [ 85.953438394649879, 26.644124672447845 ], [ 85.953631870159199, 26.644177987661863 ], [ 85.953863901013904, 26.644272229764852 ], [ 85.953969448643818, 26.644363223473647 ], [ 85.953969466630497, 26.644363243258965 ], [ 85.954074805614994, 26.644512962574765 ], [ 85.954194344183009, 26.64469207122437 ], [ 85.954280521958538, 26.644810063837383 ], [ 85.954486869634593, 26.645034924302536 ], [ 85.954626153079289, 26.64518261022431 ], [ 85.954777268161365, 26.645349512214352 ], [ 85.954777320322705, 26.645349580563732 ], [ 85.95484074225152, 26.645572311406113 ], [ 85.954839303317215, 26.645730235345411 ], [ 85.954825613655998, 26.645955782901751 ], [ 85.954823962478883, 26.64598395993346 ], [ 85.954807077484134, 26.646201575364387 ], [ 85.954798048171369, 26.646228569771949 ], [ 85.954750115471029, 26.646372658357905 ], [ 85.954716398542246, 26.646473929654974 ], [ 85.954567443660324, 26.646838382036435 ], [ 85.954613479665397, 26.647125264167471 ], [ 85.954651941480051, 26.647164059635031 ], [ 85.954723911577958, 26.647236728515452 ], [ 85.954863829053124, 26.647307598727934 ], [ 85.954863862328466, 26.647307613117277 ], [ 85.955018375993518, 26.647365158798152 ], [ 85.955328483423557, 26.6474012841432 ], [ 85.955328516698955, 26.647401287740536 ], [ 85.955551172896605, 26.647416476591502 ], [ 85.955754520394635, 26.647460851526773 ], [ 85.955754875631499, 26.647461019702234 ], [ 85.955887112794812, 26.647529489592443 ], [ 85.956009536426166, 26.647649969763165 ], [ 85.956130733366024, 26.647873210527905 ], [ 85.956166961235112, 26.647939941106301 ], [ 85.956194762345262, 26.648091302605849 ], [ 85.956260116043381, 26.648362587588394 ], [ 85.956262617091056, 26.648601756456571 ], [ 85.956257797560454, 26.648641392801323 ], [ 85.956241960289788, 26.648770842928741 ], [ 85.956268209149528, 26.649059852883909 ], [ 85.956300988072996, 26.649127719321086 ], [ 85.956377524089305, 26.649286323156844 ], [ 85.956473456040783, 26.649321400777865 ], [ 85.956503339108963, 26.649332342973935 ], [ 85.956678237976405, 26.649288507638971 ], [ 85.956989638648679, 26.649182473469409 ], [ 85.957053213464292, 26.649155222751631 ], [ 85.957150051045005, 26.649113726584289 ], [ 85.957451763192751, 26.649003110308286 ], [ 85.957616470807977, 26.649008823776796 ], [ 85.957747904866096, 26.649020656313439 ], [ 85.957916638799361, 26.649035872144395 ], [ 85.958115369116911, 26.649059869971268 ], [ 85.958184482030902, 26.649084569278614 ], [ 85.958289341670366, 26.649122060711932 ], [ 85.958475041538463, 26.649193243892682 ], [ 85.958709404366061, 26.649283112534704 ], [ 85.958936432226039, 26.649374987590704 ], [ 85.958936464602061, 26.649375005577383 ], [ 85.959134155289519, 26.649516349396208 ], [ 85.959394177913111, 26.649714586878702 ], [ 85.95957203379055, 26.649862514721292 ], [ 85.959720608254258, 26.650059912225913 ], [ 85.959767497727228, 26.650218170717437 ], [ 85.959767506720596, 26.650218203093459 ], [ 85.959818595183719, 26.650435186292668 ], [ 85.959818602378391, 26.650435216870051 ], [ 85.959837691640644, 26.650558064986967 ], [ 85.959862469190057, 26.650717565458706 ], [ 85.959862514156725, 26.650717824466881 ], [ 85.95989314906808, 26.651005465635762 ], [ 85.959884709718381, 26.651067472912302 ], [ 85.959934888055614, 26.651212209918071 ], [ 85.959934904243596, 26.651212231502086 ], [ 85.960066993916143, 26.651391448971083 ], [ 85.960230780613415, 26.651467129720857 ], [ 85.960410036753785, 26.651533861198629 ], [ 85.960410068230487, 26.651533876487292 ], [ 85.960640974018418, 26.651580689516891 ], [ 85.960740153464712, 26.651564374699888 ], [ 85.960877658026902, 26.651541787028634 ], [ 85.961192842197079, 26.651363587605601 ], [ 85.961343093918572, 26.651236066549529 ], [ 85.961392541097268, 26.651198850312369 ], [ 85.961455936945413, 26.651151179318163 ], [ 85.96150957502033, 26.651111262381221 ], [ 85.961585168534725, 26.651055068399273 ], [ 85.961772973743507, 26.650869154489726 ], [ 85.961882155581918, 26.65082221195604 ], [ 85.961994811547356, 26.650773785521324 ], [ 85.962199816517796, 26.650808750725616 ], [ 85.962215778795894, 26.650811473908789 ], [ 85.962374948312686, 26.650812663727606 ], [ 85.962502982888509, 26.650768028884784 ], [ 85.962539870868738, 26.650755177402743 ], [ 85.962906485248993, 26.650584103402593 ], [ 85.963299415039671, 26.650902866921854 ], [ 85.963359383526154, 26.65104193722442 ], [ 85.963399929996854, 26.651136026440611 ], [ 85.963480385310561, 26.651248461169871 ], [ 85.9635524615299, 26.651349207255919 ], [ 85.963679514033004, 26.651555302219094 ], [ 85.963755059882715, 26.651677858951871 ], [ 85.96381435476809, 26.651822025779893 ], [ 85.963880713921526, 26.651983395966852 ], [ 85.964081638613891, 26.652343490176008 ], [ 85.964088582371232, 26.652355933360411 ], [ 85.964194230726605, 26.65254527643026 ], [ 85.964269972631087, 26.65270827441168 ], [ 85.964433507514855, 26.652811018817715 ], [ 85.964694909716684, 26.652889641288823 ], [ 85.964819346057425, 26.65290502529524 ], [ 85.964946688146085, 26.652920778927864 ], [ 85.965031312771885, 26.65291933909424 ], [ 85.965131600197594, 26.652917645648415 ], [ 85.965196122011832, 26.652892347384636 ], [ 85.965250346452478, 26.652871097022967 ], [ 85.965326059578274, 26.652802400500605 ], [ 85.965405757652718, 26.652730104843783 ], [ 85.965505799560276, 26.652534657994465 ], [ 85.965625560263845, 26.652300712457816 ], [ 85.965786061694246, 26.652150700858499 ], [ 85.965946058598263, 26.652090948212162 ], [ 85.966084828523321, 26.652087445306449 ], [ 85.966316148904184, 26.652089121664915 ], [ 85.966629475949787, 26.652118490314081 ], [ 85.966845830514558, 26.652074939168642 ], [ 85.967041742319509, 26.651997382408297 ], [ 85.96720665947953, 26.65194895597358 ], [ 85.967206927481072, 26.651948951476925 ], [ 85.967450744107055, 26.65196199451708 ], [ 85.967575198434417, 26.65211971340824 ], [ 85.967583329312561, 26.65236113690662 ], [ 85.967583332010577, 26.652361204356623 ], [ 85.967583350896575, 26.652362362698739 ], [ 85.967561413443775, 26.652490787585464 ], [ 85.967539288030196, 26.652689207632818 ], [ 85.967568280757746, 26.652887946943679 ], [ 85.967751599189569, 26.653096876607435 ], [ 85.967925076210008, 26.653213213546678 ], [ 85.967925101391359, 26.653213226137325 ], [ 85.968166128283485, 26.653284912945082 ], [ 85.968411716597302, 26.653410788220071 ], [ 85.968656869633548, 26.65358408447446 ], [ 85.968897468442663, 26.653705387535695 ], [ 85.969107802866063, 26.65374076553428 ], [ 85.969405319620989, 26.653815123363813 ], [ 85.969743157113783, 26.653980031530523 ], [ 85.969859135218769, 26.654207634064846 ], [ 85.969858697243126, 26.654258418553184 ], [ 85.969882876735483, 26.65443006452972 ], [ 85.969882879433442, 26.654430091509766 ], [ 85.969903270931241, 26.655025894849416 ], [ 85.969903296112591, 26.655025916433431 ], [ 85.969969039222292, 26.655141467354838 ], [ 85.970071774635016, 26.655169278357619 ], [ 85.970287376457293, 26.655175342566338 ], [ 85.970472600577693, 26.655172167917556 ], [ 85.970663500394608, 26.655099093437514 ], [ 85.970849363941454, 26.654989872927786 ], [ 85.971184821796669, 26.654868202938303 ], [ 85.971419738613974, 26.654875129608286 ], [ 85.971996587591491, 26.654892148603778 ], [ 85.97233604748277, 26.654876532569233 ], [ 85.972577636458539, 26.654851224412823 ], [ 85.972871090922069, 26.654823986285749 ], [ 85.973109203972172, 26.654912539202201 ], [ 85.973109469275698, 26.654912752344387 ], [ 85.973284661326034, 26.655118027115009 ], [ 85.973284678413336, 26.655118055893695 ], [ 85.973400018890572, 26.655452814966395 ], [ 85.973459878557662, 26.655638294497635 ], [ 85.973573810677919, 26.655838044659902 ], [ 85.97358135608971, 26.65585127386214 ], [ 85.973688275203926, 26.655967084691042 ], [ 85.973688295888564, 26.655967107174376 ], [ 85.973785013857878, 26.656064824303712 ], [ 85.973861313349403, 26.656171442141044 ], [ 85.973899520652537, 26.656215710954939 ], [ 85.973987869420228, 26.656402347928974 ], [ 85.973987917984232, 26.656402484627733 ], [ 85.973986482647263, 26.656564964592746 ], [ 85.973983411421898, 26.656907881523694 ], [ 85.974042894268052, 26.657133983969004 ], [ 85.974309350726628, 26.657432922570877 ], [ 85.974378899817623, 26.657510952380903 ], [ 85.974522320198446, 26.657548069691302 ], [ 85.974522385849866, 26.657548084080645 ], [ 85.974584116131552, 26.657555604311085 ], [ 85.974758728111453, 26.657576892444808 ], [ 85.974917648512758, 26.657602830134977 ], [ 85.975199124747519, 26.65775603616845 ], [ 85.975495286206183, 26.658072910187059 ], [ 85.975495377038897, 26.658073007315124 ], [ 85.975496371702263, 26.658074077522542 ], [ 85.975523741132065, 26.658103608051817 ], [ 85.975606416001881, 26.658192226619633 ], [ 85.975775266848586, 26.658263346847036 ], [ 85.975775315412591, 26.658263363934338 ], [ 85.975919469649966, 26.658255376949626 ], [ 85.975967986917397, 26.658237628594293 ], [ 85.976094914413125, 26.658191235553659 ], [ 85.976368380280462, 26.658078124525275 ], [ 85.976631407578736, 26.657973949278926 ], [ 85.976868442327486, 26.657901212049126 ], [ 85.977094912600421, 26.657880280951019 ], [ 85.977382748924754, 26.657882347620387 ], [ 85.977549444068018, 26.657935768056461 ], [ 85.977649146926694, 26.657967725888057 ], [ 85.978223319486403, 26.658138835861621 ], [ 85.978573274604742, 26.658112034810813 ], [ 85.978622667823402, 26.658120199863674 ], [ 85.978701445879267, 26.658133233910462 ], [ 85.978927600486031, 26.658152915833796 ], [ 85.97922062596723, 26.658132482067288 ], [ 85.979436723322465, 26.658118236617668 ], [ 85.979436750302511, 26.658118224027021 ], [ 85.979792239921892, 26.658030509289802 ], [ 85.980081145554323, 26.65791075847892 ], [ 85.980715939516983, 26.657619741210397 ], [ 85.980752135909427, 26.657592890696264 ], [ 85.98078830442256, 26.657566059967451 ], [ 85.980985283736914, 26.657373455912762 ], [ 85.981094095049684, 26.657277210993072 ], [ 85.981362425720249, 26.657182103730861 ], [ 85.981527467887702, 26.657117862508812 ], [ 85.981712567900047, 26.657092181128803 ], [ 85.981715005094998, 26.657092527372356 ], [ 85.981966629738281, 26.657136769206261 ], [ 85.982020587976024, 26.65715299319055 ], [ 85.982262306455937, 26.657154684837678 ], [ 85.982277204821969, 26.65715368297964 ], [ 85.982292115778705, 26.657152684718994 ], [ 85.982550337935777, 26.65712968964948 ], [ 85.983002954721428, 26.657101331851663 ], [ 85.983290983503252, 26.657076330368113 ], [ 85.983291012281938, 26.657076327670097 ], [ 85.983604840256532, 26.657049233436453 ], [ 85.983954352003252, 26.657033682153951 ], [ 85.984396892651432, 26.657005256006755 ], [ 85.984574458943314, 26.657002981591233 ], [ 85.984849280106914, 26.656999493074863 ], [ 85.985091974364138, 26.657009499963635 ], [ 85.985244965456786, 26.657015826777922 ], [ 85.985774093077453, 26.657028630595221 ], [ 85.986298828351096, 26.657005296476768 ], [ 85.986699996940047, 26.656969799766159 ], [ 85.986957826088144, 26.656909257504594 ], [ 85.987045057883051, 26.656888785966089 ], [ 85.987287582166175, 26.656797989211441 ], [ 85.987406196218899, 26.656762744314335 ], [ 85.987442275697958, 26.656751707688215 ], [ 85.987555035086757, 26.656738035114302 ], [ 85.987582882962215, 26.65673465811534 ], [ 85.987887839007499, 26.656743564219369 ], [ 85.987889507271973, 26.656743629870732 ], [ 85.988192842717467, 26.656732260491083 ], [ 85.988598475600043, 26.656757704446932 ], [ 85.989019982626019, 26.656760710020933 ], [ 85.989380561576183, 26.656702347744897 ], [ 85.989636685587186, 26.656662044993652 ], [ 85.989915889205065, 26.656618131416678 ], [ 85.990327628565069, 26.656557878740671 ], [ 85.990857621345015, 26.656469140561398 ], [ 85.99085765102302, 26.656469135165366 ], [ 85.991166851924504, 26.656396867387912 ], [ 85.991305567889469, 26.656365224323224 ], [ 85.991377993050378, 26.656348726042097 ], [ 85.991676891182237, 26.6562583636657 ], [ 85.99206371359611, 26.656107637095943 ], [ 85.992403807517803, 26.656017533727777 ], [ 85.992759145149762, 26.655952745710692 ], [ 85.993011222157975, 26.655906792444284 ], [ 85.993175954954552, 26.655880866445443 ], [ 85.99317601431062, 26.655880857452132 ], [ 85.9932774142124, 26.655864903268025 ], [ 85.993711264596698, 26.655796655513257 ], [ 85.994117832786628, 26.655752144778546 ], [ 85.994127697580609, 26.655750607816856 ], [ 85.994632699668955, 26.655672279427961 ], [ 85.994663047692768, 26.655666875330269 ], [ 85.994693380427918, 26.655661474829969 ], [ 85.995095828769024, 26.655589858170288 ], [ 85.995327671662949, 26.655530554291545 ], [ 85.99573937055294, 26.655472567037748 ], [ 85.995863129695181, 26.655455336698765 ], [ 85.996079122727735, 26.655425303441802 ], [ 85.996326069935151, 26.655399971003362 ], [ 85.996634946177096, 26.655363786302303 ], [ 85.99690118319819, 26.655315533439023 ], [ 85.997293919632057, 26.655244364647615 ], [ 85.997559851778988, 26.655417705868672 ], [ 85.997559880557674, 26.655417728352063 ], [ 85.998405271549245, 26.655337937646152 ], [ 85.998557937082978, 26.655323195764197 ], [ 85.998698011042279, 26.655098550239813 ], [ 85.999020004069678, 26.655107593042601 ], [ 85.999249042840347, 26.655190429792526 ], [ 85.999410654048859, 26.655123877282278 ], [ 85.999688441215767, 26.654945314528334 ], [ 85.999903017797351, 26.654960435029921 ], [ 86.000562368073247, 26.654978630354208 ], [ 86.001151849095322, 26.655086507259057 ], [ 86.001990979823347, 26.655582039360979 ], [ 86.002746557931573, 26.65597313990645 ], [ 86.002746605596258, 26.655973161490465 ], [ 86.003009863124021, 26.655940866408628 ], [ 86.003268552934742, 26.655909156793257 ], [ 86.003561955236876, 26.655703617618428 ], [ 86.003907915513821, 26.655588697130156 ], [ 86.004114823474879, 26.65558338836189 ], [ 86.004831466718827, 26.656091604669768 ], [ 86.005335332049071, 26.656329778874635 ], [ 86.005749465436111, 26.656325911738691 ], [ 86.00598801376384, 26.65620838408131 ], [ 86.006219183955977, 26.656094510417745 ], [ 86.006605304889376, 26.655801611742618 ], [ 86.007459702710321, 26.655405960567407 ], [ 86.00775320214052, 26.655189131154316 ], [ 86.007753227321871, 26.655189118563669 ], [ 86.008622085533318, 26.654897352149987 ], [ 86.008622111613988, 26.654897336861268 ], [ 86.008831365937283, 26.654696070422062 ], [ 86.009395350842169, 26.654153616471035 ], [ 86.009558230111452, 26.653940401481066 ], [ 86.00969621941465, 26.653954901442205 ], [ 86.009924732074978, 26.654173878464746 ], [ 86.010175296403531, 26.654414034801562 ], [ 86.010381515474762, 26.654489909807467 ], [ 86.010381548750104, 26.654489915203499 ], [ 86.01074177606074, 26.654505974609663 ], [ 86.01107842013738, 26.654598597012239 ], [ 86.011206013140225, 26.654908577636206 ], [ 86.011293496748635, 26.655249008808084 ], [ 86.01139885731709, 26.655659069111664 ], [ 86.011401979804532, 26.655671098602454 ], [ 86.011402661499687, 26.6556737408456 ], [ 86.011455334589243, 26.656187461976515 ], [ 86.01145534628057, 26.656187572594604 ], [ 86.011455776162222, 26.656191959545538 ], [ 86.011504006542111, 26.656826338015946 ], [ 86.011662463786479, 26.657125281114475 ], [ 86.012211977508855, 26.657816169233058 ], [ 86.012298990765657, 26.657939973341968 ], [ 86.012314749794257, 26.657962439603125 ], [ 86.012632703013651, 26.658440712587435 ], [ 86.012585514062437, 26.658564511300369 ], [ 86.012370040844928, 26.658657756941352 ], [ 86.012369998576276, 26.658657776726727 ], [ 86.012015945193184, 26.658835827759617 ], [ 86.011706588706943, 26.659108955477393 ], [ 86.011640964309265, 26.659267715797284 ], [ 86.011612625397447, 26.659336179392142 ], [ 86.011740976538817, 26.659598838862848 ], [ 86.011836526273328, 26.659645197728821 ], [ 86.012000442474687, 26.659724726728541 ], [ 86.012040429559704, 26.659728836684678 ], [ 86.012681348885849, 26.659794907151934 ], [ 86.012697198747219, 26.659796159924099 ], [ 86.013069388997906, 26.660205472881216 ], [ 86.013069851255523, 26.660206001689573 ], [ 86.013069875537553, 26.660206016978236 ], [ 86.013534402202595, 26.660581541959175 ], [ 86.013586893626666, 26.660587060272235 ], [ 86.013833240978386, 26.660612979076404 ], [ 86.014447662329303, 26.66049312124477 ], [ 86.014447691107989, 26.66049312034545 ], [ 86.014708440393406, 26.660501689199236 ], [ 86.014708478165403, 26.660501693695892 ], [ 86.015167508101399, 26.660599632960725 ], [ 86.016222918749463, 26.660965737418621 ], [ 86.016428216902739, 26.661015583901587 ], [ 86.01660540007839, 26.661058609836005 ], [ 86.016605427058437, 26.66105861523198 ], [ 86.017134482732388, 26.661075811396245 ], [ 86.017134511511074, 26.661075812295621 ], [ 86.017755400871692, 26.661080129098536 ], [ 86.018338381508045, 26.661077381633334 ], [ 86.018427315742088, 26.661102088135351 ], [ 86.018621472946506, 26.661156042775758 ], [ 86.019162299103073, 26.661565927709262 ], [ 86.019250500379997, 26.661652333016264 ], [ 86.019352487546826, 26.661752284091108 ], [ 86.019698205902955, 26.662003015695745 ], [ 86.019870719736787, 26.66212814002688 ], [ 86.01998226772281, 26.662160525042111 ], [ 86.020260921847637, 26.662241436318084 ], [ 86.021051917525142, 26.662984698947355 ], [ 86.021510348504705, 26.663193190635468 ], [ 86.021761258177492, 26.663436359741013 ], [ 86.021785255105044, 26.6634567971048 ], [ 86.022205498566791, 26.663801950679215 ], [ 86.022225765956478, 26.663818614437787 ], [ 86.022814452866726, 26.664030252895373 ], [ 86.022814481645412, 26.664030260090044 ], [ 86.023396968547388, 26.664081642635438 ], [ 86.024048756324248, 26.664072586342627 ], [ 86.024298466285529, 26.664460122827677 ], [ 86.024298477976856, 26.664460143512372 ], [ 86.024486429777141, 26.664915024820857 ], [ 86.0246848983885, 26.665013334611274 ], [ 86.024684931663842, 26.665013348101297 ], [ 86.024983318974023, 26.665105657535605 ], [ 86.025795748477321, 26.665145083436244 ], [ 86.026431162980373, 26.665287087366153 ], [ 86.026431500230615, 26.66528745699236 ], [ 86.026890461817231, 26.665841905360139 ], [ 86.026720342909698, 26.666466890287495 ], [ 86.026879258814347, 26.666716155078518 ], [ 86.02687927320369, 26.666716183857204 ], [ 86.027454057310479, 26.666756222204242 ], [ 86.027898528828644, 26.666799876773041 ], [ 86.028108408189041, 26.666729573140913 ], [ 86.028307822899706, 26.666662808387798 ], [ 86.028414184426879, 26.666627376429233 ], [ 86.028428326453081, 26.666622204359726 ], [ 86.028429325613104, 26.66662186800886 ], [ 86.028434004847554, 26.666620127797671 ], [ 86.028444430825971, 26.666616315521082 ], [ 86.029197786680015, 26.66633612983054 ], [ 86.029606192209144, 26.666184271898658 ], [ 86.030047139237581, 26.666034494126166 ], [ 86.030244331694064, 26.665967528821625 ], [ 86.030879198502817, 26.665806284541418 ], [ 86.031481701880352, 26.665653276361411 ], [ 86.031525435590538, 26.665642874665082 ], [ 86.031712207464693, 26.665598524911104 ], [ 86.032450002143548, 26.665411675694259 ], [ 86.033864291101281, 26.665035450132223 ], [ 86.034433112624072, 26.664888136534728 ], [ 86.03504022418872, 26.664741090938776 ], [ 86.035962423694855, 26.664492379238141 ], [ 86.036892236962046, 26.664270791449155 ], [ 86.036892267539429, 26.664270784254484 ], [ 86.038583025240541, 26.663826432347776 ], [ 86.039197828808369, 26.663660238133502 ], [ 86.039220817582532, 26.663654766585807 ], [ 86.040746615854914, 26.663274402288948 ], [ 86.04084244977895, 26.663250526771492 ], [ 86.041398905460085, 26.663100352392746 ], [ 86.04204152182939, 26.66292694282231 ], [ 86.043301612788298, 26.662626303579998 ], [ 86.044155365786821, 26.662415800981137 ], [ 86.045537848900437, 26.662074967806973 ], [ 86.046022021515398, 26.661947350522155 ], [ 86.046566847009956, 26.661819466135114 ], [ 86.047620185592621, 26.661572223046846 ], [ 86.049157180572536, 26.661189909893324 ], [ 86.049395335891404, 26.661123798056678 ], [ 86.049848718010196, 26.661002749506906 ], [ 86.050125244310948, 26.660968509165798 ], [ 86.05034984127127, 26.66090907938036 ], [ 86.051087679118211, 26.660712705317735 ], [ 86.051516070545517, 26.660598695854731 ], [ 86.051516109216891, 26.66059868686142 ], [ 86.052753060313535, 26.660318122551246 ], [ 86.0532167200206, 26.660243355524756 ], [ 86.053935571129387, 26.660127461957188 ], [ 86.054811704053066, 26.659903117709689 ], [ 86.05519509640726, 26.659887630279911 ], [ 86.056277831518457, 26.659736911804089 ], [ 86.056993059210754, 26.659618056729869 ], [ 86.057283678973704, 26.659569788577926 ], [ 86.058095042766297, 26.65945188409961 ], [ 86.058412301699832, 26.659405786939828 ], [ 86.058783227487027, 26.659348404937759 ], [ 86.059825121145934, 26.659187239798939 ], [ 86.062235939559969, 26.658803787189299 ], [ 86.062235968338655, 26.658803782692644 ], [ 86.062284348907326, 26.658795666203844 ], [ 86.063426411279863, 26.658604136853171 ], [ 86.063842063641914, 26.658545685543004 ], [ 86.06393298990065, 26.658532919497702 ], [ 86.064593446357321, 26.658419928980095 ], [ 86.066428585827225, 26.658107108259514 ], [ 86.066950522373702, 26.658042813077429 ], [ 86.067618871385037, 26.657923091045234 ], [ 86.067864149428658, 26.65791115778319 ], [ 86.068718294536779, 26.657558009130014 ], [ 86.068718321516826, 26.657557994740671 ], [ 86.068941732255666, 26.657415051906185 ], [ 86.069587936967423, 26.657157555511617 ], [ 86.069587961249397, 26.657157542021594 ], [ 86.069796353111485, 26.657007713886401 ], [ 86.07024700575181, 26.656286362629316 ], [ 86.070394607136166, 26.656045892424913 ], [ 86.070915364655832, 26.655194128753067 ], [ 86.070939464107425, 26.65515676502514 ], [ 86.071532574841285, 26.65423747846171 ], [ 86.071552116468467, 26.654207735689624 ], [ 86.071630048251109, 26.654041250990531 ], [ 86.071932710095496, 26.653603230394708 ], [ 86.07203369720304, 26.65337935919689 ], [ 86.072338668536986, 26.652703321779654 ], [ 86.072488140535881, 26.652330112583627 ], [ 86.072581157746072, 26.652097908157486 ], [ 86.072933422353913, 26.65123374177125 ], [ 86.072933434045297, 26.651233713891941 ], [ 86.073355771156457, 26.650203059209275 ], [ 86.073564173810553, 26.65001036072448 ], [ 86.073564194495248, 26.650010338241088 ], [ 86.073827012248728, 26.649763873975985 ], [ 86.073827034732062, 26.649763857788002 ], [ 86.074465770475399, 26.649458898145383 ], [ 86.075443817719872, 26.648948539624087 ], [ 86.075443841102526, 26.648948527033383 ], [ 86.077191565313456, 26.648050572671025 ], [ 86.077414662184765, 26.647941460980689 ], [ 86.078738219139893, 26.647363361928967 ], [ 86.078738249717276, 26.647363348438944 ], [ 86.080354182834469, 26.646645000957164 ], [ 86.080640075698227, 26.64649565756298 ], [ 86.080826186561922, 26.646399845222959 ], [ 86.081955228377694, 26.645867854123026 ], [ 86.084179272219558, 26.644855536859438 ], [ 86.084518041422314, 26.644686249835786 ], [ 86.085595473161277, 26.64419000186399 ], [ 86.085819445983816, 26.644086585655486 ], [ 86.087507204406222, 26.643307582596094 ], [ 86.087543964681061, 26.643290958408215 ], [ 86.087642497506295, 26.643246400008763 ], [ 86.088042678626493, 26.64304814723755 ], [ 86.089066336491101, 26.642558288134069 ], [ 86.089066363471147, 26.642558275543422 ], [ 86.089890294556199, 26.642171440538846 ], [ 86.091252094787819, 26.641532086953077 ], [ 86.091396296689879, 26.641477992016576 ], [ 86.091482821608281, 26.641445542249301 ], [ 86.091983124676801, 26.641171194135381 ], [ 86.093306656450579, 26.640581770670678 ], [ 86.093482466343346, 26.640494533479796 ], [ 86.093544841447454, 26.640463617076875 ], [ 86.094730510724105, 26.639879986222127 ], [ 86.096523449848235, 26.639058777420871 ], [ 86.096523475029585, 26.639058765729544 ], [ 86.098124231886572, 26.63829046114671 ], [ 86.098347411496604, 26.63820838433395 ], [ 86.100617574981641, 26.637119457308586 ], [ 86.10102888176209, 26.63694467895192 ], [ 86.101256210898896, 26.636848122862716 ], [ 86.101359139668432, 26.636821814646908 ], [ 86.101540522733558, 26.636775504344996 ], [ 86.102686188737266, 26.63632012390616 ], [ 86.104139325323899, 26.635792262547682 ], [ 86.10413935050525, 26.635792253554314 ], [ 86.105000532901443, 26.635465998583356 ], [ 86.105000589559495, 26.635465976999342 ], [ 86.105408206372772, 26.635311564059748 ], [ 86.105984907859522, 26.635093106852196 ], [ 86.108222441710552, 26.634274531300775 ], [ 86.108491537714258, 26.634172415529122 ], [ 86.108875799724387, 26.634037182684494 ], [ 86.109071962443522, 26.63395944875532 ], [ 86.109291616664564, 26.633871096390294 ], [ 86.109552677119495, 26.633766127931437 ], [ 86.110306063550922, 26.633502325407278 ], [ 86.111469388875832, 26.633069594693723 ], [ 86.112151841242053, 26.63281629638999 ], [ 86.112205258980111, 26.632796671124765 ], [ 86.11249641474609, 26.632677989621925 ], [ 86.112505303762759, 26.632674416568193 ], [ 86.113136654175776, 26.632443686150395 ], [ 86.115641929633568, 26.631522859927202 ], [ 86.115641959311574, 26.631522849135195 ], [ 86.116341579063374, 26.631265466056732 ], [ 86.117187266835117, 26.630954805536305 ], [ 86.11747929495499, 26.630769343991687 ], [ 86.118118149410407, 26.630574757804993 ], [ 86.118386839814548, 26.630492922913049 ], [ 86.118386865895218, 26.630492921114353 ], [ 86.119264134677621, 26.630071911420089 ], [ 86.120422290631041, 26.630015873922218 ], [ 86.120475989860665, 26.63001118659372 ], [ 86.121074235791298, 26.629958979359117 ], [ 86.121480724839842, 26.629947958021717 ], [ 86.122214124473771, 26.629835171652871 ], [ 86.122543706980309, 26.62978530628385 ], [ 86.124498018989414, 26.629691280021007 ], [ 86.125457825043554, 26.629645307868657 ], [ 86.125818533497807, 26.629622684224046 ], [ 86.12648454064356, 26.629577126664628 ], [ 86.127427942846623, 26.629533282336354 ], [ 86.129232104758955, 26.629420229764662 ], [ 86.130425190842686, 26.629337056663815 ], [ 86.131702008513571, 26.629248074765087 ], [ 86.132326300953821, 26.629238336777178 ], [ 86.13338065488449, 26.629219922015409 ], [ 86.134697865240014, 26.629252757596873 ], [ 86.135228177283466, 26.629272474594188 ], [ 86.135931821554607, 26.629298644312541 ], [ 86.136709034040109, 26.629228913556119 ], [ 86.136709103288865, 26.629228884777433 ], [ 86.136931632680444, 26.629142234851599 ], [ 86.137695280512162, 26.629047576356982 ], [ 86.13825171011257, 26.629001274149061 ], [ 86.138292597430848, 26.6289891682149 ], [ 86.138292785391627, 26.628989150228222 ], [ 86.138292884318389, 26.628989083677482 ], [ 86.138333823798007, 26.628976964253297 ], [ 86.138570858546757, 26.628802422421472 ], [ 86.138683542391504, 26.628176385273377 ], [ 86.138759116120525, 26.627756574391185 ], [ 86.139003212439377, 26.626636590666863 ], [ 86.139003218734729, 26.626636560089537 ], [ 86.139065903209712, 26.626303123037701 ], [ 86.139244750153182, 26.625351875045283 ], [ 86.139513153669725, 26.624166605072901 ], [ 86.139728714122668, 26.622872706352439 ], [ 86.139956229421614, 26.621824832122854 ], [ 86.139999548538867, 26.621529498051416 ], [ 86.14011473073333, 26.620814898993501 ], [ 86.140256839885296, 26.62015010325058 ], [ 86.140442680948809, 26.619176439359705 ], [ 86.140442692640136, 26.619176380903014 ], [ 86.140656938266829, 26.61805629645329 ], [ 86.140699689904352, 26.617833134829937 ], [ 86.14081412205428, 26.617217815044398 ], [ 86.140809378067729, 26.616974083855155 ], [ 86.140804196105591, 26.616698792339889 ], [ 86.140296201033891, 26.616734084901736 ], [ 86.139376818241658, 26.616728516225976 ], [ 86.139293357354006, 26.616624515450383 ], [ 86.13911843690255, 26.616406538487183 ], [ 86.138850169185389, 26.615565494875909 ], [ 86.13850080223142, 26.614575070098397 ], [ 86.138230784410439, 26.613970934429801 ], [ 86.138092005492069, 26.613606911030615 ], [ 86.137961800823462, 26.61326531522127 ], [ 86.137763424843513, 26.612774487535148 ], [ 86.137651891246833, 26.61249849274077 ], [ 86.137317836352565, 26.611311844988791 ], [ 86.137052148824523, 26.61012557405769 ], [ 86.136906867721734, 26.609461315217118 ], [ 86.136821820408954, 26.609183258250027 ], [ 86.136758905704482, 26.608977535611075 ], [ 86.136475757607911, 26.608285347954961 ], [ 86.136152445257608, 26.607507162390164 ], [ 86.136018850999392, 26.606998645704721 ], [ 86.135912462492229, 26.606580547154408 ], [ 86.136158717212481, 26.60652841186652 ], [ 86.13654448111032, 26.606446829687457 ], [ 86.13698442448208, 26.606352407717679 ], [ 86.137428921181595, 26.606253334392761 ], [ 86.137960349298453, 26.60613490740144 ], [ 86.138374991708474, 26.606044770757933 ], [ 86.138950049212838, 26.605919793917508 ], [ 86.139925616094274, 26.605740637603219 ], [ 86.140011204806058, 26.605721318111478 ], [ 86.141093900346561, 26.605476932207125 ], [ 86.142055775768085, 26.605284151882927 ], [ 86.142345681459858, 26.605076049606396 ], [ 86.142550401341452, 26.605226223985142 ], [ 86.142767780247596, 26.605487006545957 ], [ 86.142767800032914, 26.605487027230595 ], [ 86.143040449305033, 26.605734630951815 ], [ 86.1432054626938, 26.60581402055476 ], [ 86.143273098002169, 26.605846568349421 ], [ 86.143586675961899, 26.606083120155802 ], [ 86.143769047395097, 26.606332171804695 ], [ 86.143804088143384, 26.606380025363649 ], [ 86.143843265827854, 26.606639753905029 ], [ 86.143923118587793, 26.606999027022312 ], [ 86.14401728694537, 26.60724551197211 ], [ 86.144017298636697, 26.607245541650116 ], [ 86.144028402712877, 26.60725617357599 ], [ 86.144254064484585, 26.607472620772171 ], [ 86.14426602023002, 26.607483666391602 ], [ 86.144525431306533, 26.607729571271022 ], [ 86.144525797335461, 26.607729918413895 ], [ 86.144630444732115, 26.607829221068982 ], [ 86.144825389753066, 26.608092079292476 ], [ 86.144942992055178, 26.608250719101591 ], [ 86.145360785731327, 26.608527191442306 ], [ 86.145360891852704, 26.608527261590325 ], [ 86.145361084310196, 26.608527390195093 ], [ 86.145652915475921, 26.608735600391697 ], [ 86.145708068928514, 26.608739719341145 ], [ 86.145817579923119, 26.60874790777666 ], [ 86.145892656320484, 26.608750875578664 ], [ 86.146421880169839, 26.608771995536927 ], [ 86.146512297405593, 26.608914529174513 ], [ 86.146589097826109, 26.609052643485143 ], [ 86.146902295367624, 26.609508045507994 ], [ 86.147441775221239, 26.610091190722471 ], [ 86.147896265319503, 26.610669334740862 ], [ 86.148256458455421, 26.611052806236501 ], [ 86.148843486993826, 26.611906990015996 ], [ 86.148957217663281, 26.612142345708264 ], [ 86.149134313603554, 26.61238032655632 ], [ 86.149335972152414, 26.612564314092538 ], [ 86.149494508538112, 26.612763861904625 ], [ 86.149645981555068, 26.613078398554364 ], [ 86.149898751949763, 26.613474805170085 ], [ 86.14991543639303, 26.613551610986633 ], [ 86.150481530235993, 26.614405669758696 ], [ 86.150595260006128, 26.614641025450965 ], [ 86.150709739820797, 26.614858319819689 ], [ 86.150998442203729, 26.615370030039912 ], [ 86.151155603507846, 26.615589823657672 ], [ 86.15131907274025, 26.616057846933074 ], [ 86.15147079577207, 26.616372446536161 ], [ 86.151554025530913, 26.616761038839286 ], [ 86.15229477092447, 26.618256980124158 ], [ 86.152647706435459, 26.619118783960118 ], [ 86.15297196128779, 26.619747983166349 ], [ 86.153064444293591, 26.619983212951865 ], [ 86.153072064350056, 26.620215692574163 ], [ 86.153122113183201, 26.620448423110702 ], [ 86.153269274793217, 26.62083963967018 ], [ 86.153331383694479, 26.621225856832325 ], [ 86.153570587636693, 26.621852366130781 ], [ 86.153708744215976, 26.622396946107187 ], [ 86.153969321728653, 26.623023580413019 ], [ 86.153984880205826, 26.623120697686602 ], [ 86.154303252514808, 26.624212480996562 ], [ 86.154627508266458, 26.624841679303415 ], [ 86.154901652231558, 26.625240399006032 ], [ 86.154969141847801, 26.625326579479577 ], [ 86.155034881360223, 26.62535176532657 ], [ 86.155088120130813, 26.625577745462522 ], [ 86.155158540676382, 26.625905343139038 ], [ 86.155187029776926, 26.626212378444393 ], [ 86.155116965367654, 26.626821197844208 ], [ 86.155121018665682, 26.627204851904594 ], [ 86.154910026829214, 26.628115202686047 ], [ 86.154874837690784, 26.628419612835614 ], [ 86.154476550567836, 26.629705678357425 ], [ 86.153893916175036, 26.630832691275828 ], [ 86.153749238525336, 26.63121090526522 ], [ 86.153657185401187, 26.631359264788102 ], [ 86.153540633521118, 26.631584243965335 ], [ 86.153222540005686, 26.632031385605956 ], [ 86.15270815966295, 26.632585701771632 ], [ 86.15207641264368, 26.633385181765505 ], [ 86.151834066428705, 26.633568786185492 ], [ 86.1515927823271, 26.633729829914273 ], [ 86.150776073792883, 26.633909987187224 ], [ 86.150557662451433, 26.634035035075044 ], [ 86.150266131663216, 26.634369499166212 ], [ 86.150170576532673, 26.63459453949821 ], [ 86.150117766744359, 26.634822143831229 ], [ 86.150100510324705, 26.635205671984863 ], [ 86.15012931149414, 26.635512707290218 ], [ 86.15028209663933, 26.635901736669609 ], [ 86.150448739621197, 26.636920398734162 ], [ 86.150528538421099, 26.6370382015877 ], [ 86.150780556073244, 26.637585782641509 ], [ 86.150919909666015, 26.637800889830089 ], [ 86.151224862113963, 26.638118679370677 ], [ 86.151781842106743, 26.638503341584453 ], [ 86.152270392679327, 26.639000432232137 ], [ 86.152517294020754, 26.639182418750352 ], [ 86.153017784150734, 26.639411032136081 ], [ 86.15345872308518, 26.639542277334044 ], [ 86.154092637499218, 26.639643092668791 ], [ 86.15511237696586, 26.639682980827047 ], [ 86.155619683147791, 26.639760483627413 ], [ 86.156881446867828, 26.640095163558726 ], [ 86.157321322789585, 26.640244407126886 ], [ 86.157830442028683, 26.640283538045935 ], [ 86.158524658582166, 26.640463594593541 ], [ 86.158779499243622, 26.640471910734504 ], [ 86.159222252134612, 26.640567035983395 ], [ 86.159413352502952, 26.640572726069252 ], [ 86.160235740331018, 26.640737788921399 ], [ 86.160745545761927, 26.640758857617584 ], [ 86.161067067538397, 26.640713367508226 ], [ 86.16145107953372, 26.640688500924739 ], [ 86.161885339114974, 26.640494776299931 ], [ 86.162037445263024, 26.640423472608461 ], [ 86.16236559333197, 26.640226808060959 ], [ 86.162630876159767, 26.640007270753415 ], [ 86.163170006172493, 26.639376398786055 ], [ 86.16363151377351, 26.639049686054079 ], [ 86.163957848785174, 26.638889080300942 ], [ 86.164204880530008, 26.638845401450112 ], [ 86.164215254347027, 26.638843215169288 ], [ 86.164786365574003, 26.638900718581453 ], [ 86.165538572079299, 26.639178206270174 ], [ 86.165849713743455, 26.639342448030447 ], [ 86.166344829453806, 26.63966580354878 ], [ 86.167140897374679, 26.640383501711483 ], [ 86.167367613165823, 26.640545053563869 ], [ 86.167613450595127, 26.640745041150296 ], [ 86.167977831929193, 26.641142072803063 ], [ 86.168294154656166, 26.641669657166688 ], [ 86.168439623719735, 26.642212047264934 ], [ 86.168482733292194, 26.642672632149299 ], [ 86.16857158748553, 26.643059098426932 ], [ 86.168601619843116, 26.644284427431103 ], [ 86.168565679760832, 26.644609148138386 ], [ 86.168563106766442, 26.645143911884816 ], [ 86.168595775071822, 26.645834601250556 ], [ 86.168646698956877, 26.646123701139118 ], [ 86.168780977608264, 26.646912006908792 ], [ 86.168875491310075, 26.64860035709296 ], [ 86.169139106772775, 26.650294209402148 ], [ 86.169373806850558, 26.651220755389147 ], [ 86.169526403135649, 26.651609786567235 ], [ 86.169842411095715, 26.652137370031483 ], [ 86.169964580215549, 26.652257672134056 ], [ 86.170088625345954, 26.652337355819213 ], [ 86.170276910799089, 26.652401665390641 ], [ 86.171162166566262, 26.652548980786776 ], [ 86.171926815356642, 26.652557930058833 ], [ 86.172757081349971, 26.652510886799746 ], [ 86.173783699821911, 26.652356668116227 ], [ 86.174290880097089, 26.652413733552805 ], [ 86.174479417363727, 26.652478044023553 ], [ 86.174727943801543, 26.652621659559884 ], [ 86.17502477976069, 26.65263235174109 ], [ 86.175478723063861, 26.652456750493855 ], [ 86.176179255639624, 26.652463074610125 ], [ 86.176805230733692, 26.65271718681106 ], [ 86.176927461008233, 26.652835241478101 ], [ 86.177237102583319, 26.653037853320939 ], [ 86.177735657346659, 26.653286651357575 ], [ 86.178049425065865, 26.653392273632278 ], [ 86.178239462421516, 26.653418212221766 ], [ 86.179054723028059, 26.653716262281705 ], [ 86.179181831289895, 26.653721513492599 ], [ 86.18081391644472, 26.654279242630537 ], [ 86.181627363994039, 26.654613350585521 ], [ 86.181941945610504, 26.654700911536622 ], [ 86.182128605967193, 26.654803530935283 ], [ 86.18238050940397, 26.654870402709093 ], [ 86.182935301317286, 26.655293312696017 ], [ 86.183239753735563, 26.655610976329854 ], [ 86.183440721595957, 26.655867082354177 ], [ 86.183583137420783, 26.656005572586366 ], [ 86.18394458063085, 26.65647697465937 ], [ 86.184291891707403, 26.657255222278252 ], [ 86.184345504600913, 26.657487889861329 ], [ 86.184575775459109, 26.65803078268732 ], [ 86.184813485607606, 26.658422501974485 ], [ 86.185260155097922, 26.659356989080209 ], [ 86.185418005291865, 26.659630904614517 ], [ 86.185771568537973, 26.660276040917495 ], [ 86.186303239474967, 26.660734882892712 ], [ 86.187216597629117, 26.66168781353889 ], [ 86.187879930155702, 26.662533311551158 ], [ 86.188092578565318, 26.663001585740744 ], [ 86.188192687922935, 26.663139825058749 ], [ 86.188805031812421, 26.663696162027804 ], [ 86.189245470717196, 26.663827282218335 ], [ 86.189494810152894, 26.663952774377094 ], [ 86.190193153749817, 26.664015468744765 ], [ 86.190757074801979, 26.664226209667049 ], [ 86.191010039452806, 26.664275084869416 ], [ 86.191456232296105, 26.66427090476526 ], [ 86.191962662526805, 26.664348157550762 ], [ 86.192346050384344, 26.664323291866594 ], [ 86.192599890087081, 26.664351792658522 ], [ 86.193036766730131, 26.664559656611573 ], [ 86.193540571804988, 26.664691090669635 ], [ 86.1941014288264, 26.664980887542015 ], [ 86.194614728169711, 26.66538092386952 ], [ 86.194897120825772, 26.665716460866065 ], [ 86.195081218080759, 26.665877698850977 ], [ 86.195390923508569, 26.666080310693815 ], [ 86.195826923300956, 26.666306173017006 ], [ 86.196380778108335, 26.666747019320042 ], [ 86.196563811451256, 26.666926317729121 ], [ 86.196592056832344, 26.667014560375378 ], [ 86.196713782580559, 26.66738977958272 ], [ 86.197134401064602, 26.66798104668203 ], [ 86.197369423103964, 26.668449507933019 ], [ 86.197543766183003, 26.668838602064454 ], [ 86.197633309266166, 26.669224942435335 ], [ 86.197662610465272, 26.669531977740689 ], [ 86.197562116192728, 26.669892444274126 ], [ 86.19753099024507, 26.670120173614578 ], [ 86.197341318918291, 26.670574879552987 ], [ 86.197163264288065, 26.671257627800003 ], [ 86.197115632864552, 26.671868821441421 ], [ 86.197004634371638, 26.672477452880457 ], [ 86.196937182527392, 26.673546604451758 ], [ 86.196908682634842, 26.67371796354081 ], [ 86.196839741493591, 26.67432909692684 ], [ 86.196625632565656, 26.674858107634066 ], [ 86.196630498861623, 26.675241760795188 ], [ 86.196666492004624, 26.675395372428227 ], [ 86.196718603010481, 26.675666473946649 ], [ 86.196786085432052, 26.676070751532961 ], [ 86.196769266987985, 26.676451967499077 ], [ 86.196908545036706, 26.677145532035468 ], [ 86.197306909502402, 26.678230878812371 ], [ 86.197633660006375, 26.679006690135623 ], [ 86.197868807053169, 26.679454778774868 ], [ 86.198209867758862, 26.680384138777811 ], [ 86.198618357825353, 26.681239381972659 ], [ 86.198728708797887, 26.681625849149668 ], [ 86.198962791932615, 26.682091999112458 ], [ 86.199190498789733, 26.682711571848188 ], [ 86.199317101625866, 26.682973988498702 ], [ 86.199443329439816, 26.683236466303981 ], [ 86.199933245201294, 26.684171078417137 ], [ 86.20005452757789, 26.68478783893562 ], [ 86.200034708955798, 26.685245859818906 ], [ 86.199939528847551, 26.685470901050223 ], [ 86.199803531569046, 26.686156085592927 ], [ 86.199705351282716, 26.686457932640735 ], [ 86.199495368498958, 26.686889951981186 ], [ 86.199204463647163, 26.687224542878425 ], [ 86.198741765328009, 26.687609999204085 ], [ 86.198281693963338, 26.687939150030331 ], [ 86.197934112187284, 26.688117690300942 ], [ 86.197570345997633, 26.688181053773064 ], [ 86.197284629403384, 26.688400590181288 ], [ 86.197105773466603, 26.688604882879247 ], [ 86.196901793736856, 26.688903789105098 ], [ 86.196828737243493, 26.689111019027735 ], [ 86.196536756788305, 26.689962312347916 ], [ 86.196367060567752, 26.691409991776197 ], [ 86.196258751083235, 26.691941942406118 ], [ 86.196246871781227, 26.692208105681857 ], [ 86.195923276140718, 26.692808733948084 ], [ 86.195720100415485, 26.69356803799684 ], [ 86.195644041945457, 26.693851885775189 ], [ 86.195660161607009, 26.693967063472996 ], [ 86.195559781549889, 26.694803673367971 ], [ 86.195009501594996, 26.696698182367982 ], [ 86.195002811449797, 26.69684935590675 ], [ 86.194792881726698, 26.697762019775041 ], [ 86.194680018914482, 26.697910316344519 ], [ 86.194481666317188, 26.69807617510719 ], [ 86.19422138558474, 26.698201034134854 ], [ 86.193881556067254, 26.698208150564312 ], [ 86.193624776441879, 26.698256329682181 ], [ 86.193286070192471, 26.698225076928395 ], [ 86.193158151630769, 26.698240136275274 ], [ 86.193006294598206, 26.698311439966744 ], [ 86.192869058037559, 26.698536353492614 ], [ 86.192834555090883, 26.698840764541501 ], [ 86.192900662430873, 26.699263102552038 ], [ 86.192999270800158, 26.699439650797956 ], [ 86.193186807108134, 26.699521959638844 ], [ 86.193439584697501, 26.699568520854996 ], [ 86.193814281391838, 26.699735387771 ], [ 86.194123048814333, 26.699955998883297 ], [ 86.194201034557011, 26.700112111564067 ], [ 86.194271581908652, 26.700439707441944 ], [ 86.194305010151254, 26.700649752279787 ], [ 86.194155832234514, 26.701143080114264 ], [ 86.193978204787868, 26.702283850143942 ], [ 86.193753968460442, 26.703040716098428 ], [ 86.193384627299679, 26.703715524126096 ], [ 86.193121084683071, 26.704395519511991 ], [ 86.192821863690313, 26.704919530821826 ], [ 86.192611068807992, 26.70537192367334 ], [ 86.192519578666861, 26.70552259628306 ], [ 86.192321163116219, 26.705688390293687 ], [ 86.191937202382917, 26.706209711695749 ], [ 86.191796590621948, 26.706511306930111 ], [ 86.191786523477845, 26.70673909922391 ], [ 86.191890061096444, 26.707278990073178 ], [ 86.19198610636397, 26.707511970624523 ], [ 86.192245689213223, 26.707883504361405 ], [ 86.192362792384984, 26.708116548765418 ], [ 86.192416404379173, 26.70834927750326 ], [ 86.19244770749566, 26.708676686319677 ], [ 86.192489504939886, 26.709116960646327 ], [ 86.192618478420343, 26.709580233639883 ], [ 86.192606848233822, 26.709848646149794 ], [ 86.192660773196224, 26.710079126552785 ], [ 86.19264764382001, 26.710385912742595 ], [ 86.192595458169421, 26.710613514377656 ], [ 86.192566134486981, 26.711301578587609 ], [ 86.192595686600271, 26.711608612993643 ], [ 86.192834645923654, 26.711980022622413 ], [ 86.192870514059166, 26.712135946443084 ], [ 86.192839388111508, 26.712363737837563 ], [ 86.192725338178491, 26.71255253051504 ], [ 86.192299579101643, 26.712574959004201 ], [ 86.19202011557627, 26.712661384995897 ], [ 86.191800640322697, 26.71282711605312 ], [ 86.191552666075893, 26.713161893112556 ], [ 86.191222516089624, 26.713437550656693 ], [ 86.190873309217125, 26.713656774996082 ], [ 86.19067751882227, 26.713763886567733 ], [ 86.190306501303041, 26.714000921316483 ], [ 86.189558024335611, 26.714626227306098 ], [ 86.188923598200518, 26.715062551758081 ], [ 86.188589071155945, 26.715435262723076 ], [ 86.188452085509425, 26.715660115993614 ], [ 86.188372150010764, 26.716038767059274 ], [ 86.188445497888324, 26.716808636483165 ], [ 86.1884555533411, 26.717077175799204 ], [ 86.188427803493028, 26.71722822433054 ], [ 86.188060704371821, 26.718365615562618 ], [ 86.187766544830481, 26.71879488473985 ], [ 86.187431895476493, 26.719165282617951 ], [ 86.187161296685758, 26.719540493731358 ], [ 86.186842390172387, 26.720046443717649 ], [ 86.186817204325394, 26.720141059044238 ], [ 86.186572231155992, 26.720401407226689 ], [ 86.186311513347221, 26.720544327577898 ], [ 86.18611647479554, 26.720633440779409 ], [ 86.185725084664568, 26.720850102017039 ], [ 86.185352252289476, 26.721123257614181 ], [ 86.184921556768586, 26.721262925074484 ], [ 86.184407997517781, 26.721359283310221 ], [ 86.184082348697871, 26.721519826109954 ], [ 86.183748823511337, 26.721872162664567 ], [ 86.183432480099725, 26.722321678546791 ], [ 86.183295493553885, 26.722546531817329 ], [ 86.183155130908403, 26.722848064997606 ], [ 86.183085699630169, 26.722980801291214 ], [ 86.182865713554975, 26.723660986436585 ], [ 86.182806713651132, 26.724041952387836 ], [ 86.182733530351697, 26.724269429914784 ], [ 86.182589790707311, 26.724647705958205 ], [ 86.182077774713548, 26.725703039263578 ], [ 86.181979843542763, 26.726004824257359 ], [ 86.18179367242368, 26.726380599253105 ], [ 86.181646931701948, 26.726835494051613 ], [ 86.181338600456399, 26.729582052711692 ], [ 86.181237544100156, 26.729962829802844 ], [ 86.181075808783589, 26.730261988741518 ], [ 86.180834387983225, 26.730944298113627 ], [ 86.180575034464084, 26.731547551535698 ], [ 86.180351610235221, 26.732304416590807 ], [ 86.180186811787223, 26.732682567626796 ], [ 86.179540808526326, 26.733886011339507 ], [ 86.179023674423092, 26.734557691483758 ], [ 86.178644277809553, 26.734984208699132 ], [ 86.178233256118006, 26.735658766711992 ], [ 86.1778954788806, 26.736108095532757 ], [ 86.177463083618591, 26.736782526739489 ], [ 86.177138914202999, 26.737917855798855 ], [ 86.176949992021434, 26.738370312503093 ], [ 86.176845748425706, 26.738669784409979 ], [ 86.176805003202162, 26.73878689747437 ], [ 86.176682947398433, 26.739165299424599 ], [ 86.176433660124076, 26.73953838631121 ], [ 86.176262732715315, 26.740067648831939 ], [ 86.176250103368773, 26.74037443412243 ], [ 86.176324390150967, 26.741139803279282 ], [ 86.176429551966635, 26.74167969412855 ], [ 86.176416921720772, 26.741984290440257 ], [ 86.176452913964397, 26.742137902972672 ], [ 86.176253477669718, 26.743355227904715 ], [ 86.176243973508633, 26.74358533238609 ], [ 86.176006178822718, 26.744188648761508 ], [ 86.175686709326328, 26.744712534164648 ], [ 86.175311929893269, 26.745540764965256 ], [ 86.175195440067228, 26.745785990847537 ], [ 86.175053512580746, 26.746125895909074 ], [ 86.174933760870545, 26.74696231874259 ], [ 86.174942252381584, 26.74726929109454 ], [ 86.174881563528629, 26.747706688451899 ], [ 86.174423920365598, 26.748475673830512 ], [ 86.173565644616644, 26.749172471472434 ], [ 86.173219374968824, 26.749314827941191 ], [ 86.172963845417598, 26.74932463427848 ], [ 86.172617576669097, 26.749466990747294 ], [ 86.172029896113543, 26.749790763556632 ], [ 86.17159882557047, 26.749930431916255 ], [ 86.171425034682443, 26.750019671024518 ], [ 86.170141262462153, 26.750208443916677 ], [ 86.169461540473833, 26.750186433617785 ], [ 86.169120147913929, 26.750213737396223 ], [ 86.168867744447482, 26.750146863823772 ], [ 86.168612716724624, 26.750138547682809 ], [ 86.167937120880367, 26.750021797049953 ], [ 86.167510926525893, 26.750046349765853 ], [ 86.167252834772285, 26.750112526354542 ], [ 86.166740026465334, 26.75017269988922 ], [ 86.166145417441101, 26.750153441552186 ], [ 86.165575744249111, 26.750039504935273 ], [ 86.1650708150068, 26.749907882017055 ], [ 86.164731047543341, 26.749896877766957 ], [ 86.164202180729546, 26.749909554778185 ], [ 86.164071509306609, 26.749913301403353 ], [ 86.16381379347456, 26.749963667701365 ], [ 86.163131632492593, 26.749979966330386 ], [ 86.162788864851109, 26.750025333231008 ], [ 86.162443407301851, 26.750131566153414 ], [ 86.162309172717869, 26.750279737715459 ], [ 86.162307172599185, 26.750338358999727 ], [ 86.162125568297881, 26.750463656003035 ], [ 86.161984773072788, 26.750557582439797 ], [ 86.160303291101968, 26.751337420980406 ], [ 86.159835282215909, 26.751657322157087 ], [ 86.159190229550973, 26.752269443011812 ], [ 86.158871948074705, 26.75277751632558 ], [ 86.158851325448097, 26.752811325885716 ], [ 86.158421499583199, 26.753241966547193 ], [ 86.158169397393578, 26.753642114392107 ], [ 86.157151071679948, 26.75476424572588 ], [ 86.156912968522477, 26.755135146331668 ], [ 86.156837411880758, 26.755414493842977 ], [ 86.156882205006355, 26.755938261433357 ], [ 86.156974937127643, 26.756320039483171 ], [ 86.157028220864959, 26.757227522288645 ], [ 86.157031397312437, 26.75778259659279 ], [ 86.156909277655984, 26.758233179984416 ], [ 86.156673922863035, 26.758789125743192 ], [ 86.156022350027058, 26.760326350952596 ], [ 86.154803159876394, 26.762155790444012 ], [ 86.154394318170318, 26.76308982428543 ], [ 86.15428864103626, 26.763242621121947 ], [ 86.154071296304835, 26.763146564163094 ], [ 86.15214400658266, 26.76233172804217 ], [ 86.15095436314931, 26.761751510159684 ], [ 86.150498118450514, 26.761459902928095 ], [ 86.148886659519633, 26.760741751501143 ], [ 86.147913053186187, 26.760095107015104 ], [ 86.146449460043812, 26.758879064533232 ], [ 86.146184066597925, 26.758453286570386 ], [ 86.14602440784347, 26.758118376409584 ], [ 86.145634915307085, 26.757306005362977 ], [ 86.14529055854257, 26.755668020577502 ], [ 86.14509109706654, 26.755080131376531 ], [ 86.145049429126402, 26.754430064924861 ], [ 86.144745125098211, 26.752990877007619 ], [ 86.14464629009683, 26.751751486917328 ], [ 86.144431392453043, 26.751206406911251 ], [ 86.144396603518203, 26.750355546170681 ], [ 86.144330112162606, 26.750339358159749 ], [ 86.143457739354176, 26.749826388872009 ], [ 86.143211526003256, 26.749606029573215 ], [ 86.14277671513031, 26.749325860070655 ], [ 86.141853041615889, 26.748512479072076 ], [ 86.141665694168012, 26.748409797619388 ], [ 86.140598282807844, 26.747974631509521 ], [ 86.140286014278331, 26.747812452821336 ], [ 86.139530183457225, 26.747557462870475 ], [ 86.138967450425241, 26.747271977405035 ], [ 86.13858875349348, 26.747165918054066 ], [ 86.138149441454175, 26.746978176697951 ], [ 86.137140079401888, 26.746678749757734 ], [ 86.136389187722784, 26.746310894296641 ], [ 86.135883757551483, 26.746179148169688 ], [ 86.135570364854516, 26.746037342992622 ], [ 86.135321838416701, 26.745875664334108 ], [ 86.135221416090872, 26.745737425915422 ], [ 86.135104563833295, 26.745486196979073 ], [ 86.134772497366384, 26.744786940558186 ], [ 86.134511299313317, 26.743934701138699 ], [ 86.133605383147597, 26.742719731562204 ], [ 86.133391172594941, 26.742253581599414 ], [ 86.133230886105366, 26.742017975892338 ], [ 86.133070849630599, 26.74178455646603 ], [ 86.132699790742038, 26.741006119987048 ], [ 86.132500199761921, 26.740693457549241 ], [ 86.132325417807863, 26.740304301363778 ], [ 86.132260053317736, 26.740168501039363 ], [ 86.13209058372928, 26.739817777889868 ], [ 86.131773138633605, 26.739267509626302 ], [ 86.131430380884808, 26.738814107722078 ], [ 86.131376517077115, 26.738583627319144 ], [ 86.131101754370206, 26.73803592215728 ], [ 86.130849872517445, 26.736951265169466 ], [ 86.130776585794649, 26.736181395745575 ], [ 86.130760965263391, 26.736045907490052 ], [ 86.13072692367507, 26.735355219023631 ], [ 86.130739927144532, 26.735048432833821 ], [ 86.130805555139546, 26.734511794875402 ], [ 86.130857115753031, 26.734302314819274 ], [ 86.130891817452436, 26.73349695138279 ], [ 86.130833086449456, 26.732880567685186 ], [ 86.130778911472191, 26.732650087282195 ], [ 86.130496093431191, 26.731795471822409 ], [ 86.130278567034338, 26.731403691380535 ], [ 86.130128158828768, 26.730938042346736 ], [ 86.12987139269336, 26.73046714300142 ], [ 86.12975691287869, 26.730157293680179 ], [ 86.129776731500783, 26.729697085616749 ], [ 86.12982141580693, 26.729640965380156 ], [ 86.13008250953726, 26.729513920071724 ], [ 86.130878106207206, 26.728850931090676 ], [ 86.131052209164068, 26.728761754935761 ], [ 86.131404856888253, 26.72848409637362 ], [ 86.132473727867364, 26.727906231148722 ], [ 86.133677072653313, 26.72766083709098 ], [ 86.134442970618522, 26.727685846668521 ], [ 86.13477917402156, 26.727793904339535 ], [ 86.134997521510343, 26.727666671969587 ], [ 86.135128382692699, 26.727595242371365 ], [ 86.135488520069941, 26.727644805564182 ], [ 86.135910712388352, 26.727737680679525 ], [ 86.136336969696231, 26.727731250441877 ], [ 86.137025820823396, 26.727563965335548 ], [ 86.137574942436231, 26.727179197000396 ], [ 86.138008514026978, 26.727001283565585 ], [ 86.138522197385896, 26.726943483373248 ], [ 86.138696551256942, 26.726852057984161 ], [ 86.139725793086029, 26.726695840980653 ], [ 86.139981884720953, 26.726686095798073 ], [ 86.140384455371475, 26.726738160937884 ], [ 86.140605429814684, 26.726552243431001 ], [ 86.140487513645041, 26.726319074918877 ], [ 86.140365719547503, 26.726180647640092 ], [ 86.140327165101439, 26.726083467413105 ], [ 86.140187447278436, 26.725367341286187 ], [ 86.140087527680294, 26.725211042443334 ], [ 86.139881433616438, 26.725049553544238 ], [ 86.139440619689424, 26.724900247022788 ], [ 86.139249020190732, 26.724894556037611 ], [ 86.138795702823927, 26.725031723349559 ], [ 86.138604477448098, 26.725026032364383 ], [ 86.138206033841072, 26.724876914703032 ], [ 86.138149545776912, 26.724702803652121 ], [ 86.138056438633384, 26.72439314229166 ], [ 86.138054886382974, 26.723930559986627 ], [ 86.138018644124486, 26.723776946554892 ], [ 86.137625139659463, 26.723512778001805 ], [ 86.13746260213702, 26.723335789981604 ], [ 86.13718940157321, 26.722749713837857 ], [ 86.13709204417745, 26.722534792811359 ], [ 86.137041245299827, 26.722227569545225 ], [ 86.137051185637858, 26.72199746596317 ], [ 86.137011880247996, 26.721918285905076 ], [ 86.136663370359315, 26.721600244550928 ], [ 86.136703062462743, 26.721178471322105 ], [ 86.136748870037025, 26.721102040527853 ], [ 86.13692711172871, 26.720417231007389 ], [ 86.136954172687012, 26.720284305853625 ], [ 86.137396332017602, 26.718917311968482 ], [ 86.137443650472903, 26.718303867294253 ], [ 86.137720259512321, 26.717314960592432 ], [ 86.137928178324728, 26.716939435611494 ], [ 86.138312012251959, 26.716434050406917 ], [ 86.138431503155289, 26.71613014208566 ], [ 86.138460880797822, 26.715938533593601 ], [ 86.138511563661382, 26.715749302041161 ], [ 86.1385280700365, 26.715365837740194 ], [ 86.138402348547629, 26.714823509695975 ], [ 86.138393981144645, 26.714516598498733 ], [ 86.138737708375402, 26.713453638841543 ], [ 86.13892119138535, 26.713152417730157 ], [ 86.138965497071922, 26.713114296763081 ], [ 86.139309641593627, 26.713030747740675 ], [ 86.139656536278551, 26.712888328318456 ], [ 86.140169407538906, 26.712848590348983 ], [ 86.140339572312485, 26.712854218380755 ], [ 86.140855068728627, 26.712757986951146 ], [ 86.141615913336409, 26.712399283112234 ], [ 86.141813890012088, 26.712251549525774 ], [ 86.141927628775591, 26.712083003553289 ], [ 86.141847454054073, 26.711965199800431 ], [ 86.141750909656253, 26.711732158094378 ], [ 86.141692118397884, 26.711115836450858 ], [ 86.14177561705759, 26.710658316496563 ], [ 86.141788622325691, 26.710351532105392 ], [ 86.141756130289764, 26.710118864522258 ], [ 86.141551548006248, 26.709420424696589 ], [ 86.141497685097875, 26.709187695059427 ], [ 86.141468262488672, 26.708677551478957 ], [ 86.141449085091722, 26.708343519068023 ], [ 86.14149572634858, 26.707271991456423 ], [ 86.141414948174031, 26.706197398015433 ], [ 86.141443593758709, 26.705049064587286 ], [ 86.141396607157617, 26.704662911277865 ], [ 86.141289194309081, 26.704199700338393 ], [ 86.141272824632722, 26.704084523539962 ], [ 86.141221587779455, 26.703795485705427 ], [ 86.140921460258085, 26.702866188655889 ], [ 86.14081916372038, 26.702766320319768 ], [ 86.140625375242848, 26.702817000485311 ], [ 86.140147370260024, 26.70303072269968 ], [ 86.139826850341592, 26.70305815238487 ], [ 86.138466021390627, 26.703489903723721 ], [ 86.138016142177491, 26.703552576507377 ], [ 86.137625065014731, 26.703730803809776 ], [ 86.136913967063833, 26.703915962278813 ], [ 86.136721618419983, 26.703930583649992 ], [ 86.136139377036102, 26.704100807779639 ], [ 86.135817733849592, 26.70414848596846 ], [ 86.13549195912293, 26.704290904491302 ], [ 86.135169626147217, 26.704354392970856 ], [ 86.134844103234059, 26.704496811493698 ], [ 86.134715558735934, 26.704511808786492 ], [ 86.134132193184655, 26.70470228141977 ], [ 86.13386859930597, 26.704885698778298 ], [ 86.133690869335283, 26.705051617796357 ], [ 86.13308038167105, 26.705375077637484 ], [ 86.131716424836611, 26.705885696965595 ], [ 86.13072480034765, 26.706157153720937 ], [ 86.130401279351872, 26.706243203791018 ], [ 86.129495518770852, 26.706499352083995 ], [ 86.129175060007128, 26.706526782668561 ], [ 86.128788109887807, 26.70660789269732 ], [ 86.128011645648144, 26.706830983273278 ], [ 86.127367602035861, 26.706944400974578 ], [ 86.126597703833284, 26.707011817744728 ], [ 86.126079893430983, 26.707166670458662 ], [ 86.125757497501922, 26.707232284963652 ], [ 86.125502218864881, 26.707223905869284 ], [ 86.125309181331147, 26.707256648819396 ], [ 86.124920417255282, 26.707376069574707 ], [ 86.124599083439648, 26.707423745964945 ], [ 86.123952728539166, 26.707593470964184 ], [ 86.123627705655679, 26.70771557892931 ], [ 86.12337355478337, 26.707686951331311 ], [ 86.123295253374522, 26.707530776596514 ], [ 86.12321701761698, 26.707374602761092 ], [ 86.123131351562506, 26.706911516828995 ], [ 86.122888202242279, 26.706634726124094 ], [ 86.122620617119594, 26.706432176335341 ], [ 86.122542252757341, 26.706413677935473 ], [ 86.122245042675274, 26.706348678574955 ], [ 86.122077383446083, 26.706099447059273 ], [ 86.12191747737478, 26.705622362994461 ], [ 86.121913918710334, 26.705468875469478 ], [ 86.121711705272446, 26.705014100282369 ], [ 86.121652914014078, 26.704325537841385 ], [ 86.121663361576509, 26.70386526682455 ], [ 86.121615934301815, 26.703655158133984 ], [ 86.121569694147922, 26.703503671627061 ], [ 86.121438651300082, 26.703353932525943 ], [ 86.121392848222456, 26.703220506443131 ], [ 86.121082587006299, 26.702688360657817 ], [ 86.120882810763362, 26.702328328502688 ], [ 86.12083656971015, 26.702176839297692 ], [ 86.120593860164263, 26.70179855785824 ], [ 86.120463504407553, 26.701684939605514 ], [ 86.120312712186376, 26.701611758104775 ], [ 86.120184668617242, 26.701595193272908 ], [ 86.119994878578439, 26.701654936026614 ], [ 86.119737914589564, 26.701583375125608 ], [ 86.11954425561612, 26.701491879588502 ], [ 86.11919818112375, 26.701248333662022 ], [ 86.118590147741827, 26.700723369058153 ], [ 86.117941867367392, 26.70029508375228 ], [ 86.117701280249548, 26.700011542646791 ], [ 86.117435325619283, 26.69955632858472 ], [ 86.117277480821372, 26.699176297940767 ], [ 86.116922914817962, 26.698571658645108 ], [ 86.116832681046333, 26.698343177461481 ], [ 86.116636898745469, 26.698154691456864 ], [ 86.116508416301372, 26.698120005945441 ], [ 86.116169897113423, 26.698201366888384 ], [ 86.115953741301439, 26.698053376991822 ], [ 86.115583298456613, 26.697676529090643 ], [ 86.115228671298496, 26.697069576708088 ], [ 86.115067391044931, 26.696536058539152 ], [ 86.115038963998359, 26.696231275165985 ], [ 86.115077836808609, 26.696075851375042 ], [ 86.115065350456177, 26.695540961721861 ], [ 86.115097167092358, 26.695080878665806 ], [ 86.11516942048047, 26.694544302761471 ], [ 86.115309347848324, 26.69415709003664 ], [ 86.115197741405609, 26.69393073397913 ], [ 86.114804304390589, 26.693476954354708 ], [ 86.114361129711995, 26.692720577637886 ], [ 86.1139444458139, 26.692192242330464 ], [ 86.113852276675686, 26.691887020082333 ], [ 86.11397114434061, 26.691501930684979 ], [ 86.114115129503205, 26.691288451290802 ], [ 86.114171441297856, 26.690981918713135 ], [ 86.114022418066554, 26.690064934444536 ], [ 86.114016986089553, 26.689834706754425 ], [ 86.114070176296138, 26.689374747806482 ], [ 86.114424155034555, 26.688142676495772 ], [ 86.114506709393595, 26.688025876399593 ], [ 86.114736808478995, 26.687869332038531 ], [ 86.114859670085991, 26.687655728536299 ], [ 86.11519076167491, 26.687267455496738 ], [ 86.115398862152745, 26.687072541053112 ], [ 86.115644900133589, 26.686685891311356 ], [ 86.116125658876911, 26.686312059776242 ], [ 86.116224276239507, 26.685985464857026 ], [ 86.116241778177312, 26.685832165292823 ], [ 86.116172917076824, 26.68560374796192 ], [ 86.115552521450525, 26.684541708323422 ], [ 86.115327063827579, 26.684010063467042 ], [ 86.115309457567037, 26.683245006379082 ], [ 86.115381708257189, 26.682706182139896 ], [ 86.115400022293557, 26.682573132878019 ], [ 86.115479703280698, 26.68234121713806 ], [ 86.11562306430551, 26.682109739373743 ], [ 86.11579474715478, 26.681264630773057 ], [ 86.115737455086048, 26.680632435885457 ], [ 86.115585104319166, 26.680482571776963 ], [ 86.115328826522102, 26.680449383656537 ], [ 86.114172299262464, 26.680106020656012 ], [ 86.11340352882462, 26.679965831581967 ], [ 86.112956026551103, 26.679935950312483 ], [ 86.11161626629638, 26.679941116985958 ], [ 86.110257506712799, 26.680043145522177 ], [ 86.109981853665317, 26.680084323325332 ], [ 86.109538159171677, 26.680207868426123 ], [ 86.109282881433955, 26.680212988334233 ], [ 86.108838251633074, 26.68029828566182 ], [ 86.108712703715582, 26.680376462962613 ], [ 86.108522602507207, 26.680436203917623 ], [ 86.10782156900251, 26.680467877559693 ], [ 86.107567664547673, 26.680531741960806 ], [ 86.107228083246355, 26.680556671497641 ], [ 86.107101224100063, 26.68059647871587 ], [ 86.106718525132294, 26.680603096014977 ], [ 86.106337074440034, 26.680668396652436 ], [ 86.106147285300494, 26.680728137607446 ], [ 86.105770391533326, 26.680985232899047 ], [ 86.105580291224271, 26.681044974753377 ], [ 86.104752399472545, 26.681116454714356 ], [ 86.104305708398215, 26.681106884002531 ], [ 86.103409142607461, 26.680968132064152 ], [ 86.102389526349555, 26.681024858451792 ], [ 86.100858664827115, 26.681053517526493 ], [ 86.100668876586951, 26.681113258481503 ], [ 86.100350293833799, 26.681138250971742 ], [ 86.099712564445156, 26.681150052031683 ], [ 86.099520341708001, 26.681114988800005 ], [ 86.099010033549405, 26.681125290670309 ], [ 86.098689888653212, 26.681073601452056 ], [ 86.098115402225915, 26.681063219541045 ], [ 86.097987920740536, 26.681066902313546 ], [ 86.097802130039724, 26.68109508564055 ], [ 86.097909361222776, 26.681355250358934 ], [ 86.09830198883725, 26.681768408867924 ], [ 86.098416090032345, 26.682112066849982 ], [ 86.098379153488054, 26.682341983370577 ], [ 86.0983725784576, 26.682973739383215 ], [ 86.098166535655821, 26.683265834953147 ], [ 86.098089415072366, 26.683610552350615 ], [ 86.098141149257344, 26.684012516850032 ], [ 86.09825425219168, 26.684297554447198 ], [ 86.098257000556202, 26.684412608036894 ], [ 86.098217190640014, 26.684527470967794 ], [ 86.098094015165486, 26.68470257938003 ], [ 86.09761644366165, 26.6851734661347 ], [ 86.097327911252819, 26.685543989919552 ], [ 86.097288288398033, 26.685658791695744 ], [ 86.097101810606148, 26.685853895898845 ], [ 86.097005063858148, 26.686259420861347 ], [ 86.096901762764389, 26.68637615800418 ], [ 86.096862014002852, 26.686490959780372 ], [ 86.096656473029384, 26.686782992396957 ], [ 86.096831135371986, 26.686971353394142 ], [ 86.097305315487574, 26.687249648684713 ], [ 86.097500786618866, 26.687420138117886 ], [ 86.097678006667252, 26.687723612960156 ], [ 86.098088882666673, 26.688021843786203 ], [ 86.098879212837062, 26.688178031111647 ], [ 86.099310024372016, 26.688419953740379 ], [ 86.099896499820034, 26.688944978599579 ], [ 86.100115214237064, 26.689208022085893 ], [ 86.10016382773324, 26.689456562913051 ], [ 86.100364730841591, 26.689857217982308 ], [ 86.100391471636954, 26.690085259391594 ], [ 86.100688476670882, 26.690942375899112 ], [ 86.100652912510157, 26.691230911905279 ], [ 86.100832504102129, 26.691631441967104 ], [ 86.100835375675388, 26.691746556711507 ], [ 86.100905487749401, 26.692013221815557 ], [ 86.101016405302289, 26.692203456125355 ], [ 86.101406908690024, 26.692539932925911 ], [ 86.101579196791022, 26.692633489736409 ], [ 86.101774792030426, 26.692801728136715 ], [ 86.102098432637661, 26.693006840127907 ], [ 86.102785897891238, 26.69331807352404 ], [ 86.103197087758247, 26.693618491530287 ], [ 86.103329066812705, 26.69380660071397 ], [ 86.103333373722933, 26.693980398796668 ], [ 86.103273627371948, 26.694153757105084 ], [ 86.103150390742712, 26.694328989625376 ], [ 86.103092892726579, 26.694579090796935 ], [ 86.103074766650991, 26.694714329037595 ], [ 86.103149373596011, 26.695172851749248 ], [ 86.103221479493413, 26.695516320871207 ], [ 86.103334834241252, 26.695801361166332 ], [ 86.103306138293874, 26.69637655896679 ], [ 86.103357124233014, 26.69672208936214 ], [ 86.103256382643622, 26.696953880993988 ], [ 86.103264685294562, 26.697299161374474 ], [ 86.103223752110239, 26.697357530845238 ], [ 86.103160946225159, 26.697397776039054 ], [ 86.101906551647403, 26.697383068331817 ], [ 86.100695960028588, 26.697427293977682 ], [ 86.100506423601928, 26.697487034932692 ], [ 86.100229584332965, 26.697473968509883 ], [ 86.098190290662501, 26.697515242541726 ], [ 86.097109182446445, 26.697632463526247 ], [ 86.095899089058605, 26.697694686642933 ], [ 86.095072947410699, 26.697806787719287 ], [ 86.094181626535487, 26.69786201761525 ], [ 86.093610574664524, 26.697968934930771 ], [ 86.092401357227914, 26.698069530828036 ], [ 86.091764129667581, 26.698083454316134 ], [ 86.090873307023344, 26.698156745535584 ], [ 86.089789700457629, 26.698179162333417 ], [ 86.089535983064252, 26.698222654122787 ], [ 86.088962121674058, 26.698234769050316 ], [ 86.08849668128579, 26.698319752510372 ], [ 86.088286019504835, 26.698399617860957 ], [ 86.088033177163425, 26.698481480632211 ], [ 86.087781457190772, 26.698622025842496 ], [ 86.087465558050098, 26.698741884573394 ], [ 86.087256271350782, 26.698880430564316 ], [ 86.086918313347212, 26.698963979586722 ], [ 86.086414937254631, 26.699242883726413 ], [ 86.086224647186157, 26.699284438350446 ], [ 86.086036670204521, 26.699423111147439 ], [ 86.085658904083402, 26.699621524000122 ], [ 86.085222702840213, 26.700051915546055 ], [ 86.084972419103849, 26.700248893961088 ], [ 86.084275381339808, 26.700436176656922 ], [ 86.083512107631009, 26.700507969586056 ], [ 86.082873254074968, 26.700463211534498 ], [ 86.082081363560178, 26.700230219291825 ], [ 86.082064736674283, 26.700421890737232 ], [ 86.082136720262213, 26.70076535985919 ], [ 86.082113643353296, 26.701570725094371 ], [ 86.082271864072823, 26.701971130148763 ], [ 86.082382221340708, 26.70214111685425 ], [ 86.082598813329639, 26.702309481161251 ], [ 86.082942951555992, 26.702476408332643 ], [ 86.083354265531113, 26.702794949716463 ], [ 86.083613102832544, 26.70294331463532 ], [ 86.083955806621304, 26.703051562965072 ], [ 86.08451622566713, 26.703384603410655 ], [ 86.084688949045756, 26.703496283598724 ], [ 86.084842362825327, 26.703686831776054 ], [ 86.084825173855734, 26.703858128811078 ], [ 86.084762867101006, 26.703916435328438 ], [ 86.084467342370772, 26.704000296419736 ], [ 86.084211814618186, 26.703985106669506 ], [ 86.084021962525355, 26.704047035703979 ], [ 86.08379067901717, 26.704147085705529 ], [ 86.083729746444646, 26.704264073762545 ], [ 86.083929213316708, 26.704606045493449 ], [ 86.084456876821719, 26.705342801441645 ], [ 86.085107156415518, 26.705868204021158 ], [ 86.085288620420727, 26.706343226812578 ], [ 86.085667243607077, 26.707065481000996 ], [ 86.085696857774394, 26.707408638054062 ], [ 86.085767466280743, 26.707695613715828 ], [ 86.085775707776975, 26.708040957949038 ], [ 86.086025598504364, 26.708674341756137 ], [ 86.086306100760453, 26.709813369775986 ], [ 86.086317962075839, 26.710332385285767 ], [ 86.086392192199924, 26.710790970950825 ], [ 86.086359125489594, 26.711194621701395 ], [ 86.086450295467841, 26.711461473866905 ], [ 86.086390486163452, 26.71163483307464 ], [ 86.084763131505156, 26.712050829881605 ], [ 86.084381368744062, 26.71207769478508 ], [ 86.084142279017271, 26.711852774963859 ], [ 86.08405623074583, 26.711816087535055 ], [ 86.08379957702715, 26.711744465479342 ], [ 86.08347918301547, 26.711672466602749 ], [ 86.083227588050249, 26.711831073136523 ], [ 86.082849260744752, 26.712011362611577 ], [ 86.082280143341109, 26.712215333348013 ], [ 86.081391257862151, 26.712385553880267 ], [ 86.080945877117415, 26.712432290466495 ], [ 86.080880824696123, 26.712431790436824 ], [ 86.079537064204033, 26.712420831153452 ], [ 86.079091184328945, 26.712526314031322 ], [ 86.078261665682078, 26.712656287571122 ], [ 86.078007260298307, 26.712738150342375 ], [ 86.077687177456141, 26.712742831375579 ], [ 86.077407779582131, 26.712653023888265 ], [ 86.077256175262391, 26.712559530031115 ], [ 86.077211558406304, 26.712484784588639 ], [ 86.077157014702095, 26.711967641492095 ], [ 86.077210641085685, 26.711507747296196 ], [ 86.076989491272343, 26.711167774784599 ], [ 86.076858823446742, 26.711054156531873 ], [ 86.076496496191396, 26.711081149140739 ], [ 86.076178786691514, 26.711182884494121 ], [ 86.075158229730334, 26.711356725744849 ], [ 86.074140232273578, 26.711645682639301 ], [ 86.073630174129789, 26.711732604164013 ], [ 86.073439322876879, 26.711794531399846 ], [ 86.073186353729398, 26.711932826476584 ], [ 86.072805025346554, 26.71205668454553 ], [ 86.072061372406381, 26.712205220337864 ], [ 86.071785406390688, 26.712268897677518 ], [ 86.071337527296237, 26.712277202127098 ], [ 86.071080063277691, 26.71222588972978 ], [ 86.070759979536206, 26.712232820896475 ], [ 86.070633246296609, 26.7122929377731 ], [ 86.070423895744568, 26.712469793591197 ], [ 86.069537128197112, 26.712888179029051 ], [ 86.069282971029452, 26.712970041800304 ], [ 86.069092995727829, 26.71307027886337 ], [ 86.068839089474352, 26.713172454890355 ], [ 86.068520442868532, 26.713235754509753 ], [ 86.068137055010936, 26.713262620312548 ], [ 86.067882212550842, 26.713324109572739 ], [ 86.067539196693247, 26.713254173768178 ], [ 86.067127194727675, 26.712976191445819 ], [ 86.066912974282332, 26.712943190386852 ], [ 86.06640141515021, 26.712971367418561 ], [ 86.066272621536598, 26.712936681007818 ], [ 86.065952101618109, 26.712923300717421 ], [ 86.065694512592188, 26.712851678661707 ], [ 86.065499790605998, 26.712739810512858 ], [ 86.065235895450485, 26.712401897476013 ], [ 86.06486507758342, 26.712045173970409 ], [ 86.064648358788361, 26.711897121120444 ], [ 86.064372082502473, 26.711958422419855 ], [ 86.063972379827874, 26.712215330649997 ], [ 86.063784399248959, 26.712392311475526 ], [ 86.063259336617705, 26.712767894013837 ], [ 86.062967556714, 26.713079610352338 ], [ 86.062403120343504, 26.713588117145036 ], [ 86.062300192473344, 26.713763411719412 ], [ 86.062301629608953, 26.71381984402484 ], [ 86.062441286277306, 26.714335238816261 ], [ 86.062576948104208, 26.714676834625607 ], [ 86.062453523514193, 26.714872315649586 ], [ 86.062137811435036, 26.715068793135629 ], [ 86.061799352502476, 26.715210960744287 ], [ 86.061287357193351, 26.715221139405799 ], [ 86.060863285266976, 26.71534468360727 ], [ 86.060587820180331, 26.715426358417744 ], [ 86.059933649168556, 26.715765004411764 ], [ 86.059742674706911, 26.715806622888522 ], [ 86.059550699286604, 26.715812117818928 ], [ 86.059421654758808, 26.715775118321233 ], [ 86.059076079396789, 26.715590068671645 ], [ 86.058926411343009, 26.71557556601249 ], [ 86.058715625453999, 26.715693740290988 ], [ 86.058549143452922, 26.715888906548116 ], [ 86.0582537428308, 26.716029138790134 ], [ 86.057615449559762, 26.716117432698411 ], [ 86.057362854535143, 26.716275913325433 ], [ 86.057107948222381, 26.716339653618491 ], [ 86.056469157619631, 26.716409885303904 ], [ 86.055134325714903, 26.716838762371538 ], [ 86.054750438727012, 26.71684750479676 ], [ 86.054559150397836, 26.716889059420851 ], [ 86.054237506311949, 26.716819186569637 ], [ 86.053916923440113, 26.716805806279297 ], [ 86.053662769869845, 26.716887607895842 ], [ 86.05327813103878, 26.716876039763349 ], [ 86.052827694238601, 26.716771478702753 ], [ 86.052503677709751, 26.716604612686069 ], [ 86.05224627664461, 26.716553237335404 ], [ 86.051209654881234, 26.716956996905367 ], [ 86.05165189335321, 26.717636817820448 ], [ 86.051937535302784, 26.717995227577148 ], [ 86.052159561067413, 26.718373572869325 ], [ 86.052405017179126, 26.718849034535708 ], [ 86.052256911268444, 26.718908964350874 ], [ 86.051753656585959, 26.719302732320784 ], [ 86.051584678033862, 26.719380596653366 ], [ 86.050934691622899, 26.719892977776681 ], [ 86.050453807872145, 26.720343241005423 ], [ 86.049678021730301, 26.720951798699048 ], [ 86.048549710173688, 26.722029557795508 ], [ 86.048130571093964, 26.722381017499515 ], [ 86.047963464055783, 26.72253781367408 ], [ 86.04768856015346, 26.722660110499362 ], [ 86.044985516665463, 26.723939323995864 ], [ 86.044560508532413, 26.724024496316019 ], [ 86.044391467026969, 26.724104548728121 ], [ 86.043627750845872, 26.724311517843887 ], [ 86.042022821079399, 26.725090419278501 ], [ 86.041091500528466, 26.725436121446648 ], [ 86.040073191002818, 26.725724828326292 ], [ 86.039755043527293, 26.725806191067875 ], [ 86.039876014734318, 26.726436510844223 ], [ 86.039949933688945, 26.726874785951509 ], [ 86.039219403829577, 26.726942016559576 ], [ 86.039161848256072, 26.726948390139228 ], [ 86.038737903135768, 26.727013189847639 ], [ 86.038568549561433, 26.727054932432509 ], [ 86.037977935378592, 26.727294650793681 ], [ 86.037553177260406, 26.727341390077925 ], [ 86.037299209852222, 26.727402756129379 ], [ 86.037130793383824, 26.72748293175016 ], [ 86.03683545481573, 26.727602791380434 ], [ 86.036414629484852, 26.727821014761162 ], [ 86.035398135714445, 26.72805103830251 ], [ 86.034887640494389, 26.72806109195659 ], [ 86.034633172157214, 26.728102271558441 ], [ 86.033952575116928, 26.728133694286328 ], [ 86.033443640241217, 26.728220489904231 ], [ 86.033103372748144, 26.728227234009466 ], [ 86.03250932400897, 26.728313403691004 ], [ 86.031742988068117, 26.728308202842811 ], [ 86.03140091021578, 26.728238141131499 ], [ 86.031059894476812, 26.728224573779698 ], [ 86.03076255758873, 26.728249628323908 ], [ 86.030442288584425, 26.728197752943572 ], [ 86.029845242365241, 26.72815080861119 ], [ 86.029375743282856, 26.728102492794562 ], [ 86.029117905141391, 26.727992435904241 ], [ 86.028691150501913, 26.727942120868249 ], [ 86.028433250306421, 26.7278320019239 ], [ 86.028177845762571, 26.727837058878663 ], [ 86.02775065314745, 26.727766432385636 ], [ 86.027495563370508, 26.727771427286314 ], [ 86.027218286125958, 26.727758299708796 ], [ 86.026405211800181, 26.727560927385525 ], [ 86.026064506331466, 26.727549548113188 ], [ 86.025811162161688, 26.727649346301234 ], [ 86.024621006108021, 26.727726882376942 ], [ 86.02411188417085, 26.727795617570678 ], [ 86.023604510538917, 26.727956843864206 ], [ 86.023434220757906, 26.727960152513788 ], [ 86.022756868514477, 26.728124751309622 ], [ 86.022417101051019, 26.728149431730913 ], [ 86.021993281837524, 26.72823454109772 ], [ 86.022595695281666, 26.728529774443757 ], [ 86.022683805725819, 26.7286635143941 ], [ 86.022959625150065, 26.729576999354322 ], [ 86.02301410680019, 26.730112077867659 ], [ 86.023175072286904, 26.730645658090623 ], [ 86.023308800545863, 26.730912885278428 ], [ 86.023374102082641, 26.730987816883044 ], [ 86.023568198132352, 26.731099685931213 ], [ 86.02410306260424, 26.731222995406483 ], [ 86.024426578204043, 26.731410234934287 ], [ 86.024535562188987, 26.731521540100118 ], [ 86.0247350902157, 26.731881636107971 ], [ 86.024655283321806, 26.732113551847874 ], [ 86.024574852290186, 26.732325091378755 ], [ 86.024277639510103, 26.732370395326029 ], [ 86.02362596954606, 26.732726914682758 ], [ 86.023114661328123, 26.732716657779179 ], [ 86.022942873256738, 26.732643286518964 ], [ 86.022640231197727, 26.732438111574425 ], [ 86.022402141530279, 26.732249186694844 ], [ 86.022120432368013, 26.732026139286859 ], [ 86.021605317269518, 26.731842086099221 ], [ 86.021349289487262, 26.731808709118695 ], [ 86.020157697197249, 26.731829811989599 ], [ 86.018203765606472, 26.732019385288993 ], [ 86.018098777362241, 26.732077315884737 ], [ 86.018057842379221, 26.732155995913217 ], [ 86.018234002112877, 26.732421225680355 ], [ 86.018283239746779, 26.732726198812941 ], [ 86.018488448866037, 26.733334522679741 ], [ 86.018713157343768, 26.733868602932432 ], [ 86.018890252384722, 26.734172204580773 ], [ 86.018959302345309, 26.734400559857647 ], [ 86.018897495620251, 26.734497174403543 ], [ 86.01864346525872, 26.734558602509026 ], [ 86.017877565494814, 26.734571337976945 ], [ 86.017455243672316, 26.734733129052245 ], [ 86.015668415522327, 26.734783905446534 ], [ 86.015131741590608, 26.734583853108063 ], [ 86.014698680821482, 26.734246937432545 ], [ 86.01424037754731, 26.733736038411564 ], [ 86.014172702668304, 26.733566364674289 ], [ 86.013975422077067, 26.733282948576232 ], [ 86.013797703797707, 26.732940976845327 ], [ 86.013591621425235, 26.732255910115384 ], [ 86.01343883178339, 26.732085610441686 ], [ 86.013239054641133, 26.731687080498546 ], [ 86.013103704883065, 26.731327360412308 ], [ 86.013016968621173, 26.731252302900941 ], [ 86.01258859068389, 26.731125245001806 ], [ 86.012078469586697, 26.731135234803219 ], [ 86.010211836341512, 26.731379430948152 ], [ 86.009787017068618, 26.731405795821956 ], [ 86.00953323672195, 26.731467223927439 ], [ 86.008938876813204, 26.731537518566256 ], [ 86.008599671433501, 26.731580259411771 ], [ 86.008259402141732, 26.731586940563602 ], [ 86.007749844027614, 26.731635239292871 ], [ 86.007071245307372, 26.731723033171534 ], [ 86.006648111386255, 26.731828328987945 ], [ 86.005374777735085, 26.731966106947652 ], [ 86.00461168749041, 26.732093895105947 ], [ 86.004336097396333, 26.732137074826426 ], [ 86.003742612539554, 26.732225430788787 ], [ 86.00289234985604, 26.732260038957463 ], [ 86.001790179239038, 26.732432815396805 ], [ 86.000771000057455, 26.73252710336584 ], [ 86.00060214651279, 26.732589157407745 ], [ 86.00000816072702, 26.732657201913014 ], [ 85.999501035311198, 26.732818241145083 ], [ 85.999269752702332, 26.73293853965032 ], [ 85.999123269190079, 26.733057088951057 ], [ 85.998958847563074, 26.73332668678313 ], [ 85.99883311258418, 26.733406990109359 ], [ 85.998641325124652, 26.733389862294473 ], [ 85.998384861165448, 26.733338426688363 ], [ 85.997788128813795, 26.733291356449286 ], [ 85.997558037822444, 26.733131741762122 ], [ 85.9971404078251, 26.733045305877795 ], [ 85.996990994282839, 26.732816385819206 ], [ 85.996670976192718, 26.73270126657809 ], [ 85.996244218855225, 26.732833746561596 ], [ 85.99530534479851, 26.732718678582557 ], [ 85.994708051262535, 26.732565557086446 ], [ 85.994281360475725, 26.732508366642492 ], [ 85.993769367864616, 26.73235355979466 ], [ 85.993534715451517, 26.732218755032932 ], [ 85.993172334236135, 26.731816848090887 ], [ 85.992958990641398, 26.731643859408734 ], [ 85.992703089665213, 26.731529178143262 ], [ 85.992169850289827, 26.731453175431966 ], [ 85.991977685110044, 26.731510480091288 ], [ 85.991572173637508, 26.731719704736577 ], [ 85.991059919320264, 26.732140282750606 ], [ 85.990867942101318, 26.732217897068381 ], [ 85.990697215243983, 26.732236954853875 ], [ 85.989993053855812, 26.73244629911062 ], [ 85.989587164663078, 26.732696143971964 ], [ 85.989395312451506, 26.732866250288851 ], [ 85.989203208426432, 26.732961863876085 ], [ 85.989032356561722, 26.733001296072075 ], [ 85.988691151063335, 26.733001101815944 ], [ 85.988179032545474, 26.732943347489595 ], [ 85.987666785422903, 26.733077327562057 ], [ 85.987325518769751, 26.73309519462947 ], [ 85.986898697579534, 26.733229799739036 ], [ 85.986045121749783, 26.733284592558675 ], [ 85.985597057392567, 26.733188906125406 ], [ 85.985682166759375, 26.733437697866748 ], [ 85.985959492567986, 26.733974405073866 ], [ 85.986193892268261, 26.734319065813281 ], [ 85.986406978653463, 26.73483733487592 ], [ 85.986364167659929, 26.73502875450788 ], [ 85.986257304304388, 26.735143117409109 ], [ 85.985915971100553, 26.735237727339666 ], [ 85.985681126229963, 26.735256285095488 ], [ 85.985574264673176, 26.735372898130265 ], [ 85.985489022204945, 26.735525694966782 ], [ 85.985445890149151, 26.736136825654796 ], [ 85.985509238332554, 26.736999250031204 ], [ 85.985615777028499, 26.737383592981416 ], [ 85.985807368433257, 26.73784299074498 ], [ 85.985999204456789, 26.738455814878819 ], [ 85.986212351097379, 26.738971834707286 ], [ 85.986362064117827, 26.739834885020116 ], [ 85.986468791673872, 26.740237224541772 ], [ 85.986597134721251, 26.740926290609764 ], [ 85.986618875219904, 26.741233325915118 ], [ 85.986576376295204, 26.741424806701787 ], [ 85.986512259181268, 26.741462740607403 ], [ 85.986341844392825, 26.741481798392897 ], [ 85.985574636098079, 26.741309362801132 ], [ 85.985340480117259, 26.74132798261104 ], [ 85.985255053285584, 26.741365727656557 ], [ 85.985233743567846, 26.741424223034016 ], [ 85.985233925233331, 26.741654388670156 ], [ 85.985362085715849, 26.742113349357396 ], [ 85.985618599138434, 26.742803353430702 ], [ 85.985981286127355, 26.743491924864998 ], [ 85.986237057599396, 26.743798337831265 ], [ 85.985981773566323, 26.744105618654771 ], [ 85.985662247411881, 26.744392150944918 ], [ 85.985491955832231, 26.744508262151328 ], [ 85.98515087264326, 26.744602872981261 ], [ 85.984895156030575, 26.744603243506845 ], [ 85.984724618033397, 26.744527622113083 ], [ 85.984554204144331, 26.744508308916693 ], [ 85.984127948635148, 26.744507551677543 ], [ 85.983872421781882, 26.744410929936976 ], [ 85.98361645605371, 26.744372990635327 ], [ 85.983488598646716, 26.744372052630013 ], [ 85.983382048259443, 26.744411984855674 ], [ 85.983275621080907, 26.744544284073015 ], [ 85.983233309217667, 26.744850816650683 ], [ 85.983020643720693, 26.745138161938712 ], [ 85.982914149092096, 26.745559311029808 ], [ 85.982829095484021, 26.745655736715548 ], [ 85.982658741850287, 26.745733476940075 ], [ 85.982403024338282, 26.74580834199395 ], [ 85.982062007699994, 26.745790086414274 ], [ 85.981379851214683, 26.745559596118653 ], [ 85.981188313770019, 26.745616837824628 ], [ 85.981017833330213, 26.745751010354581 ], [ 85.980932775225426, 26.746057293816762 ], [ 85.980954331360635, 26.746210842496453 ], [ 85.980848147002291, 26.746747105432576 ], [ 85.980656475556827, 26.747205998669813 ], [ 85.980571730420309, 26.747512280333297 ], [ 85.980444111336794, 26.748010047280104 ], [ 85.980508158302712, 26.748337644956678 ], [ 85.980785608219378, 26.748930782670527 ], [ 85.980963511761502, 26.749482611278495 ], [ 85.981063248794896, 26.749467551032353 ], [ 85.981318965407581, 26.749467117553365 ], [ 85.981707474072607, 26.749548929961975 ], [ 85.982699137232942, 26.750336688936613 ], [ 85.983012965207536, 26.750584921292216 ], [ 85.981252389514623, 26.750445967003714 ], [ 85.98100685156345, 26.75078486930795 ], [ 85.980695755765396, 26.751391872053148 ], [ 85.980443582528437, 26.752227105067846 ], [ 85.980456511353168, 26.752608571048825 ], [ 85.980535119434876, 26.752915982275738 ], [ 85.980655721015694, 26.753241767794407 ], [ 85.980879994215798, 26.753703667504965 ], [ 85.980898238104089, 26.753839155760488 ], [ 85.980832245878901, 26.753951518543033 ], [ 85.980680763868577, 26.754063256288475 ], [ 85.980357552243674, 26.75423017356718 ], [ 85.980010529853303, 26.754530015999705 ], [ 85.979724558747535, 26.754963409522361 ], [ 85.979652309856078, 26.755344311620888 ], [ 85.979602622555205, 26.755668780514668 ], [ 85.979394696548127, 26.756427708641866 ], [ 85.979080095146344, 26.757185822871804 ], [ 85.978860431032672, 26.757506852712595 ], [ 85.978403669216846, 26.757957116840657 ], [ 85.978012838471614, 26.758313077711023 ], [ 85.977636082302524, 26.758001223774443 ], [ 85.976937929364396, 26.757797605576968 ], [ 85.97663896827919, 26.757849596971369 ], [ 85.976207957092129, 26.758090193082523 ], [ 85.975993421879878, 26.758160869938251 ], [ 85.975843502012651, 26.758198114054721 ], [ 85.975332695623024, 26.758187668291043 ], [ 85.975223957156288, 26.758299719004697 ], [ 85.975219705105417, 26.758491451604812 ], [ 85.975302066107702, 26.758627440789326 ], [ 85.975552089037194, 26.758879671583657 ], [ 85.975653384616294, 26.75911058996229 ], [ 85.975629759113644, 26.75922545469183 ], [ 85.975477088183879, 26.759393499735324 ], [ 85.975304734431518, 26.759484864869023 ], [ 85.974897223739617, 26.75963084385495 ], [ 85.974299802498194, 26.759678391640364 ], [ 85.974021273380799, 26.759768879024136 ], [ 85.973720872461911, 26.759877301824702 ], [ 85.973416720421199, 26.760159395002518 ], [ 85.973303227175904, 26.760481239639887 ], [ 85.973173117836666, 26.760593102392761 ], [ 85.972979830288182, 26.760666154389412 ], [ 85.972681744254885, 26.760661712579065 ], [ 85.972491583690442, 26.760599403126321 ], [ 85.972365664348104, 26.760521782513251 ], [ 85.972047832538806, 26.760440533987037 ], [ 85.971901043253013, 26.760342416654112 ], [ 85.971735505552545, 26.76012911892542 ], [ 85.971613027061835, 26.759877827035723 ], [ 85.971345196420941, 26.759471984608297 ], [ 85.971158039631916, 26.759258500717465 ], [ 85.970905200887842, 26.75913932008433 ], [ 85.970820086125002, 26.759138754403295 ], [ 85.970691101852594, 26.759194246904769 ], [ 85.97043081842213, 26.759417972410517 ], [ 85.97034188958412, 26.759588768516494 ], [ 85.970250896774644, 26.759854368809215 ], [ 85.970242263168814, 26.760253708152902 ], [ 85.970334924242707, 26.76088615215599 ], [ 85.970637806423952, 26.761655463093462 ], [ 85.970822087143063, 26.761983998775349 ], [ 85.97084070785229, 26.762117236897325 ], [ 85.970682844168323, 26.762515511429626 ], [ 85.970552046838691, 26.762665683110356 ], [ 85.970271017572884, 26.762850912626789 ], [ 85.970163843047885, 26.762888531765498 ], [ 85.969288393618001, 26.763006255477649 ], [ 85.968926504338299, 26.762999124658847 ], [ 85.968803400810486, 26.762786142596383 ], [ 85.968257230811673, 26.762452787383893 ], [ 85.967985145421949, 26.762238614603291 ], [ 85.967797299743097, 26.762063565547066 ], [ 85.967568147656323, 26.761829456331668 ], [ 85.967111030603633, 26.761304933300778 ], [ 85.967028981670239, 26.761171195149132 ], [ 85.966486253422374, 26.760664043652639 ], [ 85.966010704520613, 26.760026592158169 ], [ 85.965865227362997, 26.759851793116809 ], [ 85.965615265588212, 26.759599498469754 ], [ 85.965361301777364, 26.759536751041367 ], [ 85.964933230512997, 26.759662231508798 ], [ 85.964418481443374, 26.759884078305959 ], [ 85.962881115038499, 26.760202335500196 ], [ 85.962196576217593, 26.760400305880523 ], [ 85.961939233609144, 26.760508978695952 ], [ 85.961463725177339, 26.760902622557751 ], [ 85.960731187105353, 26.761368880440614 ], [ 85.960580956068554, 26.761442183351448 ], [ 85.960385727757398, 26.761630288937795 ], [ 85.960148568001216, 26.761797770098894 ], [ 85.959138252654952, 26.762334141854467 ], [ 85.958446770076705, 26.762877330561253 ], [ 85.957865465798818, 26.763229601464502 ], [ 85.957645736033726, 26.763589002287176 ], [ 85.957643421148191, 26.763704055876872 ], [ 85.957638479308173, 26.763934159458927 ], [ 85.957838690828737, 26.764549357834369 ], [ 85.957852118783762, 26.764930760861944 ], [ 85.958064192518975, 26.766004105128104 ], [ 85.958591783177951, 26.76723769091717 ], [ 85.958711447652774, 26.767622157975438 ], [ 85.958767368237204, 26.768003875769864 ], [ 85.958715428104767, 26.768461520731591 ], [ 85.9587275412336, 26.768921915856481 ], [ 85.958523743169337, 26.769529608390883 ], [ 85.958535606283363, 26.769987754281601 ], [ 85.958591466612404, 26.770371720410878 ], [ 85.958585272000221, 26.770676256467198 ], [ 85.95853658565801, 26.770982789944185 ], [ 85.958444527137829, 26.771325071046022 ], [ 85.958289166300233, 26.771646600916483 ], [ 85.958073566276653, 26.771796084606763 ], [ 85.957920082349005, 26.772022937096608 ], [ 85.957957821998491, 26.772253353646875 ], [ 85.958286892784031, 26.772792748963127 ], [ 85.958495860219841, 26.772968048933535 ], [ 85.958661709089824, 26.773181345762907 ], [ 85.959091009743759, 26.774030650655732 ], [ 85.959250164871207, 26.774568792300499 ], [ 85.959266595702331, 26.774796833709843 ], [ 85.959365199574904, 26.775181114605971 ], [ 85.959525667729906, 26.775642575441623 ], [ 85.959539157739016, 26.776026291556093 ], [ 85.959472413670653, 26.776176964165813 ], [ 85.959363425189053, 26.776309261584515 ], [ 85.959168135723132, 26.776497368070181 ], [ 85.95899652931729, 26.776570608027669 ], [ 85.958655450624917, 26.776622222601191 ], [ 85.958483845118394, 26.776695462558621 ], [ 85.958141889575472, 26.776767388589178 ], [ 85.957884296052839, 26.776896371962323 ], [ 85.957457100739703, 26.776983481447814 ], [ 85.956862054639203, 26.776974534873773 ], [ 85.956691077767061, 26.777009402949943 ], [ 85.956476096485233, 26.777120640665771 ], [ 85.956579327430916, 26.77727482157718 ], [ 85.956646379071572, 26.777536168020333 ], [ 85.956717367996134, 26.777812893073872 ], [ 85.956879463046278, 26.778197616442355 ], [ 85.956955078144688, 26.778656204805372 ], [ 85.957115842180599, 26.779117689922998 ], [ 85.957220517456619, 26.779389209631688 ], [ 85.957257355074148, 26.779484257537888 ], [ 85.957319499049447, 26.779561432980699 ], [ 85.957562120460636, 26.780176938928321 ], [ 85.957562145641987, 26.7801770072777 ], [ 85.957821190689572, 26.781022712136803 ], [ 85.957858995091101, 26.781253135881741 ], [ 85.957859015775796, 26.781253169157083 ], [ 85.958225903553512, 26.782022983721617 ], [ 85.958255304578699, 26.78208330834434 ], [ 85.958348375748926, 26.782274339464038 ], [ 85.958418717153052, 26.782383706565213 ], [ 85.958472286878589, 26.78246706762684 ], [ 85.958908571759878, 26.784004561737106 ], [ 85.959090411686645, 26.784466210533537 ], [ 85.959603330611685, 26.785390522575028 ], [ 85.959841377111104, 26.786236147393424 ], [ 85.960128258342877, 26.786757210686631 ], [ 85.960225757833371, 26.787137703588257 ], [ 85.960325182797817, 26.787525832734332 ], [ 85.960321627730764, 26.787706351539612 ], [ 85.960317657171402, 26.787907049599767 ], [ 85.960168707685511, 26.787903728359538 ], [ 85.959656132306009, 26.788010523365642 ], [ 85.959145178425672, 26.788040609683321 ], [ 85.958803564629648, 26.788110310761738 ], [ 85.958459345463154, 26.788295043845778 ], [ 85.958117028388017, 26.788405343556292 ], [ 85.957642022683899, 26.788617193357368 ], [ 85.957086774808261, 26.788864833051889 ], [ 85.956335302159459, 26.789215792726225 ], [ 85.955906723670751, 26.789379592913519 ], [ 85.95589566366192, 26.789386280360702 ], [ 85.955625499249493, 26.789546753911736 ], [ 85.955284610316596, 26.789503623654639 ], [ 85.955364292203114, 26.789790792673216 ], [ 85.955445339278469, 26.790003462666846 ], [ 85.955803098816773, 26.790256570311726 ], [ 85.955895709527965, 26.790342939645427 ], [ 85.95613748556525, 26.790568110380775 ], [ 85.956828945660163, 26.791076389642058 ], [ 85.95716483429635, 26.791293187578447 ], [ 85.957792677306998, 26.791782966641165 ], [ 85.95801133146864, 26.791996639392153 ], [ 85.958168307509993, 26.792151316735954 ], [ 85.958313784667553, 26.79232605282391 ], [ 85.958540996890974, 26.792675212931044 ], [ 85.958679404384441, 26.793210979434832 ], [ 85.958862120262495, 26.793674816310727 ], [ 85.958976215162238, 26.794363879680759 ], [ 85.959175736893599, 26.795055759764637 ], [ 85.959338520833569, 26.795440539791116 ], [ 85.9596054746238, 26.795905064657518 ], [ 85.959702201586481, 26.796366025463442 ], [ 85.959843236034374, 26.796750681381866 ], [ 85.960170054887726, 26.797407377723346 ], [ 85.960251978813744, 26.797561427332028 ], [ 85.960374956434805, 26.797792470718036 ], [ 85.96068352960117, 26.798315928937541 ], [ 85.960989975842779, 26.798931942109562 ], [ 85.961237247709732, 26.799319534353288 ], [ 85.961548510783928, 26.799725754500912 ], [ 85.961987942434689, 26.800096727952791 ], [ 85.962344452798106, 26.800370085900056 ], [ 85.962852195156984, 26.800552077814302 ], [ 85.963107973823696, 26.800556206656381 ], [ 85.963621595128586, 26.800449412549597 ], [ 85.964073350352294, 26.800263187470534 ], [ 85.964457927129331, 26.800175764117512 ], [ 85.964844254010245, 26.799991287343573 ], [ 85.965036168275844, 26.79997466765235 ], [ 85.965292447871548, 26.799922363289681 ], [ 85.965718328358491, 26.799889373922099 ], [ 85.966038412099977, 26.799837571387798 ], [ 85.966612210536766, 26.799848518979843 ], [ 85.967249437197779, 26.799898273730776 ], [ 85.967694188408757, 26.80000077261866 ], [ 85.967970903569665, 26.799987029896727 ], [ 85.968394282109557, 26.800089401978482 ], [ 85.969031697630669, 26.800118847970396 ], [ 85.969794968641452, 26.800246288086441 ], [ 85.970050121371742, 26.800250353975173 ], [ 85.970346393448494, 26.800333726728184 ], [ 85.970702027860625, 26.800625143300977 ], [ 85.970868250853528, 26.800838441029669 ], [ 85.971113270788351, 26.801377270664887 ], [ 85.971210621888758, 26.801838230571491 ], [ 85.971312541605585, 26.802069148950068 ], [ 85.971413834486668, 26.802338377155877 ], [ 85.971555245755496, 26.802725219355125 ], [ 85.971625594354293, 26.803490651465381 ], [ 85.971701949604551, 26.803951486364554 ], [ 85.971822362325213, 26.804336015476906 ], [ 85.971883351555732, 26.804469504513065 ], [ 85.971982392504572, 26.804853722455846 ], [ 85.972349576163197, 26.805682279714688 ], [ 85.972595908226253, 26.806144367386082 ], [ 85.97275931720327, 26.806493025664849 ], [ 85.973111072788129, 26.807014547618394 ], [ 85.973232799435664, 26.807322271813518 ], [ 85.973290659883389, 26.807629558033 ], [ 85.973278835440738, 26.808240939635198 ], [ 85.973070093737761, 26.809155478614798 ], [ 85.973014274778109, 26.809766549047481 ], [ 85.972874969749341, 26.810300310036553 ], [ 85.972807913612087, 26.810453233679198 ], [ 85.972633306128841, 26.81064146247428 ], [ 85.972135365610541, 26.810998859580991 ], [ 85.972025564131059, 26.811149280377208 ], [ 85.971241588654323, 26.811922011481727 ], [ 85.970933995761925, 26.812357466277774 ], [ 85.970757262253244, 26.812642749393092 ], [ 85.970491726712623, 26.813096579380215 ], [ 85.970376920439776, 26.813479293636647 ], [ 85.970287302711881, 26.813688522778648 ], [ 85.970144682738237, 26.814375708339355 ], [ 85.96989551237732, 26.815059768714605 ], [ 85.969751265508592, 26.815823633285788 ], [ 85.969701952330638, 26.816130105608067 ], [ 85.969514482573345, 26.815934743296168 ], [ 85.969388689137759, 26.815836814823342 ], [ 85.969200904613615, 26.815643640590906 ], [ 85.968930071996056, 26.815350599821045 ], [ 85.968552690789863, 26.815059056442124 ], [ 85.967921158711363, 26.814684392123809 ], [ 85.967669695048926, 26.814470469358014 ], [ 85.967545591461771, 26.814295795324028 ], [ 85.967322568335817, 26.813754965570183 ], [ 85.96690995032651, 26.813117890896592 ], [ 85.966616181096128, 26.812901405928415 ], [ 85.966447455256855, 26.812823472347134 ], [ 85.96594052679518, 26.812605420739203 ], [ 85.965430971379078, 26.81250017078878 ], [ 85.964753753136449, 26.812278553321789 ], [ 85.964413863363575, 26.812217430090527 ], [ 85.964201767145028, 26.812175303490108 ], [ 85.963607596995757, 26.81205130512501 ], [ 85.963095228463089, 26.812081418422679 ], [ 85.961816771306417, 26.812060773312737 ], [ 85.961306280583017, 26.811996082423718 ], [ 85.961135426020348, 26.812012890975097 ], [ 85.960624745537473, 26.811966261409566 ], [ 85.959602069745529, 26.81194974604108 ], [ 85.95891959669467, 26.811958296008868 ], [ 85.95789316618351, 26.812113138830114 ], [ 85.957551649515551, 26.812128755763979 ], [ 85.957296308824425, 26.81210425341078 ], [ 85.956957292304821, 26.812022817823106 ], [ 85.956020918396518, 26.811950434031587 ], [ 85.955895185216264, 26.811920184035159 ], [ 85.955766328649247, 26.811889934938051 ], [ 85.955553544440249, 26.811847746283547 ], [ 85.955401000316556, 26.811997792956902 ], [ 85.955248392340138, 26.8121478396302 ], [ 85.954990424694643, 26.812240703054272 ], [ 85.954150965709744, 26.81257065788509 ], [ 85.953240635612985, 26.813225020454979 ], [ 85.953046784182106, 26.813318383908666 ], [ 85.952721571539143, 26.813543858618914 ], [ 85.952204698242781, 26.813763392329179 ], [ 85.951625083813326, 26.8139261178124 ], [ 85.95136598930236, 26.814075349689176 ], [ 85.951043968395595, 26.81416546205071 ], [ 85.950136827337019, 26.814668651081831 ], [ 85.949964035608957, 26.81476213864363 ], [ 85.948905539346185, 26.815356754862535 ], [ 85.948497277710487, 26.815484485463458 ], [ 85.947594640516286, 26.815775756344124 ], [ 85.947076578300425, 26.81605390953996 ], [ 85.946687375349597, 26.816296942846066 ], [ 85.946236432224396, 26.81642217509733 ], [ 85.945849043230112, 26.816570468069472 ], [ 85.94539741211446, 26.816734069503923 ], [ 85.944619630350587, 26.817181766033627 ], [ 85.943260860874318, 26.817848495344492 ], [ 85.942810352127424, 26.81795572742692 ], [ 85.94257175613501, 26.81812320858802 ], [ 85.942439894893255, 26.818314002283557 ], [ 85.942528866000032, 26.81912018051662 ], [ 85.942735060789289, 26.820443877767843 ], [ 85.942895842811822, 26.820905401556843 ], [ 85.942913397810344, 26.821079260794249 ], [ 85.943188338585344, 26.822173353593769 ], [ 85.943251370203257, 26.823209450146067 ], [ 85.943363277023479, 26.82395713480031 ], [ 85.943704647999368, 26.824938925971992 ], [ 85.943824312474192, 26.825325644063128 ], [ 85.943801624077537, 26.82539994973132 ], [ 85.943880672832904, 26.825689361688774 ], [ 85.944102879363641, 26.826268625377963 ], [ 85.944451819133917, 26.826905262075854 ], [ 85.944612663210535, 26.827366722911506 ], [ 85.944710454085225, 26.82777131346603 ], [ 85.945166380419778, 26.828411013295351 ], [ 85.945247741362721, 26.828583125126897 ], [ 85.945640676549431, 26.829165829667772 ], [ 85.945765155158824, 26.829338314722918 ], [ 85.945930379891081, 26.829589983433493 ], [ 85.945970433526782, 26.829705347293441 ], [ 85.946445104678673, 26.830460225719833 ], [ 85.946689935753341, 26.830981059682927 ], [ 85.946517082870571, 26.831074483392001 ], [ 85.94600339861239, 26.831142906516845 ], [ 85.945745368013434, 26.831233456854022 ], [ 85.945140066808051, 26.831587727875899 ], [ 85.944813977314482, 26.831869571938228 ], [ 85.944489015585702, 26.832095107803241 ], [ 85.944318350782453, 26.832091480789416 ], [ 85.943974144206663, 26.832219837326761 ], [ 85.943716301568543, 26.83229232813909 ], [ 85.943460460847803, 26.832288197498258 ], [ 85.942860601512052, 26.832391991427016 ], [ 85.942008966444916, 26.832284110924832 ], [ 85.941839302600386, 26.832242236137915 ], [ 85.941246698191492, 26.832003123028414 ], [ 85.940929994146984, 26.831845069585029 ], [ 85.940341580634311, 26.831432282500941 ], [ 85.939944828674356, 26.831023188082042 ], [ 85.939777980644351, 26.830848201079846 ], [ 85.939489903298465, 26.830345053418057 ], [ 85.939239066471771, 26.830113009073386 ], [ 85.938985540636565, 26.829993889594959 ], [ 85.938561288843403, 26.82987108104868 ], [ 85.93822277235347, 26.829730900968002 ], [ 85.937289339267124, 26.829466720723588 ], [ 85.93652757284201, 26.829167671503683 ], [ 85.936188369260947, 26.829065800350861 ], [ 85.935680817560865, 26.828847685789583 ], [ 85.935087460409534, 26.828664942931482 ], [ 85.934770756364969, 26.828506826534749 ], [ 85.934498735727288, 26.828252032638659 ], [ 85.934183219702902, 26.828037670997901 ], [ 85.933613989882474, 26.827722002086716 ], [ 85.933296346034012, 26.827602256671867 ], [ 85.932360160086432, 26.827471128387344 ], [ 85.932018768425905, 26.827466309756062 ], [ 85.931763616594935, 26.827423746978639 ], [ 85.931336172166311, 26.827454362104675 ], [ 85.930653887076232, 26.827424353129743 ], [ 85.930226380593524, 26.827454967356402 ], [ 85.929798374081145, 26.827505893939474 ], [ 85.929540344381564, 26.827596443377274 ], [ 85.929025973032196, 26.827703112476627 ], [ 85.928681953517923, 26.827811097301549 ], [ 85.927712698162054, 26.828216669029473 ], [ 85.927517345742785, 26.828366339781212 ], [ 85.927167009306856, 26.828783420285504 ], [ 85.92672348838471, 26.829540345596001 ], [ 85.92553767611389, 26.831072436507952 ], [ 85.925424497635504, 26.831376156868373 ], [ 85.925397119212334, 26.831644443471532 ] ], [ [ 85.94104561701505, 26.803327482610484 ], [ 85.940904557385807, 26.803336365331859 ], [ 85.940904606849188, 26.803336387815193 ], [ 85.94104561701505, 26.803327482610484 ], [ 85.941160865760196, 26.803320228582947 ], [ 85.941308087625657, 26.803279081357175 ], [ 85.941483219420547, 26.803230156691427 ], [ 85.941763514829859, 26.803101359480479 ], [ 85.941483232011251, 26.803230130610757 ], [ 85.941308087625657, 26.803279081357175 ], [ 85.941160885545571, 26.803320204300917 ], [ 85.94104561701505, 26.803327482610484 ] ], [ [ 85.940418515055569, 26.803080016487399 ], [ 85.940231165809053, 26.8028462157435 ], [ 85.940046116159408, 26.802499625033477 ], [ 85.940231143325718, 26.802846232830859 ], [ 85.940418488075579, 26.80308002548071 ], [ 85.940586652730474, 26.803216647796319 ], [ 85.940418515055569, 26.803080016487399 ] ], [ [ 85.942194570084268, 26.802917313487512 ], [ 85.943401921402938, 26.802362267962053 ], [ 85.943917468181724, 26.802217166726052 ], [ 85.943401918704922, 26.802362241881326 ], [ 85.942194570084268, 26.802917313487512 ] ], [ [ 85.944692888294696, 26.801904822652432 ], [ 85.944520296218855, 26.801977983468532 ], [ 85.94417620475781, 26.802106295039152 ], [ 85.944520280030815, 26.801978008649883 ], [ 85.944692888294696, 26.801904822652432 ], [ 85.945103897395597, 26.801643885406236 ], [ 85.946202542623496, 26.801182750129499 ], [ 85.945103960349002, 26.801643798170858 ], [ 85.944692888294696, 26.801904822652432 ] ], [ [ 85.939640642458926, 26.801581417670718 ], [ 85.93957796787663, 26.80140179370278 ], [ 85.938890304769586, 26.800460147898889 ], [ 85.938643536529582, 26.800122199788007 ], [ 85.938514831050668, 26.799881068573143 ], [ 85.938643530234287, 26.800122228566693 ], [ 85.938890304769586, 26.800460147898889 ], [ 85.939577886037227, 26.801401788306748 ], [ 85.939640642458926, 26.801581417670718 ], [ 85.939658481646973, 26.801632542107257 ], [ 85.939800386650177, 26.801898432884798 ], [ 85.939658495136996, 26.801632518724546 ], [ 85.939640642458926, 26.801581417670718 ] ], [ [ 85.947808227830478, 26.799324084983027 ], [ 85.947899477849433, 26.799679123136798 ], [ 85.947976545372171, 26.800081311570352 ], [ 85.947899507527495, 26.799679150116788 ], [ 85.947808227830478, 26.799324084983027 ], [ 85.947721685824717, 26.798987368060295 ], [ 85.947705253194954, 26.798757102598131 ], [ 85.947721670536055, 26.798987395939662 ], [ 85.947808227830478, 26.799324084983027 ] ], [ [ 85.948031489279913, 26.796408440750099 ], [ 85.947984020635886, 26.797669368089601 ], [ 85.947824862810421, 26.79812622163746 ], [ 85.947984039521884, 26.79766939506959 ], [ 85.948031489279913, 26.796408440750099 ], [ 85.948175119205587, 26.795662703153823 ], [ 85.948248435606445, 26.795434623073163 ], [ 85.948175071540902, 26.795662659985794 ], [ 85.948031489279913, 26.796408440750099 ] ], [ [ 85.948297243358752, 26.794918959380936 ], [ 85.948266309868529, 26.795379042436934 ], [ 85.948297272137438, 26.794918980964951 ], [ 85.94815737444759, 26.793424256478886 ], [ 85.948164643763846, 26.793079093011784 ], [ 85.948108949811569, 26.792677094337648 ], [ 85.94816461408584, 26.79307912268979 ], [ 85.948157356460911, 26.79342427896222 ], [ 85.948297243358752, 26.794918959380936 ] ], [ [ 85.934190412575731, 26.793486797060439 ], [ 85.93383961837884, 26.792680915607548 ], [ 85.934190331635705, 26.793486783570415 ], [ 85.934244877138553, 26.793947494361532 ], [ 85.934190412575731, 26.793486797060439 ] ], [ [ 85.934531639658189, 26.794545318504618 ], [ 85.934365795284862, 26.794293648894666 ], [ 85.934531569510114, 26.794545322101953 ], [ 85.93497550502525, 26.794763002284924 ], [ 85.934531639658189, 26.794545318504618 ] ], [ [ 85.948108947113553, 26.792677053867635 ], [ 85.948086959298053, 26.791997718592881 ], [ 85.948084692077202, 26.791931483547501 ], [ 85.948086932318063, 26.79199773657956 ], [ 85.948108947113553, 26.792677053867635 ] ], [ [ 85.933536185805281, 26.792098748868455 ], [ 85.93350127815836, 26.791999213285862 ], [ 85.93353613544258, 26.792098771351789 ], [ 85.933723000847465, 26.792433170690913 ], [ 85.933536185805281, 26.792098748868455 ] ], [ [ 85.933294057229091, 26.791406518044312 ], [ 85.933374867779662, 26.79163724756279 ], [ 85.933294071618434, 26.791406492862961 ], [ 85.933138395114668, 26.790994223795224 ], [ 85.933294057229091, 26.791406518044312 ] ], [ [ 85.947901171295257, 26.791353302656375 ], [ 85.947992329582178, 26.791614531286768 ], [ 85.94790118478528, 26.791353273877689 ], [ 85.947747599232912, 26.790490237054883 ], [ 85.947901171295257, 26.791353302656375 ] ], [ [ 85.932743907677605, 26.790113999801463 ], [ 85.93291583334701, 26.790463167103269 ], [ 85.93274393735561, 26.790113990808152 ], [ 85.932410528183141, 26.789707595290338 ], [ 85.932743907677605, 26.790113999801463 ] ], [ [ 85.947674045407894, 26.789914337773951 ], [ 85.947582274674573, 26.789166839281847 ], [ 85.947441111621913, 26.788761877302363 ], [ 85.947582246795207, 26.789166812301858 ], [ 85.947674045407894, 26.789914337773951 ] ], [ [ 85.932426358259136, 26.788922529820866 ], [ 85.932446171485196, 26.787947936918044 ], [ 85.932350153197717, 26.787428261297123 ], [ 85.932446119323856, 26.78794793961606 ], [ 85.932426358259136, 26.788922529820866 ], [ 85.932310525846276, 26.789379676551562 ], [ 85.93220186652087, 26.789473612881011 ], [ 85.932310605886983, 26.789379683746233 ], [ 85.932426358259136, 26.788922529820866 ] ], [ [ 85.947005712584541, 26.787060040706479 ], [ 85.947003117106817, 26.787185968142865 ], [ 85.947204903361069, 26.787762832409044 ], [ 85.947003142288168, 26.787185944760154 ], [ 85.947005712584541, 26.787060040706479 ], [ 85.947008234316911, 26.786937809532617 ], [ 85.947074828196548, 26.786805177561689 ], [ 85.947008209135561, 26.786937780753931 ], [ 85.947005712584541, 26.787060040706479 ] ], [ [ 85.949200974143025, 26.787258727855999 ], [ 85.949349369639208, 26.78730579449774 ], [ 85.949200996626359, 26.787258699077313 ], [ 85.948626615421176, 26.787155166854689 ], [ 85.949200974143025, 26.787258727855999 ] ], [ [ 85.932197021808975, 26.786565192098294 ], [ 85.932120885996198, 26.786104341910402 ], [ 85.932196993030288, 26.786565184903623 ], [ 85.932335772847978, 26.787085196875466 ], [ 85.932197021808975, 26.786565192098294 ] ], [ [ 85.931029124270253, 26.782973900759089 ], [ 85.931256685435301, 26.783451136811379 ], [ 85.931454895038485, 26.784199446502726 ], [ 85.93125671331461, 26.783451148502706 ], [ 85.931029124270253, 26.782973900759089 ], [ 85.930703845076607, 26.782291731683131 ], [ 85.930637814180045, 26.782103411155958 ], [ 85.930703818096617, 26.782291741575762 ], [ 85.931029124270253, 26.782973900759089 ] ], [ [ 85.930601572820876, 26.781027405760653 ], [ 85.930568559171263, 26.781602541507027 ], [ 85.930601596203587, 26.781027430042684 ], [ 85.930462359524199, 26.780527733125211 ], [ 85.930601572820876, 26.781027405760653 ] ], [ [ 85.930491856778133, 26.780126360387499 ], [ 85.93046235772556, 26.78052769984987 ], [ 85.930491886456139, 26.780126329810173 ], [ 85.930557295013671, 26.779929185917695 ], [ 85.930491856778133, 26.780126360387499 ] ], [ [ 85.933142984415781, 26.77785389730559 ], [ 85.932628218258799, 26.777960580794286 ], [ 85.932498193456979, 26.778054366035633 ], [ 85.932454112603921, 26.7781307491652 ], [ 85.932174375680972, 26.778239199845132 ], [ 85.931785461416382, 26.778464153841014 ], [ 85.93217436039231, 26.778239246610497 ], [ 85.932454139583911, 26.778130760856527 ], [ 85.932498197054315, 26.778054393914999 ], [ 85.932628244339469, 26.777960591586293 ], [ 85.933142991610453, 26.77785392338626 ], [ 85.933505229831724, 26.777698504091973 ], [ 85.933142984415781, 26.77785389730559 ] ], [ [ 85.954828723552737, 26.777379254932384 ], [ 85.954591906442829, 26.777470015713675 ], [ 85.954828752331423, 26.777379275617079 ], [ 85.955517667311312, 26.777122612905089 ], [ 85.954828723552737, 26.777379254932384 ] ], [ [ 85.95595210136338, 26.777074351947817 ], [ 85.956115965403342, 26.77705707394415 ], [ 85.956115934826016, 26.777057064051462 ], [ 85.95595210136338, 26.777074351947817 ] ], [ [ 85.934871778546551, 26.77644863136527 ], [ 85.934722462132356, 26.776827875092067 ], [ 85.934589628710683, 26.777054767152606 ], [ 85.934722492709739, 26.77682791736072 ], [ 85.934871778546551, 26.77644863136527 ], [ 85.934947440410326, 26.776256459890192 ], [ 85.934988040841063, 26.776038111502032 ], [ 85.935043409234424, 26.775740521901071 ], [ 85.935090590091647, 26.775530988784283 ], [ 85.935043380455738, 26.775740482330377 ], [ 85.934988040841063, 26.776038111502032 ], [ 85.93494741163164, 26.776256472480839 ], [ 85.934871778546551, 26.77644863136527 ] ], [ [ 85.935893052276867, 26.772806869405315 ], [ 85.93579942711699, 26.773207824852079 ], [ 85.935795295576838, 26.773413145488746 ], [ 85.93579945229834, 26.773207798771409 ], [ 85.935893052276867, 26.772806869405315 ], [ 85.936401738037034, 26.770922151453931 ], [ 85.936673200188352, 26.770181857525984 ], [ 85.936776379872072, 26.769325241947513 ], [ 85.936673125543678, 26.770181862022696 ], [ 85.936401707459709, 26.770922165843274 ], [ 85.935893052276867, 26.772806869405315 ] ], [ [ 85.936594908672191, 26.768804917007515 ], [ 85.936515119764977, 26.768535814708457 ], [ 85.936515087388955, 26.768535809312425 ], [ 85.936594908672191, 26.768804917007515 ] ], [ [ 85.936750275805082, 26.768521761716272 ], [ 85.936618454134077, 26.768529642579608 ], [ 85.93675024432838, 26.768521779702951 ], [ 85.937779005013795, 26.768348987075626 ], [ 85.936750275805082, 26.768521761716272 ] ], [ [ 85.939158388123303, 26.768152485307553 ], [ 85.938979112197558, 26.768159395789553 ], [ 85.938035853887925, 26.768332863816738 ], [ 85.938979134680892, 26.7681594227696 ], [ 85.939158388123303, 26.768152485307553 ], [ 85.93932106774048, 26.768146216050695 ], [ 85.939835319478391, 26.768059789159622 ], [ 85.940433174198802, 26.768068768109686 ], [ 85.94111776967776, 26.768003944119243 ], [ 85.940433171500786, 26.768068742029016 ], [ 85.939835319478391, 26.768059789159622 ], [ 85.939321112707148, 26.768146189070649 ], [ 85.939158388123303, 26.768152485307553 ] ], [ [ 85.941117799355823, 26.768003939622588 ], [ 85.941718432118762, 26.767882070880319 ], [ 85.942997403694449, 26.767999918700525 ], [ 85.941718443810089, 26.767882029510929 ], [ 85.941117799355823, 26.768003939622588 ] ] ] } },
{ "type": "Feature", "properties": { "Physiography": "Terai or Madhesh", "subdivision": "Kamala", "Area_sqkm": 17.96 }, "geometry": { "type": "Polygon", "coordinates": [ [ [ 86.135758265392724, 26.880460837464511 ], [ 86.126935048491134, 26.882022804249971 ], [ 86.119056453289375, 26.883417546184489 ], [ 86.118959416056498, 26.883434716268084 ], [ 86.117617616112398, 26.883672132334425 ], [ 86.115166812412042, 26.883811020072187 ], [ 86.098187214041104, 26.884773261522639 ], [ 86.098300824199839, 26.883870731349191 ], [ 86.098598614352227, 26.883125804952158 ], [ 86.098646735013403, 26.883006503808247 ], [ 86.098882712145439, 26.882601855696294 ], [ 86.09922798712995, 26.88221370946286 ], [ 86.099828728712282, 26.881867814837278 ], [ 86.09986997306612, 26.881854503795637 ], [ 86.101827227695878, 26.881221657790263 ], [ 86.105897009658179, 26.880836825602387 ], [ 86.106185285756851, 26.880746149358515 ], [ 86.109135091189501, 26.880277368843906 ], [ 86.109691896711524, 26.880145515696199 ], [ 86.110345192671332, 26.879781871815965 ], [ 86.111145603475848, 26.878983645493634 ], [ 86.112504529436194, 26.877022345659839 ], [ 86.112860619810704, 26.876410843546864 ], [ 86.113230030220166, 26.875424876767738 ], [ 86.113311958642782, 26.875326137995046 ], [ 86.113362765614454, 26.875263332109967 ], [ 86.113656111258535, 26.874822814063805 ], [ 86.113694429179759, 26.874403415076586 ], [ 86.113583092537226, 26.873220456392403 ], [ 86.113332904130289, 26.871912382370397 ], [ 86.113072827546659, 26.871269936874569 ], [ 86.112802902357032, 26.869467718422868 ], [ 86.113012037068927, 26.867765437555988 ], [ 86.113633297854449, 26.866381636018843 ], [ 86.114297980281322, 26.865392987425878 ], [ 86.11434316371782, 26.865325617421036 ], [ 86.11576569776912, 26.86373022509099 ], [ 86.115676401103485, 26.863445373655964 ], [ 86.11553261829107, 26.862970663832755 ], [ 86.114721251800518, 26.861882497643933 ], [ 86.113914676061825, 26.861586385648593 ], [ 86.113506738186345, 26.861234096758722 ], [ 86.112975313666823, 26.860987048825905 ], [ 86.112466195326988, 26.860866549769185 ], [ 86.112106809792976, 26.860699558745068 ], [ 86.111572761016987, 26.860391576441089 ], [ 86.11140991142571, 26.860298082583938 ], [ 86.111119329434814, 26.86005703680587 ], [ 86.111026846429013, 26.859826305488696 ], [ 86.110931570092021, 26.858695280641598 ], [ 86.110759787416669, 26.858427989601068 ], [ 86.110487777570995, 26.857701925834135 ], [ 86.110321929600332, 26.857436884927154 ], [ 86.110150457195175, 26.857162843486094 ], [ 86.1096547344344, 26.856067621123145 ], [ 86.109507321010881, 26.855850074940918 ], [ 86.108105285478075, 26.854552854980227 ], [ 86.107273415072996, 26.853608925767446 ], [ 86.106099725823753, 26.852277024792045 ], [ 86.105868328999463, 26.851783690662216 ], [ 86.10564967663646, 26.851513897674693 ], [ 86.105556504740889, 26.851332725953 ], [ 86.105025597338397, 26.850304934749602 ], [ 86.104730045628116, 26.848739444373791 ], [ 86.104497122634143, 26.846657563643873 ], [ 86.104701988207864, 26.845758587638159 ], [ 86.104676629688697, 26.845174013382064 ], [ 86.104478546891642, 26.844421391384458 ], [ 86.104420252065609, 26.843960744446065 ], [ 86.10447894889387, 26.843211999477091 ], [ 86.105688503580723, 26.841938011110756 ], [ 86.107009305875977, 26.840096137428304 ], [ 86.108250668205585, 26.838808838020327 ], [ 86.108301413123172, 26.838754967917282 ], [ 86.109800581218224, 26.836250844506253 ], [ 86.110141858663383, 26.835790391823991 ], [ 86.110392080345662, 26.835512170278776 ], [ 86.111101122419143, 26.835103719782921 ], [ 86.111815476858226, 26.834530596745878 ], [ 86.112525648495136, 26.83384910756638 ], [ 86.11266107019992, 26.833662689130449 ], [ 86.112728751374277, 26.833570573052953 ], [ 86.113297373244961, 26.833098063899854 ], [ 86.113671579802315, 26.832852217477182 ], [ 86.113982856366533, 26.832558561562848 ], [ 86.114832637007055, 26.831756085887605 ], [ 86.115348707198223, 26.831125215718941 ], [ 86.115373772534497, 26.830777932521755 ], [ 86.115094764072069, 26.829984250533755 ], [ 86.115097203065716, 26.829916568460078 ], [ 86.115099955027574, 26.829844387918001 ], [ 86.115185944842324, 26.829824578289276 ], [ 86.115542892282008, 26.830007318449361 ], [ 86.116934983879446, 26.831712814435036 ], [ 86.117955949138207, 26.832831606541902 ], [ 86.11819566300278, 26.833056466107735 ], [ 86.11836088773498, 26.833238013751043 ], [ 86.118491617614609, 26.833365193060217 ], [ 86.118792384562369, 26.833662609089743 ], [ 86.119351797253501, 26.834218943360781 ], [ 86.120015943677345, 26.834972199388801 ], [ 86.121096653488451, 26.835976252672822 ], [ 86.121454411228058, 26.836310103418271 ], [ 86.121625508610919, 26.836541335664435 ], [ 86.121711306867553, 26.836668264059483 ], [ 86.121993011533107, 26.837037797677681 ], [ 86.122276777472052, 26.837466076688202 ], [ 86.12253936679474, 26.83753757553518 ], [ 86.122662661880668, 26.837569949758347 ], [ 86.12356858524106, 26.838457760533231 ], [ 86.124063755810823, 26.839076837735945 ], [ 86.124133494661237, 26.839163020008186 ], [ 86.124311712070892, 26.839577047273735 ], [ 86.124380514714687, 26.839627105999568 ], [ 86.124876128656069, 26.839979895818487 ], [ 86.125726446198939, 26.840289695676347 ], [ 86.127181374258782, 26.840517638158929 ], [ 86.1283448443765, 26.840502222675866 ], [ 86.129278723532479, 26.840410996039566 ], [ 86.130680661037843, 26.840500825110894 ], [ 86.132294259484183, 26.840492665454065 ], [ 86.132903313610143, 26.840081213880865 ], [ 86.133330078142308, 26.839652947460991 ], [ 86.133678984637299, 26.83896232734395 ], [ 86.134387284760237, 26.838100166472429 ], [ 86.135697196121498, 26.837054471328941 ], [ 86.136691387309554, 26.836555098171686 ], [ 86.138385853863838, 26.836414263375957 ], [ 86.139364471286001, 26.836508210497357 ], [ 86.140603614059444, 26.836782019910288 ], [ 86.141740829022069, 26.837210875393907 ], [ 86.142205951046208, 26.83744380108584 ], [ 86.142541461062763, 26.837730155307895 ], [ 86.143333467591617, 26.838407359161181 ], [ 86.144099404228143, 26.839517647166304 ], [ 86.144377846110217, 26.840503126506462 ], [ 86.144390093239792, 26.840546059809469 ], [ 86.144614365540576, 26.841030269297107 ], [ 86.144650594309041, 26.841860820379338 ], [ 86.144826616444561, 26.842624568037081 ], [ 86.146752261284973, 26.841474142758216 ], [ 86.149213709501851, 26.84035178569161 ], [ 86.14952030053621, 26.840010635052579 ], [ 86.149732533453516, 26.83955161770723 ], [ 86.150076140173553, 26.838294548510362 ], [ 86.150538095642844, 26.837518938637913 ], [ 86.150901539870972, 26.837859538884572 ], [ 86.151117068847157, 26.838131644958992 ], [ 86.152251088476305, 26.838946215776446 ], [ 86.1529437347927, 26.83953479926322 ], [ 86.15346308665346, 26.840262180554419 ], [ 86.153785156124286, 26.84088238012589 ], [ 86.1538933190173, 26.841266661022075 ], [ 86.154300439398241, 26.841905359892735 ], [ 86.154394860468642, 26.842145089945291 ], [ 86.154452463706889, 26.842777220980167 ], [ 86.15459468617496, 26.843179689106591 ], [ 86.154955928833544, 26.844201727270786 ], [ 86.15503734643454, 26.844583568274004 ], [ 86.155039276405148, 26.844922038897892 ], [ 86.154986592523585, 26.845066087913153 ], [ 86.154223677649043, 26.845887375855796 ], [ 86.153563299434438, 26.847122190134996 ], [ 86.153511614712897, 26.847311421687436 ], [ 86.153444165566668, 26.848303831294913 ], [ 86.153372954506551, 26.849806131770094 ], [ 86.153347195783851, 26.850349771043227 ], [ 86.153216517166243, 26.850750669831939 ], [ 86.153260064714345, 26.851193194292136 ], [ 86.153160506648419, 26.851560346474059 ], [ 86.152842914961298, 26.851982677289925 ], [ 86.152226238080857, 26.852367069703519 ], [ 86.151726488102724, 26.852510735602493 ], [ 86.150887404140065, 26.852866688378867 ], [ 86.14994583747756, 26.853084464790641 ], [ 86.149383906651451, 26.853299937108773 ], [ 86.149028509663424, 26.853600153664217 ], [ 86.148677614741132, 26.853760507603795 ], [ 86.147654045910599, 26.854568855030379 ], [ 86.146995500538537, 26.854912373615662 ], [ 86.145402581376857, 26.855191572736885 ], [ 86.144852585611432, 26.855443227058174 ], [ 86.144262523619659, 26.856172962805601 ], [ 86.144006231433252, 26.856800965897719 ], [ 86.143897232159645, 26.857461404367712 ], [ 86.143472137690594, 26.858616355994286 ], [ 86.143429703517938, 26.858735718292905 ], [ 86.142528954924956, 26.861252850569372 ], [ 86.142239045635847, 26.861752051054509 ], [ 86.142046563890574, 26.862044208678469 ], [ 86.141553932140539, 26.862526343402692 ], [ 86.140712029665337, 26.863150774340397 ], [ 86.1403093870681, 26.863545417362218 ], [ 86.139889810012789, 26.863800075458869 ], [ 86.139715204328184, 26.864056237241812 ], [ 86.139645203771579, 26.864581563377897 ], [ 86.139648812798669, 26.865231442768106 ], [ 86.139935185007403, 26.866530581008078 ], [ 86.140436845170825, 26.867567059777343 ], [ 86.14100436445807, 26.868960380764236 ], [ 86.141373306314563, 26.86945459264399 ], [ 86.14151239999984, 26.870024043700539 ], [ 86.141435830708133, 26.870752351305725 ], [ 86.140969426233823, 26.87212365749707 ], [ 86.140767945753112, 26.872438375812294 ], [ 86.140733262040328, 26.872492245015962 ], [ 86.140461282772037, 26.873190115563261 ], [ 86.139041814550126, 26.874657145959929 ], [ 86.138611857382443, 26.875281771153766 ], [ 86.138585110291729, 26.875326764830788 ], [ 86.137522774772322, 26.8770982755251 ], [ 86.137474342042253, 26.877179141834347 ], [ 86.137223683283651, 26.877392055547489 ], [ 86.136217704525677, 26.87968514485334 ], [ 86.135758265392724, 26.880460837464511 ] ] ] } },
{ "type": "Feature", "properties": { "Physiography": "Terai or Madhesh", "subdivision": "Lalgadh", "Area_sqkm": 7.39 }, "geometry": { "type": "Polygon", "coordinates": [ [ [ 85.944319217740372, 26.868267850461905 ], [ 85.943289970515309, 26.867454226643133 ], [ 85.940627485189339, 26.865674987072964 ], [ 85.935850527271498, 26.864560214988842 ], [ 85.931918799364382, 26.865521933926289 ], [ 85.928706258017655, 26.867109276318217 ], [ 85.926905992019954, 26.868404922444483 ], [ 85.923884966533819, 26.869354004840716 ], [ 85.921264144651332, 26.87002520653931 ], [ 85.919545027353763, 26.870139364392401 ], [ 85.915939277422808, 26.86983919999841 ], [ 85.91588012912888, 26.869766344955849 ], [ 85.915797642219843, 26.869612294447847 ], [ 85.915757900652977, 26.869458558706697 ], [ 85.9158708938686, 26.86915483654758 ], [ 85.915833842209622, 26.86884767803349 ], [ 85.91558012841358, 26.868710371324767 ], [ 85.915265302178341, 26.868416830525177 ], [ 85.915141885682317, 26.868167789668348 ], [ 85.915024037862054, 26.867629835085097 ], [ 85.914994806811023, 26.866941459705572 ], [ 85.915063302781903, 26.866711857052508 ], [ 85.915525317607262, 26.866049799781422 ], [ 85.915979577476037, 26.86577126976465 ], [ 85.916110374805669, 26.865639096454061 ], [ 85.916540194375273, 26.865511552914597 ], [ 85.916692239368615, 26.865399878122503 ], [ 85.916803543635126, 26.865172838571198 ], [ 85.916873414687643, 26.864866555109018 ], [ 85.91685642177282, 26.864638511901035 ], [ 85.916816680205955, 26.864484775260564 ], [ 85.916610591538131, 26.864099681366497 ], [ 85.916572226851542, 26.863869200963507 ], [ 85.916639407996286, 26.863716278220238 ], [ 85.916812323832346, 26.863622852712524 ], [ 85.91687781692724, 26.86354892296589 ], [ 85.916944436887604, 26.863416310780337 ], [ 85.916946125836716, 26.863339630870598 ], [ 85.916863640726376, 26.863185455355108 ], [ 85.916590057046278, 26.862951034070818 ], [ 85.916528815102936, 26.862815107839708 ], [ 85.916912351350561, 26.861771208666084 ], [ 85.917280182529623, 26.861546172830799 ], [ 85.917821805496089, 26.861173527517167 ], [ 85.917910359311861, 26.861020668626566 ], [ 85.917958858592613, 26.860716509391182 ], [ 85.917960486387074, 26.860639827682746 ], [ 85.917519427841228, 26.860232546321015 ], [ 85.917653792828617, 26.859926762888563 ], [ 85.917659484713113, 26.859622165677536 ], [ 85.917729669633161, 26.859318193503555 ], [ 85.917750564757966, 26.858246540884579 ], [ 85.917507487384455, 26.857554286677725 ], [ 85.917473814523078, 26.857095952826228 ], [ 85.917517934946886, 26.857019522931296 ], [ 85.917648044286068, 26.856925783555994 ], [ 85.917862516544915, 26.85689135255609 ], [ 85.91803512031214, 26.856797926149 ], [ 85.918122298147011, 26.856721873074946 ], [ 85.918188980161347, 26.856589259990074 ], [ 85.918087125196564, 26.856319970629556 ], [ 85.917824363201817, 26.855550909706892 ], [ 85.91791591989363, 26.855247001385635 ], [ 85.918066963928311, 26.855173636420773 ], [ 85.918194697227193, 26.85519494793715 ], [ 85.918537590775429, 26.855143396317033 ], [ 85.918755127065026, 26.854955541644813 ], [ 85.918800874383919, 26.854802431840085 ], [ 85.918806631020459, 26.854495646549594 ], [ 85.918851064412479, 26.854421529741558 ], [ 85.919023418164841, 26.854346038751203 ], [ 85.91921551769326, 26.854349854625127 ], [ 85.919387182555852, 26.854315047703608 ], [ 85.91956216326264, 26.854106569505518 ], [ 85.919585224882894, 26.854030014603154 ], [ 85.919507056575469, 26.853648110646589 ], [ 85.918748043011533, 26.85311883283714 ], [ 85.918622124568515, 26.85300284034281 ], [ 85.918476647410955, 26.852789607366162 ], [ 85.918380673190825, 26.85223384417219 ], [ 85.918435242076328, 26.851622774638884 ], [ 85.918396876490419, 26.851392358088617 ], [ 85.918317392457425, 26.8510848839083 ], [ 85.918111366742949, 26.850699727960205 ], [ 85.918112679770502, 26.850623047151089 ], [ 85.918286347449794, 26.850491249762115 ], [ 85.918717669806369, 26.850289211694303 ], [ 85.918892400498351, 26.850101044953249 ], [ 85.9189397126583, 26.849853193015861 ], [ 85.91885722754796, 26.849699142507859 ], [ 85.918731808235236, 26.849562841254453 ], [ 85.918477468502829, 26.849463845272282 ], [ 85.918435600910584, 26.849404849865095 ], [ 85.91843841582579, 26.849271799703956 ], [ 85.918482537148918, 26.849195369808967 ], [ 85.918741066878169, 26.849084570968159 ], [ 85.918981103603585, 26.848840471951348 ], [ 85.919225206217789, 26.848366268453105 ], [ 85.919232650904121, 26.847982742098111 ], [ 85.919299081105009, 26.847870440470274 ], [ 85.919432444234417, 26.847602965965621 ], [ 85.91956505641997, 26.847376053220387 ], [ 85.919703800264301, 26.846842414540731 ], [ 85.919691124152394, 26.846384268650013 ], [ 85.919651445538932, 26.846230532908862 ], [ 85.919336618404373, 26.845939301598833 ], [ 85.919251753656397, 26.84590030378115 ], [ 85.918852502447407, 26.845567828117339 ], [ 85.918643785925838, 26.845297723060924 ], [ 85.918582673486526, 26.845143860513701 ], [ 85.918721415532218, 26.844610161578601 ], [ 85.918969646988558, 26.843926165056018 ], [ 85.91908695430908, 26.843392340214223 ], [ 85.919094338740081, 26.843008750006504 ], [ 85.918931243630595, 26.842605908656481 ], [ 85.918912686774092, 26.842472668735809 ], [ 85.919002553617418, 26.842243192888873 ], [ 85.919005619446807, 26.842089832169961 ], [ 85.918926136313132, 26.841784607223872 ], [ 85.918760726318112, 26.841494506376591 ], [ 85.918194252056935, 26.840950918365536 ], [ 85.917940601214298, 26.840811366019977 ], [ 85.917373060343039, 26.840324149159585 ], [ 85.917272707265909, 26.839998490447044 ], [ 85.917170225465384, 26.839767571169091 ], [ 85.917009882317757, 26.839229366570976 ], [ 85.916844973251727, 26.838921204400208 ], [ 85.916805294638266, 26.838767530713085 ], [ 85.916617261897954, 26.838535922545361 ], [ 85.916493720394556, 26.838302566971777 ], [ 85.916115653895929, 26.837954467179372 ], [ 85.915992113291793, 26.837721110706468 ], [ 85.915915694188868, 26.837262525940787 ], [ 85.916008628660279, 26.836881874756386 ], [ 85.916131691718078, 26.836041263724724 ], [ 85.916223248409892, 26.835737355403467 ], [ 85.916752198861786, 26.83482988339 ], [ 85.917013295290076, 26.834547538398681 ], [ 85.917343012696733, 26.834017592384157 ], [ 85.917537865086331, 26.833867921632418 ], [ 85.917581985510139, 26.833791554690833 ], [ 85.91779539475624, 26.833795432618786 ], [ 85.918114537794395, 26.833858807782235 ], [ 85.918750635791298, 26.834077985356259 ], [ 85.919069967689609, 26.834123300994861 ], [ 85.919452228681735, 26.834225485115837 ], [ 85.919897916099387, 26.834366542946441 ], [ 85.920088138717858, 26.834465037100301 ], [ 85.92040865953561, 26.83444941836774 ], [ 85.920854533115403, 26.834572414874799 ], [ 85.921750790434658, 26.834588241353515 ], [ 85.921878022804549, 26.834627615092757 ], [ 85.922258093019195, 26.834862912328333 ], [ 85.922385324489824, 26.834904475046358 ], [ 85.922641039303812, 26.834926726366746 ], [ 85.923111478190151, 26.834878426738101 ], [ 85.923241276359818, 26.834784624409451 ], [ 85.923328515349397, 26.834670198554818 ], [ 85.923706046744371, 26.833874341078058 ], [ 85.923834158662885, 26.833660985791994 ], [ 85.924081635577977, 26.833249964999766 ], [ 85.924173315478583, 26.832964118002053 ], [ 85.924223442553739, 26.832619273798514 ], [ 85.924468231359697, 26.832165381757363 ], [ 85.924577595762912, 26.832033082540022 ], [ 85.925162088179604, 26.831658439805665 ], [ 85.925354876597794, 26.831623821744301 ], [ 85.925397119212334, 26.831644443471532 ], [ 85.925603397639634, 26.831973168912896 ], [ 85.925687134622819, 26.832050538611782 ], [ 85.92576786962934, 26.832263270659439 ], [ 85.925698811574705, 26.832490624078332 ], [ 85.925285921067257, 26.832830398736405 ], [ 85.925241550628584, 26.832904640551874 ], [ 85.925216863012622, 26.833057815108646 ], [ 85.925294095113429, 26.833441967400063 ], [ 85.925375205142188, 26.833634326835977 ], [ 85.925407950790316, 26.833661638708406 ], [ 85.925543305045039, 26.833771005809638 ], [ 85.926115661849565, 26.833991932588162 ], [ 85.926516291737414, 26.834245417953298 ], [ 85.926746566192946, 26.834497648747629 ], [ 85.926908848304549, 26.834959172536628 ], [ 85.927137936538543, 26.835270022816587 ], [ 85.927282349784093, 26.835557624414776 ], [ 85.927527615237068, 26.836155200341636 ], [ 85.927688581623102, 26.83669115480626 ], [ 85.927701508649136, 26.83715155083047 ], [ 85.927841104162724, 26.837687316434938 ], [ 85.928067000660633, 26.83816965261002 ], [ 85.928698469785729, 26.838657244492595 ], [ 85.929377875208502, 26.838858674610663 ], [ 85.929546726055207, 26.838956982602383 ], [ 85.929734007851664, 26.839229148032814 ], [ 85.929771121564727, 26.839534060010749 ], [ 85.929722995507575, 26.83983828130016 ], [ 85.929262230756422, 26.840518462848138 ], [ 85.929107743172096, 26.840803870970888 ], [ 85.929060933739834, 26.841031348497836 ], [ 85.92904848246144, 26.841719473862554 ], [ 85.929066852256483, 26.841873023441565 ], [ 85.929169208150256, 26.842122003143686 ], [ 85.929273253892518, 26.84225817938966 ], [ 85.92946310148875, 26.842394983370696 ], [ 85.92997340515069, 26.842498107295683 ], [ 85.930488154220313, 26.842355317347938 ], [ 85.930639322363049, 26.842261703879387 ], [ 85.93102984014007, 26.84192398959533 ], [ 85.931352738796818, 26.841757197324 ], [ 85.931481660115878, 26.841722078333646 ], [ 85.932185816108074, 26.841731903556934 ], [ 85.93252652067747, 26.841777341504951 ], [ 85.932758360873379, 26.84193258273109 ], [ 85.932947331618948, 26.842107693841342 ], [ 85.933239848077164, 26.842457355776844 ], [ 85.933343518797187, 26.842631841849993 ], [ 85.933470124331336, 26.842709522718451 ], [ 85.933724714078608, 26.842790458276454 ], [ 85.934151594624893, 26.842795903743422 ], [ 85.934362064847676, 26.84295320534369 ], [ 85.934464607802909, 26.843184061668239 ], [ 85.934672386319221, 26.843492536807219 ], [ 85.934958583157822, 26.844185104881547 ], [ 85.934998636793523, 26.844338840622697 ], [ 85.934991630082834, 26.84472011864284 ], [ 85.93506742145064, 26.845257634351185 ], [ 85.935060351786547, 26.845638914169967 ], [ 85.935055659062073, 26.845907388733963 ], [ 85.935010224711391, 26.846058185451795 ], [ 85.935070024123092, 26.846288791761538 ], [ 85.935215312420553, 26.846520024007646 ], [ 85.935341418824351, 26.846617953379791 ], [ 85.935659436795788, 26.846737761748045 ], [ 85.93700100471176, 26.846912519420073 ], [ 85.93783301811095, 26.846945841541242 ], [ 85.938344950466615, 26.846972286455753 ], [ 85.938984302253743, 26.847022168912076 ], [ 85.939303007316255, 26.847103541546403 ], [ 85.939558786882344, 26.847128043899602 ], [ 85.939814626703765, 26.847132172741738 ], [ 85.940522661523232, 26.846932204041366 ], [ 85.940907986546108, 26.846880902436055 ], [ 85.94122800553555, 26.846887843495381 ], [ 85.941715627096187, 26.847067461168024 ], [ 85.941863416441322, 26.847165579400269 ], [ 85.942051825103192, 26.847358877740817 ], [ 85.942236916122226, 26.84774372162002 ], [ 85.942269963047181, 26.84827873807933 ], [ 85.942348507276222, 26.848662890370747 ], [ 85.942364186264172, 26.848969862722697 ], [ 85.942205196614111, 26.849501187416195 ], [ 85.942050648774398, 26.849784346304716 ], [ 85.941614569840624, 26.850293230817726 ], [ 85.941504143324039, 26.850502273797531 ], [ 85.941199613563072, 26.850822613849175 ], [ 85.940983577362488, 26.850951848136447 ], [ 85.940657926743938, 26.851251754421639 ], [ 85.9403084644606, 26.8517049566737 ], [ 85.93985495463636, 26.851983548744499 ], [ 85.939683602741979, 26.852018354766699 ], [ 85.939427573161083, 26.852014162971159 ], [ 85.93916891752508, 26.852145397377114 ], [ 85.939017060492517, 26.852275132593434 ], [ 85.938908697048021, 26.852369122882862 ], [ 85.938772329243932, 26.852826078055443 ], [ 85.938751621180586, 26.853972099296016 ], [ 85.938706186829904, 26.854122960765892 ], [ 85.938440522684516, 26.854653470662811 ], [ 85.938436518849812, 26.854883576043562 ], [ 85.938519004859529, 26.855037624752924 ], [ 85.938874823635103, 26.855426096545273 ], [ 85.939126722575224, 26.85565814268864 ], [ 85.939442925690742, 26.855874878571001 ], [ 85.939951041273218, 26.856111053556447 ], [ 85.940587639299792, 26.856332420109311 ], [ 85.940904718366596, 26.856490472653377 ], [ 85.941471320333221, 26.857033996811708 ], [ 85.941851702616759, 26.857251170669713 ], [ 85.942234712754043, 26.857314984708125 ], [ 85.942747394254923, 26.857303057741433 ], [ 85.943193895569777, 26.857407867018196 ], [ 85.943491417720679, 26.857468804087375 ], [ 85.943701698184043, 26.857644104957046 ], [ 85.944009392701162, 26.858336798938183 ], [ 85.944091065712996, 26.85854953098584 ], [ 85.944105341739942, 26.860133575520194 ], [ 85.943959338472041, 26.861125233284554 ], [ 85.944030814835628, 26.861890665394753 ], [ 85.944237339680399, 26.862275758389501 ], [ 85.944293072304049, 26.862736405327894 ], [ 85.944554080597641, 26.863656701843354 ], [ 85.944656126221219, 26.863905681545475 ], [ 85.9447605460864, 26.864041858690769 ], [ 85.944949642738777, 26.864198910276173 ], [ 85.945224290330884, 26.864354338563828 ], [ 85.945030188885141, 26.864465762441739 ], [ 85.944705602178658, 26.864673176727763 ], [ 85.944552806241461, 26.864841283825285 ], [ 85.944329200347113, 26.865354044467551 ], [ 85.944130407076216, 26.865695511672186 ], [ 85.944147086123451, 26.86592580411434 ], [ 85.944498464887431, 26.866562439013592 ], [ 85.94457619521927, 26.866964654427193 ], [ 85.944452880347967, 26.86782332498376 ], [ 85.944319217740372, 26.868267850461905 ] ] ] } },
{ "type": "Feature", "properties": { "Physiography": "Terai or Madhesh", "subdivision": "Pushpawalpur", "Area_sqkm": 45.031 }, "geometry": { "type": "Polygon", "coordinates": [ [ [ 86.004714102740252, 26.870862649217543 ], [ 86.003892891241037, 26.871147292007095 ], [ 86.00036968757513, 26.872286687854512 ], [ 85.999685164042887, 26.87365822067801 ], [ 85.997575642284346, 26.874595956177927 ], [ 85.996176186041282, 26.87561442128839 ], [ 85.994074563132699, 26.877005945406097 ], [ 85.989672434111299, 26.877113406818637 ], [ 85.987243227016222, 26.877147599495061 ], [ 85.985326704119984, 26.876813820696327 ], [ 85.985313758207894, 26.876811566066124 ], [ 85.983177110739007, 26.876206048121219 ], [ 85.980926608492609, 26.874875770443566 ], [ 85.979003514163253, 26.8749027216831 ], [ 85.976885884009903, 26.875386318724338 ], [ 85.975087661298915, 26.876773322789631 ], [ 85.973455568050099, 26.876069807123258 ], [ 85.972418186349557, 26.87463164984274 ], [ 85.972312402194802, 26.874596848317196 ], [ 85.972090131811342, 26.87452372437383 ], [ 85.971094507984333, 26.874196170764662 ], [ 85.970094945074663, 26.874936436813186 ], [ 85.968673200638591, 26.874683884057333 ], [ 85.967238888910003, 26.873705166809088 ], [ 85.964871699883417, 26.871468342532523 ], [ 85.963959210485882, 26.871390238077822 ], [ 85.963258558298719, 26.87185392926159 ], [ 85.962752154148745, 26.872244456931298 ], [ 85.962659113555958, 26.872316209390419 ], [ 85.961371529059079, 26.87396832271213 ], [ 85.959878342434081, 26.875441694312428 ], [ 85.957673458901809, 26.876743334499395 ], [ 85.954434464546523, 26.876788179786331 ], [ 85.949205337711305, 26.875907117613394 ], [ 85.947171638797272, 26.875390416089772 ], [ 85.945823162197996, 26.873502379596118 ], [ 85.946676573449622, 26.870131349528322 ], [ 85.944319217740372, 26.868267850461905 ], [ 85.944452880347967, 26.86782332498376 ], [ 85.94457619521927, 26.866964654427193 ], [ 85.944498464887431, 26.866562439013592 ], [ 85.944147086123451, 26.86592580411434 ], [ 85.944130407076216, 26.865695511672186 ], [ 85.944329200347113, 26.865354044467551 ], [ 85.944552806241461, 26.864841283825285 ], [ 85.944705602178658, 26.864673176727763 ], [ 85.945030188885141, 26.864465762441739 ], [ 85.945224290330884, 26.864354338563828 ], [ 85.944949642738777, 26.864198910276173 ], [ 85.9447605460864, 26.864041858690769 ], [ 85.944656126221219, 26.863905681545475 ], [ 85.944554080597641, 26.863656701843354 ], [ 85.944293072304049, 26.862736405327894 ], [ 85.944237339680399, 26.862275758389501 ], [ 85.944030814835628, 26.861890665394753 ], [ 85.943959338472041, 26.861125233284554 ], [ 85.944105341739942, 26.860133575520194 ], [ 85.944091065712996, 26.85854953098584 ], [ 85.944009392701162, 26.858336798938183 ], [ 85.943701698184043, 26.857644104957046 ], [ 85.943491417720679, 26.857468804087375 ], [ 85.943193895569777, 26.857407867018196 ], [ 85.942747394254923, 26.857303057741433 ], [ 85.942234712754043, 26.857314984708125 ], [ 85.941851702616759, 26.857251170669713 ], [ 85.941471320333221, 26.857033996811708 ], [ 85.940904718366596, 26.856490472653377 ], [ 85.940587639299792, 26.856332420109311 ], [ 85.939951041273218, 26.856111053556447 ], [ 85.939442925690742, 26.855874878571001 ], [ 85.939126722575224, 26.85565814268864 ], [ 85.938874823635103, 26.855426096545273 ], [ 85.938519004859529, 26.855037624752924 ], [ 85.938436518849812, 26.854883576043562 ], [ 85.938440522684516, 26.854653470662811 ], [ 85.938706186829904, 26.854122960765892 ], [ 85.938751621180586, 26.853972099296016 ], [ 85.938772329243932, 26.852826078055443 ], [ 85.938908697048021, 26.852369122882862 ], [ 85.939017060492517, 26.852275132593434 ], [ 85.93916891752508, 26.852145397377114 ], [ 85.939427573161083, 26.852014162971159 ], [ 85.939683602741979, 26.852018354766699 ], [ 85.93985495463636, 26.851983548744499 ], [ 85.9403084644606, 26.8517049566737 ], [ 85.940657926743938, 26.851251754421639 ], [ 85.940983577362488, 26.850951848136447 ], [ 85.941199613563072, 26.850822613849175 ], [ 85.941504143324039, 26.850502273797531 ], [ 85.941614569840624, 26.850293230817726 ], [ 85.942050648774398, 26.849784346304716 ], [ 85.942205196614111, 26.849501187416195 ], [ 85.942364186264172, 26.848969862722697 ], [ 85.942348507276222, 26.848662890370747 ], [ 85.942269963047181, 26.84827873807933 ], [ 85.942236916122226, 26.84774372162002 ], [ 85.942051825103192, 26.847358877740817 ], [ 85.941863416441322, 26.847165579400269 ], [ 85.941715627096187, 26.847067461168024 ], [ 85.94122800553555, 26.846887843495381 ], [ 85.940907986546108, 26.846880902436055 ], [ 85.940522661523232, 26.846932204041366 ], [ 85.939814626703765, 26.847132172741738 ], [ 85.939558786882344, 26.847128043899602 ], [ 85.939303007316255, 26.847103541546403 ], [ 85.938984302253743, 26.847022168912076 ], [ 85.938344950466615, 26.846972286455753 ], [ 85.93783301811095, 26.846945841541242 ], [ 85.93700100471176, 26.846912519420073 ], [ 85.935659436795788, 26.846737761748045 ], [ 85.935341418824351, 26.846617953379791 ], [ 85.935215312420553, 26.846520024007646 ], [ 85.935070024123092, 26.846288791761538 ], [ 85.935010224711391, 26.846058185451795 ], [ 85.935055659062073, 26.845907388733963 ], [ 85.935060351786547, 26.845638914169967 ], [ 85.93506742145064, 26.845257634351185 ], [ 85.934991630082834, 26.84472011864284 ], [ 85.934998636793523, 26.844338840622697 ], [ 85.934958583157822, 26.844185104881547 ], [ 85.934672386319221, 26.843492536807219 ], [ 85.934464607802909, 26.843184061668239 ], [ 85.934362064847676, 26.84295320534369 ], [ 85.934151594624893, 26.842795903743422 ], [ 85.933724714078608, 26.842790458276454 ], [ 85.933470124331336, 26.842709522718451 ], [ 85.933343518797187, 26.842631841849993 ], [ 85.933239848077164, 26.842457355776844 ], [ 85.932947331618948, 26.842107693841342 ], [ 85.932758360873379, 26.84193258273109 ], [ 85.93252652067747, 26.841777341504951 ], [ 85.932185816108074, 26.841731903556934 ], [ 85.931481660115878, 26.841722078333646 ], [ 85.931352738796818, 26.841757197324 ], [ 85.93102984014007, 26.84192398959533 ], [ 85.930639322363049, 26.842261703879387 ], [ 85.930488154220313, 26.842355317347938 ], [ 85.92997340515069, 26.842498107295683 ], [ 85.92946310148875, 26.842394983370696 ], [ 85.929273253892518, 26.84225817938966 ], [ 85.929169208150256, 26.842122003143686 ], [ 85.929066852256483, 26.841873023441565 ], [ 85.92904848246144, 26.841719473862554 ], [ 85.929060933739834, 26.841031348497836 ], [ 85.929107743172096, 26.840803870970888 ], [ 85.929262230756422, 26.840518462848138 ], [ 85.929722995507575, 26.83983828130016 ], [ 85.929771121564727, 26.839534060010749 ], [ 85.929734007851664, 26.839229148032814 ], [ 85.929546726055207, 26.838956982602383 ], [ 85.929377875208502, 26.838858674610663 ], [ 85.928698469785729, 26.838657244492595 ], [ 85.928067000660633, 26.83816965261002 ], [ 85.927841104162724, 26.837687316434938 ], [ 85.927701508649136, 26.83715155083047 ], [ 85.927688581623102, 26.83669115480626 ], [ 85.927527615237068, 26.836155200341636 ], [ 85.927282349784093, 26.835557624414776 ], [ 85.927137936538543, 26.835270022816587 ], [ 85.926908848304549, 26.834959172536628 ], [ 85.926746566192946, 26.834497648747629 ], [ 85.926516291737414, 26.834245417953298 ], [ 85.926115661849565, 26.833991932588162 ], [ 85.925543305045039, 26.833771005809638 ], [ 85.925407950790316, 26.833661638708406 ], [ 85.925375205142188, 26.833634326835977 ], [ 85.925294095113429, 26.833441967400063 ], [ 85.925216863012622, 26.833057815108646 ], [ 85.925241550628584, 26.832904640551874 ], [ 85.925285921067257, 26.832830398736405 ], [ 85.925698811574705, 26.832490624078332 ], [ 85.92576786962934, 26.832263270659439 ], [ 85.925687134622819, 26.832050538611782 ], [ 85.925603397639634, 26.831973168912896 ], [ 85.925397119212334, 26.831644443471532 ], [ 85.925424497635504, 26.831376156868373 ], [ 85.92553767611389, 26.831072436507952 ], [ 85.92672348838471, 26.829540345596001 ], [ 85.927167009306856, 26.828783420285504 ], [ 85.927517345742785, 26.828366339781212 ], [ 85.927712698162054, 26.828216669029473 ], [ 85.928681953517923, 26.827811097301549 ], [ 85.929025973032196, 26.827703112476627 ], [ 85.929540344381564, 26.827596443377274 ], [ 85.929798374081145, 26.827505893939474 ], [ 85.930226380593524, 26.827454967356402 ], [ 85.930653887076232, 26.827424353129743 ], [ 85.931336172166311, 26.827454362104675 ], [ 85.931763616594935, 26.827423746978639 ], [ 85.932018768425905, 26.827466309756062 ], [ 85.932360160086432, 26.827471128387344 ], [ 85.933296346034012, 26.827602256671867 ], [ 85.933613989882474, 26.827722002086716 ], [ 85.934183219702902, 26.828037670997901 ], [ 85.934498735727288, 26.828252032638659 ], [ 85.934770756364969, 26.828506826534749 ], [ 85.935087460409534, 26.828664942931482 ], [ 85.935680817560865, 26.828847685789583 ], [ 85.936188369260947, 26.829065800350861 ], [ 85.93652757284201, 26.829167671503683 ], [ 85.937289339267124, 26.829466720723588 ], [ 85.93822277235347, 26.829730900968002 ], [ 85.938561288843403, 26.82987108104868 ], [ 85.938985540636565, 26.829993889594959 ], [ 85.939239066471771, 26.830113009073386 ], [ 85.939489903298465, 26.830345053418057 ], [ 85.939777980644351, 26.830848201079846 ], [ 85.939944828674356, 26.831023188082042 ], [ 85.940341580634311, 26.831432282500941 ], [ 85.940929994146984, 26.831845069585029 ], [ 85.941246698191492, 26.832003123028414 ], [ 85.941839302600386, 26.832242236137915 ], [ 85.942008966444916, 26.832284110924832 ], [ 85.942860601512052, 26.832391991427016 ], [ 85.943460460847803, 26.832288197498258 ], [ 85.943716301568543, 26.83229232813909 ], [ 85.943974144206663, 26.832219837326761 ], [ 85.944318350782453, 26.832091480789416 ], [ 85.944489015585702, 26.832095107803241 ], [ 85.944813977314482, 26.831869571938228 ], [ 85.945140066808051, 26.831587727875899 ], [ 85.945745368013434, 26.831233456854022 ], [ 85.94600339861239, 26.831142906516845 ], [ 85.946517082870571, 26.831074483392001 ], [ 85.946689935753341, 26.830981059682927 ], [ 85.946445104678673, 26.830460225719833 ], [ 85.945970433526782, 26.829705347293441 ], [ 85.945930379891081, 26.829589983433493 ], [ 85.945765155158824, 26.829338314722918 ], [ 85.945640676549431, 26.829165829667772 ], [ 85.945247741362721, 26.828583125126897 ], [ 85.945166380419778, 26.828411013295351 ], [ 85.944710454085225, 26.82777131346603 ], [ 85.944612663210535, 26.827366722911506 ], [ 85.944451819133917, 26.826905262075854 ], [ 85.944102879363641, 26.826268625377963 ], [ 85.943880672832904, 26.825689361688774 ], [ 85.943801624077537, 26.82539994973132 ], [ 85.943824312474192, 26.825325644063128 ], [ 85.943704647999368, 26.824938925971992 ], [ 85.943363277023479, 26.82395713480031 ], [ 85.943251370203257, 26.823209450146067 ], [ 85.943188338585344, 26.822173353593769 ], [ 85.942913397810344, 26.821079260794249 ], [ 85.942895842811822, 26.820905401556843 ], [ 85.942735060789289, 26.820443877767843 ], [ 85.942528866000032, 26.81912018051662 ], [ 85.942439894893255, 26.818314002283557 ], [ 85.94257175613501, 26.81812320858802 ], [ 85.942810352127424, 26.81795572742692 ], [ 85.943260860874318, 26.817848495344492 ], [ 85.944619630350587, 26.817181766033627 ], [ 85.94539741211446, 26.816734069503923 ], [ 85.945849043230112, 26.816570468069472 ], [ 85.946236432224396, 26.81642217509733 ], [ 85.946687375349597, 26.816296942846066 ], [ 85.947076578300425, 26.81605390953996 ], [ 85.947594640516286, 26.815775756344124 ], [ 85.948497277710487, 26.815484485463458 ], [ 85.948905539346185, 26.815356754862535 ], [ 85.949964035608957, 26.81476213864363 ], [ 85.950136827337019, 26.814668651081831 ], [ 85.951043968395595, 26.81416546205071 ], [ 85.95136598930236, 26.814075349689176 ], [ 85.951625083813326, 26.8139261178124 ], [ 85.952204698242781, 26.813763392329179 ], [ 85.952721571539143, 26.813543858618914 ], [ 85.953046784182106, 26.813318383908666 ], [ 85.953240635612985, 26.813225020454979 ], [ 85.954150965709744, 26.81257065788509 ], [ 85.954990424694643, 26.812240703054272 ], [ 85.955248392340138, 26.8121478396302 ], [ 85.955401000316556, 26.811997792956902 ], [ 85.955553544440249, 26.811847746283547 ], [ 85.955766328649247, 26.811889934938051 ], [ 85.955895185216264, 26.811920184035159 ], [ 85.956020918396518, 26.811950434031587 ], [ 85.956957292304821, 26.812022817823106 ], [ 85.957296308824425, 26.81210425341078 ], [ 85.957551649515551, 26.812128755763979 ], [ 85.95789316618351, 26.812113138830114 ], [ 85.95891959669467, 26.811958296008868 ], [ 85.959602069745529, 26.81194974604108 ], [ 85.960624745537473, 26.811966261409566 ], [ 85.961135426020348, 26.812012890975097 ], [ 85.961306280583017, 26.811996082423718 ], [ 85.961816771306417, 26.812060773312737 ], [ 85.963095228463089, 26.812081418422679 ], [ 85.963607596995757, 26.81205130512501 ], [ 85.964201767145028, 26.812175303490108 ], [ 85.964413863363575, 26.812217430090527 ], [ 85.964753753136449, 26.812278553321789 ], [ 85.965430971379078, 26.81250017078878 ], [ 85.96594052679518, 26.812605420739203 ], [ 85.966447455256855, 26.812823472347134 ], [ 85.966616181096128, 26.812901405928415 ], [ 85.96690995032651, 26.813117890896592 ], [ 85.967322568335817, 26.813754965570183 ], [ 85.967545591461771, 26.814295795324028 ], [ 85.967669695048926, 26.814470469358014 ], [ 85.967921158711363, 26.814684392123809 ], [ 85.968552690789863, 26.815059056442124 ], [ 85.968930071996056, 26.815350599821045 ], [ 85.969200904613615, 26.815643640590906 ], [ 85.969388689137759, 26.815836814823342 ], [ 85.969514482573345, 26.815934743296168 ], [ 85.969701952330638, 26.816130105608067 ], [ 85.969751265508592, 26.815823633285788 ], [ 85.96989551237732, 26.815059768714605 ], [ 85.970144682738237, 26.814375708339355 ], [ 85.970287302711881, 26.813688522778648 ], [ 85.970376920439776, 26.813479293636647 ], [ 85.970491726712623, 26.813096579380215 ], [ 85.970757262253244, 26.812642749393092 ], [ 85.970933995761925, 26.812357466277774 ], [ 85.971241588654323, 26.811922011481727 ], [ 85.972025564131059, 26.811149280377208 ], [ 85.972135365610541, 26.810998859580991 ], [ 85.972633306128841, 26.81064146247428 ], [ 85.972807913612087, 26.810453233679198 ], [ 85.972874969749341, 26.810300310036553 ], [ 85.973014274778109, 26.809766549047481 ], [ 85.973070093737761, 26.809155478614798 ], [ 85.973278835440738, 26.808240939635198 ], [ 85.973290659883389, 26.807629558033 ], [ 85.973232799435664, 26.807322271813518 ], [ 85.973111072788129, 26.807014547618394 ], [ 85.97275931720327, 26.806493025664849 ], [ 85.972595908226253, 26.806144367386082 ], [ 85.972349576163197, 26.805682279714688 ], [ 85.971982392504572, 26.804853722455846 ], [ 85.971883351555732, 26.804469504513065 ], [ 85.971822362325213, 26.804336015476906 ], [ 85.971701949604551, 26.803951486364554 ], [ 85.971625594354293, 26.803490651465381 ], [ 85.971555245755496, 26.802725219355125 ], [ 85.971413834486668, 26.802338377155877 ], [ 85.971312541605585, 26.802069148950068 ], [ 85.971210621888758, 26.801838230571491 ], [ 85.971113270788351, 26.801377270664887 ], [ 85.970868250853528, 26.800838441029669 ], [ 85.970702027860625, 26.800625143300977 ], [ 85.970346393448494, 26.800333726728184 ], [ 85.970050121371742, 26.800250353975173 ], [ 85.969794968641452, 26.800246288086441 ], [ 85.969031697630669, 26.800118847970396 ], [ 85.968394282109557, 26.800089401978482 ], [ 85.967970903569665, 26.799987029896727 ], [ 85.967694188408757, 26.80000077261866 ], [ 85.967249437197779, 26.799898273730776 ], [ 85.966612210536766, 26.799848518979843 ], [ 85.966038412099977, 26.799837571387798 ], [ 85.965718328358491, 26.799889373922099 ], [ 85.965292447871548, 26.799922363289681 ], [ 85.965036168275844, 26.79997466765235 ], [ 85.964844254010245, 26.799991287343573 ], [ 85.964457927129331, 26.800175764117512 ], [ 85.964073350352294, 26.800263187470534 ], [ 85.963621595128586, 26.800449412549597 ], [ 85.963107973823696, 26.800556206656381 ], [ 85.962852195156984, 26.800552077814302 ], [ 85.962344452798106, 26.800370085900056 ], [ 85.961987942434689, 26.800096727952791 ], [ 85.961548510783928, 26.799725754500912 ], [ 85.961237247709732, 26.799319534353288 ], [ 85.960989975842779, 26.798931942109562 ], [ 85.96068352960117, 26.798315928937541 ], [ 85.960374956434805, 26.797792470718036 ], [ 85.960251978813744, 26.797561427332028 ], [ 85.960170054887726, 26.797407377723346 ], [ 85.959843236034374, 26.796750681381866 ], [ 85.959702201586481, 26.796366025463442 ], [ 85.9596054746238, 26.795905064657518 ], [ 85.959338520833569, 26.795440539791116 ], [ 85.959175736893599, 26.795055759764637 ], [ 85.958976215162238, 26.794363879680759 ], [ 85.958862120262495, 26.793674816310727 ], [ 85.958679404384441, 26.793210979434832 ], [ 85.958540996890974, 26.792675212931044 ], [ 85.958313784667553, 26.79232605282391 ], [ 85.958168307509993, 26.792151316735954 ], [ 85.95801133146864, 26.791996639392153 ], [ 85.957792677306998, 26.791782966641165 ], [ 85.95716483429635, 26.791293187578447 ], [ 85.956828945660163, 26.791076389642058 ], [ 85.95613748556525, 26.790568110380775 ], [ 85.955895709527965, 26.790342939645427 ], [ 85.955803098816773, 26.790256570311726 ], [ 85.955445339278469, 26.790003462666846 ], [ 85.955364292203114, 26.789790792673216 ], [ 85.955284610316596, 26.789503623654639 ], [ 85.955625499249493, 26.789546753911736 ], [ 85.95589566366192, 26.789386280360702 ], [ 85.955906723670751, 26.789379592913519 ], [ 85.956335302159459, 26.789215792726225 ], [ 85.957086774808261, 26.788864833051889 ], [ 85.957642022683899, 26.788617193357368 ], [ 85.958117028388017, 26.788405343556292 ], [ 85.958459345463154, 26.788295043845778 ], [ 85.958803564629648, 26.788110310761738 ], [ 85.959145203607022, 26.788040639361327 ], [ 85.959656132306009, 26.788010523365642 ], [ 85.960168707685511, 26.787903728359538 ], [ 85.960317648178091, 26.787907072982478 ], [ 85.960317657171402, 26.787907049599767 ], [ 85.96031767515808, 26.787907045103111 ], [ 85.960916724193964, 26.787726448955141 ], [ 85.961172504659373, 26.787692206815393 ], [ 85.96168281101933, 26.787700464499608 ], [ 85.96202445539268, 26.787630789501918 ], [ 85.962278419203528, 26.787691287696077 ], [ 85.962702362525135, 26.787757601882845 ], [ 85.962871714300832, 26.787797163582923 ], [ 85.963715095281032, 26.788155334116766 ], [ 85.964219772709839, 26.788432068163672 ], [ 85.964473299444364, 26.788512877814924 ], [ 85.964642588266713, 26.7885547508032 ], [ 85.964813066008503, 26.788537943151141 ], [ 85.965025975224933, 26.788523697701521 ], [ 85.965151894567327, 26.788601317415271 ], [ 85.965320183330277, 26.788699562453644 ], [ 85.966069129750053, 26.789515064081684 ], [ 85.96733307435494, 26.790110907891403 ], [ 85.967480052500832, 26.790188715565932 ], [ 85.967904556107499, 26.790234717396345 ], [ 85.968831926783764, 26.790652073096851 ], [ 85.969189875182167, 26.790830687112759 ], [ 85.9702665361919, 26.791210797797476 ], [ 85.970522878741008, 26.791158555488835 ], [ 85.970673110677126, 26.791085188725333 ], [ 85.971111754511298, 26.790422756431951 ], [ 85.971526710788851, 26.789895498526562 ], [ 85.97204715174297, 26.789407427299011 ], [ 85.97221894341169, 26.789313876783808 ], [ 85.972583086422219, 26.789185643455198 ], [ 85.972798747600564, 26.789038286689731 ], [ 85.973058905124219, 26.788794249726891 ], [ 85.973432681799977, 26.788187748810003 ], [ 85.973802391687627, 26.787793290151626 ], [ 85.974061610306705, 26.787587625969422 ], [ 85.974339887610597, 26.78749713768633 ], [ 85.974489306548833, 26.787480143872187 ], [ 85.974935998522483, 26.787467589170376 ], [ 85.975526538060592, 26.787708764452532 ], [ 85.975882173372099, 26.788000182824021 ], [ 85.976214621156601, 26.788388402802866 ], [ 85.976400466716768, 26.788658257844418 ], [ 85.97667142434176, 26.788930987157244 ], [ 85.976837460273202, 26.789126222663072 ], [ 85.977044490543676, 26.789416511471131 ], [ 85.977226393423848, 26.789878097314158 ], [ 85.97741204922454, 26.790166076632659 ], [ 85.977766245601742, 26.790516050636995 ], [ 85.978122879173895, 26.790771346361396 ], [ 85.978436707148489, 26.791026327318889 ], [ 85.978794657345588, 26.791202631845294 ], [ 85.978897640075104, 26.791358993641552 ], [ 85.978934315812523, 26.791645843396566 ], [ 85.979029859251739, 26.791998563966786 ], [ 85.979152457353848, 26.792452964131655 ], [ 85.979377730613294, 26.792914862942894 ], [ 85.979761907186742, 26.793953274380783 ], [ 85.97992343835449, 26.794414674961047 ], [ 85.979995163833621, 26.795105738449706 ], [ 85.979992912800753, 26.795218541905911 ], [ 85.980155695841347, 26.795605509112534 ], [ 85.98037102066877, 26.796584050091326 ], [ 85.980493247345976, 26.796871525782819 ], [ 85.980605465335714, 26.797677830821954 ], [ 85.980601211486203, 26.797905685169837 ], [ 85.980736803165087, 26.798597124580112 ], [ 85.980767286089019, 26.799229068553529 ], [ 85.980885259816034, 26.799746648726398 ], [ 85.981007049416917, 26.800036311597978 ], [ 85.981215329761596, 26.800267982719106 ], [ 85.981379113760852, 26.800616640997873 ], [ 85.98137679887526, 26.800731693688249 ], [ 85.981309616831254, 26.800900426722194 ], [ 85.981067451382387, 26.801336382447232 ], [ 85.980956648044867, 26.801565735085489 ], [ 85.980538687092633, 26.802302849867885 ], [ 85.980320523067974, 26.80258557078082 ], [ 85.980251337307948, 26.802871606638632 ], [ 85.980287200047485, 26.803217075879274 ], [ 85.980366998847387, 26.803504238602557 ], [ 85.980590831373831, 26.804024757798686 ], [ 85.980709618098729, 26.804485906565446 ], [ 85.98085434431249, 26.804717137912291 ], [ 85.981126491756243, 26.804933435819009 ], [ 85.981338775036249, 26.804955250063074 ], [ 85.98150975280771, 26.804920319033499 ], [ 85.982110367583971, 26.804642665867334 ], [ 85.982367147209402, 26.804572301979817 ], [ 85.983220975751976, 26.804413767392759 ], [ 85.983561430306565, 26.804400400592385 ], [ 85.984329582002601, 26.804261488572592 ], [ 85.984499433807969, 26.804283053701113 ], [ 85.98483694843992, 26.804441105345859 ], [ 85.98504391305903, 26.804731395952558 ], [ 85.985100710494009, 26.805095177430871 ], [ 85.985095268624377, 26.805381587411659 ], [ 85.985050647271578, 26.805496390087171 ], [ 85.984932650161852, 26.806106958691487 ], [ 85.984885025033691, 26.806372871053043 ], [ 85.984851765865926, 26.807004437306205 ], [ 85.984926994250714, 26.807521642456834 ], [ 85.985146636780371, 26.808270078954251 ], [ 85.985164881568039, 26.808443939090978 ], [ 85.985305916015932, 26.808846593379542 ], [ 85.985429269558551, 26.809077637664927 ], [ 85.985650038054303, 26.809769703910945 ], [ 85.985873935332847, 26.810290223107074 ], [ 85.985910110141276, 26.810635691448397 ], [ 85.986250854281366, 26.811730224921519 ], [ 85.986285654008213, 26.812132062614864 ], [ 85.986384568151038, 26.812536654968085 ], [ 85.986549165148176, 26.812826630807933 ], [ 85.986912595886281, 26.813844607580052 ], [ 85.987057510060765, 26.814057716448588 ], [ 85.987283659271498, 26.814463246807122 ], [ 85.98738445212291, 26.814752783772008 ], [ 85.987445190439246, 26.814924706743398 ], [ 85.987857432526994, 26.815620339747852 ], [ 85.988059143237194, 26.816197165342714 ], [ 85.988222677221643, 26.816543450279198 ], [ 85.988387336272808, 26.816833489971771 ], [ 85.988467945372577, 26.817064218590872 ], [ 85.988634858154626, 26.817239143539041 ], [ 85.988738028844978, 26.81741363051151 ], [ 85.988799517205848, 26.817529184130876 ], [ 85.989086404732916, 26.818106574507453 ], [ 85.98944514184717, 26.819374966318662 ], [ 85.98985200321988, 26.820357073156572 ], [ 85.989848124392608, 26.820548866911395 ], [ 85.989991913500376, 26.820818408085415 ], [ 85.990044956216195, 26.821394107714184 ], [ 85.990126754235462, 26.82156621774709 ], [ 85.990205424371254, 26.821911937901859 ], [ 85.990197790824766, 26.822313527379094 ], [ 85.99027614709297, 26.822659309587891 ], [ 85.9903303184729, 26.823176389731088 ], [ 85.990304692851623, 26.823406367406392 ], [ 85.990427794580739, 26.823637411691777 ], [ 85.990636512001686, 26.823850958535957 ], [ 85.990826111381693, 26.823949328581705 ], [ 85.991122632573934, 26.824012390777 ], [ 85.991636505692327, 26.823849100512064 ], [ 85.992061949102947, 26.823836296694708 ], [ 85.992212743122764, 26.82374262207145 ], [ 85.992473966357181, 26.823421841346203 ], [ 85.992559767311775, 26.823386346434233 ], [ 85.992688064493109, 26.823348914356927 ], [ 85.99311382087194, 26.823338297719772 ], [ 85.993538387431954, 26.823384300449504 ], [ 85.993668248555025, 26.823270063455027 ], [ 85.993925466156043, 26.823161389740278 ], [ 85.99450264339049, 26.823016600573169 ], [ 85.994714488694854, 26.823058725374949 ], [ 85.994884529360377, 26.823062165327315 ], [ 85.995391208706508, 26.823280092827133 ], [ 85.995999805071506, 26.823710876482721 ], [ 85.996334505687514, 26.824004294073518 ], [ 85.996563531867537, 26.824276710418133 ], [ 85.996747999648107, 26.824641305793705 ], [ 85.996987948238768, 26.825448487683445 ], [ 85.99715260818931, 26.825738463523237 ], [ 85.997233592311318, 26.825969194840411 ], [ 85.997370436762424, 26.82660195271103 ], [ 85.997440346486314, 26.827407943882633 ], [ 85.997427083109358, 26.828096005394627 ], [ 85.99746332266983, 26.828439225401098 ], [ 85.997409879750364, 26.829011986905869 ], [ 85.997507356757524, 26.829472946812473 ], [ 85.99728754065643, 26.830980869923451 ], [ 85.997219544715165, 26.831208285396372 ], [ 85.997184034514532, 26.831952655105681 ], [ 85.997070165347623, 26.832353429786338 ], [ 85.996895557864377, 26.832580092516707 ], [ 85.996723766195714, 26.832671394697059 ], [ 85.996338628234298, 26.83274313096814 ], [ 85.996019421343419, 26.83271831564673 ], [ 85.995826507018478, 26.832773369273241 ], [ 85.995566289239434, 26.832979096408849 ], [ 85.995112843267862, 26.833239878070287 ], [ 85.994938737612983, 26.833410108495229 ], [ 85.994893803291973, 26.833524847318074 ], [ 85.99485636851665, 26.833662210684793 ], [ 85.994779371141988, 26.833943683322218 ], [ 85.99477624415789, 26.834115107163313 ], [ 85.994979329050352, 26.834689745578032 ], [ 85.99546206902636, 26.835137649853834 ], [ 85.996136093734208, 26.835604995930794 ], [ 85.996490724489661, 26.836067771592639 ], [ 85.996762620119966, 26.836358501074301 ], [ 85.996926340266498, 26.836763591658496 ], [ 85.997113057281297, 26.837051445070244 ], [ 85.997343648302319, 26.837283239400108 ], [ 85.997555927085671, 26.837492287775945 ], [ 85.998499403034145, 26.838606765777854 ], [ 85.999079692863347, 26.839118667556193 ], [ 85.999613668793245, 26.839781242843628 ], [ 85.99999816283156, 26.840607549968979 ], [ 86.00007957503658, 26.841183497813915 ], [ 86.000006063480271, 26.842252462323813 ], [ 85.999766145466879, 26.842857717663207 ], [ 85.999784764377466, 26.842961644693389 ], [ 85.99983843932506, 26.843257619989913 ], [ 85.999859746344782, 26.84337510987524 ], [ 85.999888579890239, 26.845137452759332 ], [ 85.999399615624043, 26.846460823552377 ], [ 85.999337990564413, 26.846859661967017 ], [ 86.000018804344165, 26.848419095328779 ], [ 86.000326945830295, 26.848669453709817 ], [ 86.000835624395791, 26.848826510691254 ], [ 86.001433977347176, 26.849112744402532 ], [ 86.001734811744996, 26.849117125058171 ], [ 86.002154011080108, 26.848935085479241 ], [ 86.002721882006881, 26.848467512770128 ], [ 86.00309070964795, 26.848431774138646 ], [ 86.003772616118454, 26.848547148790601 ], [ 86.004258359869823, 26.848805508545695 ], [ 86.004766529412336, 26.849339345078874 ], [ 86.004937624996501, 26.849658694963864 ], [ 86.00499592252055, 26.85000653844611 ], [ 86.004961734340782, 26.850274826847965 ], [ 86.00449909178036, 26.85104999964409 ], [ 86.004412848353468, 26.851272726889135 ], [ 86.004367156793307, 26.851753057549502 ], [ 86.004480255230987, 26.852304384329159 ], [ 86.004462497882344, 26.852753344423036 ], [ 86.004452872311163, 26.852775780106811 ], [ 86.003921105145423, 26.854001722456701 ], [ 86.003845663618449, 26.854646476542769 ], [ 86.004244142299569, 26.856036919661051 ], [ 86.004590645774215, 26.856686929454668 ], [ 86.004735621103464, 26.856972280919365 ], [ 86.004798798413447, 26.857042651102233 ], [ 86.005079753034522, 26.857356002429867 ], [ 86.005264286466456, 26.857643855841559 ], [ 86.005311079710737, 26.858196992980425 ], [ 86.005202941099697, 26.859484626041308 ], [ 86.005280105750444, 26.860116945936284 ], [ 86.00526696558228, 26.86093587042933 ], [ 86.005594210719892, 26.86199190611444 ], [ 86.00552544584815, 26.86313086578491 ], [ 86.005720702038673, 26.864465685998312 ], [ 86.005756945196481, 26.864560739300543 ], [ 86.0058906716568, 26.864911398597314 ], [ 86.00578260229446, 26.865907932550272 ], [ 86.005510249802569, 26.866555806425765 ], [ 86.005161253374183, 26.868455441629294 ], [ 86.004768651840436, 26.869867432788794 ], [ 86.004726388541201, 26.870708731810907 ], [ 86.004715761112038, 26.870841782871423 ], [ 86.004714102740252, 26.870862649217543 ] ] ] } },
{ "type": "Feature", "properties": { "Physiography": "Inner River Valley", "subdivision": "Kamala", "Area_sqkm": 16.697 }, "geometry": { "type": "Polygon", "coordinates": [ [ [ 86.255360249083708, 26.932266067983107 ], [ 86.255138818678176, 26.931215786236521 ], [ 86.254889730156606, 26.929802348048725 ], [ 86.254085962138504, 26.928886927721862 ], [ 86.252787225001498, 26.926864362562014 ], [ 86.250593536378062, 26.925149973962277 ], [ 86.248134496577507, 26.924325580619609 ], [ 86.247189137423788, 26.923224003563007 ], [ 86.245830340068153, 26.923220793840187 ], [ 86.244099326381217, 26.924414313402849 ], [ 86.243348759361709, 26.92544579457342 ], [ 86.242811418124177, 26.926484634993585 ], [ 86.241821205589474, 26.927646086106563 ], [ 86.24029263107326, 26.927390722932159 ], [ 86.239964548655678, 26.929808766595045 ], [ 86.239639782082349, 26.931101837928225 ], [ 86.239441666009895, 26.931462335039043 ], [ 86.239131112510222, 26.932699145839592 ], [ 86.238289837770083, 26.933104561982702 ], [ 86.237467150463885, 26.932778939243462 ], [ 86.237299680094793, 26.928836794351355 ], [ 86.237680575897969, 26.927717109205901 ], [ 86.23888675268654, 26.925384694724812 ], [ 86.242091049839019, 26.922921678968862 ], [ 86.241820182147478, 26.92121252359334 ], [ 86.24078847704277, 26.91971597615742 ], [ 86.239957085982667, 26.919920187915295 ], [ 86.237665206280951, 26.920664210481732 ], [ 86.236132103618331, 26.92047301028731 ], [ 86.235023009928682, 26.919474027448018 ], [ 86.232173347128992, 26.917807430353207 ], [ 86.229590058049155, 26.916548014794103 ], [ 86.228870664641988, 26.915949866890799 ], [ 86.22838961181651, 26.909013711604871 ], [ 86.227930246428969, 26.908201936816681 ], [ 86.227293575556359, 26.907829431799087 ], [ 86.225696685835317, 26.907883872079879 ], [ 86.225654031325803, 26.906871860589774 ], [ 86.225659701626341, 26.905036887496635 ], [ 86.223675395031648, 26.90391485958628 ], [ 86.223182414340101, 26.902849146168592 ], [ 86.221159120719733, 26.902684167853863 ], [ 86.219378867600199, 26.900776310040158 ], [ 86.218883883192632, 26.899162943622002 ], [ 86.219059291083056, 26.898042125315783 ], [ 86.219420189296784, 26.897040153989792 ], [ 86.218678746020089, 26.896712246043023 ], [ 86.218249062249924, 26.897493272603811 ], [ 86.21798063624999, 26.898561279323019 ], [ 86.217305308407276, 26.899867393696354 ], [ 86.216317873015782, 26.900187921708834 ], [ 86.214909903677665, 26.899565258861685 ], [ 86.213285252417222, 26.899218931656435 ], [ 86.210311307062909, 26.899463938101235 ], [ 86.209208081527265, 26.900137243341931 ], [ 86.208056992539923, 26.901462569286934 ], [ 86.20696415970724, 26.902833673128157 ], [ 86.206173185613807, 26.903597758935462 ], [ 86.205296815265967, 26.904215860360864 ], [ 86.204498521493576, 26.904766129523807 ], [ 86.201928883403639, 26.906975060058812 ], [ 86.20092934567532, 26.907528449910501 ], [ 86.200275353631014, 26.907940763045644 ], [ 86.198192927904756, 26.908887047613973 ], [ 86.195171917707341, 26.910879984217161 ], [ 86.195892308475777, 26.912758484173708 ], [ 86.196849928249151, 26.915131615998916 ], [ 86.196684271836602, 26.916808568024692 ], [ 86.195711536957731, 26.917675871287713 ], [ 86.195463419716816, 26.918363965175729 ], [ 86.196568862110666, 26.91898923339329 ], [ 86.197146656288169, 26.919510108725717 ], [ 86.198344009711434, 26.920008116694021 ], [ 86.198788034260588, 26.92145583209566 ], [ 86.199016894963165, 26.92307976209031 ], [ 86.199335041539314, 26.923610842164919 ], [ 86.199822780912712, 26.924473199091267 ], [ 86.201690703802797, 26.92538433049458 ], [ 86.201687779168822, 26.926286404705706 ], [ 86.201908989237495, 26.926278899763986 ], [ 86.202502049608654, 26.926813257910851 ], [ 86.204435439512963, 26.927064471558481 ], [ 86.204956571155549, 26.927498091713289 ], [ 86.204953361432729, 26.92856598421713 ], [ 86.205359556399003, 26.928931971761585 ], [ 86.206335514490718, 26.929199178264696 ], [ 86.206751631808402, 26.929892582719617 ], [ 86.206052791779143, 26.932207480873558 ], [ 86.206661967315199, 26.933223505191677 ], [ 86.206743041370601, 26.935145585971668 ], [ 86.20643875173181, 26.935733606475424 ], [ 86.205546434394535, 26.935362714862947 ], [ 86.205025131878529, 26.934235358398951 ], [ 86.204288616052452, 26.933929159474189 ], [ 86.203210917211379, 26.932556567235281 ], [ 86.203216038918185, 26.93097956718367 ], [ 86.202007459109325, 26.929890591594301 ], [ 86.201566682954365, 26.929889542071578 ], [ 86.199774948038396, 26.929950268696587 ], [ 86.199524654409402, 26.929533199883622 ], [ 86.199528916352904, 26.928314272338469 ], [ 86.198804812234584, 26.927469698841492 ], [ 86.197500902128752, 26.926732124499381 ], [ 86.196949132876796, 26.925811550089747 ], [ 86.197636178141408, 26.924563309654104 ], [ 86.197639242172158, 26.923666694399969 ], [ 86.197402366605559, 26.923271437133053 ], [ 86.197404441368917, 26.922567084186767 ], [ 86.197188284657614, 26.922206042978928 ], [ 86.196854046299279, 26.921614767785627 ], [ 86.195447278471249, 26.921895870796789 ], [ 86.194743912094282, 26.921692186048574 ], [ 86.193356589664745, 26.921739133978292 ], [ 86.188581460092792, 26.921725879594703 ], [ 86.187741602702999, 26.922536972687737 ], [ 86.186934178892386, 26.923256809466523 ], [ 86.18601710469045, 26.924142571558662 ], [ 86.183686353977123, 26.92458800896145 ], [ 86.18242985136061, 26.926163590763451 ], [ 86.181792952956528, 26.926778558010085 ], [ 86.180770551461421, 26.926607402170475 ], [ 86.179555748261748, 26.926449256995056 ], [ 86.177781309336126, 26.925935329916626 ], [ 86.176731316275777, 26.926128452887042 ], [ 86.176065954851765, 26.926962338699525 ], [ 86.174742356527304, 26.928142236950293 ], [ 86.176313438062209, 26.929449305516982 ], [ 86.175712386209682, 26.930029509909446 ], [ 86.172795600721997, 26.927910377868386 ], [ 86.171037448734012, 26.927302369667814 ], [ 86.16811013384455, 26.928119205907421 ], [ 86.165921534551956, 26.930539295555036 ], [ 86.164198160706803, 26.933667828319699 ], [ 86.164182543772938, 26.937914659456908 ], [ 86.164531865760182, 26.939054341292547 ], [ 86.163922978910307, 26.940403620097698 ], [ 86.162745829024061, 26.942018884110496 ], [ 86.162956517785005, 26.942591169867626 ], [ 86.164137031180189, 26.94255156140224 ], [ 86.165108990833232, 26.943101234306766 ], [ 86.165601641469266, 26.944167167161879 ], [ 86.166220291488344, 26.945199794983239 ], [ 86.166279017994668, 26.946604905338745 ], [ 86.166004597034714, 26.947410191432596 ], [ 86.165283802465297, 26.948399072953009 ], [ 86.165724119060599, 26.949009414025852 ], [ 86.167641538592761, 26.950011506761882 ], [ 86.169345582154165, 26.950425129327243 ], [ 86.170677600043007, 26.950694501426483 ], [ 86.170970133588582, 26.950937930439522 ], [ 86.171575040885728, 26.952008100056844 ], [ 86.172000801761271, 26.952185156426424 ], [ 86.172230175084167, 26.952969298279982 ], [ 86.173027630677325, 26.953435958165073 ], [ 86.173642302043106, 26.953783843016708 ], [ 86.174466360833549, 26.954324445239081 ], [ 86.175672578991453, 26.95465473911878 ], [ 86.176428703894715, 26.955752330327357 ], [ 86.177488715535219, 26.95635217977042 ], [ 86.178060087569065, 26.957841164707247 ], [ 86.178600530609344, 26.959009742142371 ], [ 86.179794333462212, 26.95977455191354 ], [ 86.179455450943351, 26.960190016314755 ], [ 86.178094827040525, 26.959932806807728 ], [ 86.17625112321349, 26.958543999577898 ], [ 86.175010859869928, 26.957426564565935 ], [ 86.173573939173593, 26.956675502013411 ], [ 86.171901683469628, 26.957514500539332 ], [ 86.172147493019622, 26.95804781276081 ], [ 86.173750550372858, 26.959974490036529 ], [ 86.174790900774724, 26.961453260338487 ], [ 86.174830774543636, 26.962402609836943 ], [ 86.174616048672647, 26.96279235868343 ], [ 86.174904302287985, 26.963506862411975 ], [ 86.174256561513914, 26.963528837636773 ], [ 86.173133363570059, 26.963061747870029 ], [ 86.17277340066363, 26.961008244723303 ], [ 86.170955534700738, 26.959980029034284 ], [ 86.170119816045712, 26.958791648265787 ], [ 86.17006759172375, 26.957544507715568 ], [ 86.170325719450716, 26.956033378479106 ], [ 86.169348578734855, 26.955220565859577 ], [ 86.167387933616169, 26.953342324911205 ], [ 86.165799187363973, 26.951680194808091 ], [ 86.164737440908311, 26.951210501469575 ], [ 86.163524021783587, 26.950705770080731 ], [ 86.163295316665767, 26.950323721331415 ], [ 86.16330122079313, 26.948677084953431 ], [ 86.162958249902147, 26.945564938053167 ], [ 86.162020951478553, 26.943906331540404 ], [ 86.161628840981109, 26.943553217061947 ], [ 86.159153766955683, 26.943901623527267 ], [ 86.158075481748824, 26.944250997675852 ], [ 86.156178530157831, 26.944314728975542 ], [ 86.153525457260912, 26.944134647246585 ], [ 86.153521459721503, 26.945206800794608 ], [ 86.154360872840357, 26.945963333995508 ], [ 86.155581454260641, 26.946745754523874 ], [ 86.155596751930943, 26.947115572331597 ], [ 86.155593879458365, 26.947915101788851 ], [ 86.156772088760022, 26.949258698602193 ], [ 86.155234027170025, 26.94973209269989 ], [ 86.153668280483998, 26.95023937370047 ], [ 86.153365017884539, 26.949202222229417 ], [ 86.151844637199815, 26.948785776654859 ], [ 86.15155704999097, 26.946543950282944 ], [ 86.151140338213565, 26.946012498783375 ], [ 86.150669245511438, 26.94539200512969 ], [ 86.148710759693529, 26.944245093548545 ], [ 86.147533268959705, 26.944466559028058 ], [ 86.145102431372152, 26.945368950704108 ], [ 86.144655125153463, 26.945982113886885 ], [ 86.144910775215408, 26.946648725385046 ], [ 86.145309971564984, 26.947315619274036 ], [ 86.145935309930621, 26.948668250796118 ], [ 86.147380306645744, 26.949486272357888 ], [ 86.147403343084648, 26.950037475029433 ], [ 86.147399377021941, 26.951072624583162 ], [ 86.147847712978034, 26.952877112054352 ], [ 86.147595953434688, 26.954490850796788 ], [ 86.146928224064482, 26.955779638602451 ], [ 86.145938737292283, 26.956734459648544 ], [ 86.145598875398775, 26.956233013526628 ], [ 86.146270917974562, 26.954672969517105 ], [ 86.145997755182805, 26.952440778609059 ], [ 86.143893648313906, 26.94871640023598 ], [ 86.141706129121303, 26.946895322751573 ], [ 86.141324480575577, 26.945949024693164 ], [ 86.142239873922449, 26.943823704335273 ], [ 86.141640471448341, 26.943526897154868 ], [ 86.139923624968958, 26.944736073222089 ], [ 86.138538942983871, 26.944482357627408 ], [ 86.137536548071637, 26.943647841381846 ], [ 86.137915590347575, 26.942916437369945 ], [ 86.138970893075566, 26.942408791239814 ], [ 86.139899126213038, 26.942377616728095 ], [ 86.141201600082638, 26.942381813020233 ], [ 86.141202833069428, 26.942010155175296 ], [ 86.140949676860487, 26.94118243609563 ], [ 86.141336648563822, 26.940435219994413 ], [ 86.143263956272676, 26.939983025895685 ], [ 86.142890882876031, 26.939322952555301 ], [ 86.141696543120872, 26.938921522260216 ], [ 86.141957940826046, 26.937938848841952 ], [ 86.141847272388645, 26.935287774265021 ], [ 86.142361552905243, 26.932519539858276 ], [ 86.142070907061679, 26.929457615362594 ], [ 86.143063095433035, 26.930132080744045 ], [ 86.14819537029814, 26.930236234406379 ], [ 86.148264008363867, 26.9303686019731 ], [ 86.14834117661195, 26.930739069999277 ], [ 86.148481589620133, 26.931010673346009 ], [ 86.148985885731349, 26.931534947261412 ], [ 86.14958504178793, 26.932206460129521 ], [ 86.150459474970432, 26.932843480843019 ], [ 86.151365899259872, 26.93366129735665 ], [ 86.152115789080938, 26.934153140390777 ], [ 86.153830985282525, 26.934838047039307 ], [ 86.15475679381575, 26.935136910996448 ], [ 86.156118794598854, 26.935341416836536 ], [ 86.15699268098632, 26.935299247967407 ], [ 86.158031240814296, 26.934815810108262 ], [ 86.158488249047593, 26.934502659332168 ], [ 86.158648732491315, 26.934295993291926 ], [ 86.158706232306145, 26.933969209512554 ], [ 86.157659495733924, 26.931106386759325 ], [ 86.157365248057886, 26.929967421692822 ], [ 86.157351749954785, 26.92991542580171 ], [ 86.157865933343317, 26.926949140074612 ], [ 86.158145599218869, 26.926276142406152 ], [ 86.158405821494568, 26.925977550047833 ], [ 86.159273087884912, 26.925669092895532 ], [ 86.159797212510853, 26.925383378099923 ], [ 86.160132794474123, 26.925277143378821 ], [ 86.161506116972191, 26.925084497055423 ], [ 86.161992120631055, 26.924850464283395 ], [ 86.162321390169438, 26.924784662716945 ], [ 86.163063360455794, 26.924484514510937 ], [ 86.164198597783127, 26.923931648970893 ], [ 86.164825460519751, 26.92358112817152 ], [ 86.165803465495515, 26.923140121787071 ], [ 86.166208227822892, 26.922903337952505 ], [ 86.167740924885891, 26.921827087039048 ], [ 86.170952040788336, 26.919946124706144 ], [ 86.171865812636099, 26.919121153091737 ], [ 86.173978064772484, 26.917592390614686 ], [ 86.17469479525181, 26.916989643517638 ], [ 86.175221234763342, 26.916548192862194 ], [ 86.175395092202052, 26.916346152096423 ], [ 86.17640710099414, 26.915460811791888 ], [ 86.177239876129192, 26.915032427559254 ], [ 86.177796056614113, 26.914821330500729 ], [ 86.178408671203158, 26.914466124171497 ], [ 86.179174021473955, 26.913789136158357 ], [ 86.179944752459789, 26.912891042399224 ], [ 86.181107511204345, 26.911067914433374 ], [ 86.181519028428909, 26.910718265987953 ], [ 86.181880297168163, 26.910535351357055 ], [ 86.182347049684722, 26.910418494602823 ], [ 86.182667823215354, 26.910215018500082 ], [ 86.183067405379177, 26.909781814736903 ], [ 86.183563541833564, 26.909121320508177 ], [ 86.184069483725864, 26.908715865693694 ], [ 86.184935448779981, 26.907865707332917 ], [ 86.186733366616807, 26.906465803221579 ], [ 86.188701069708259, 26.905344438120324 ], [ 86.189621142289582, 26.904957113878083 ], [ 86.190502598370813, 26.904522168105075 ], [ 86.191152953508663, 26.90429120026306 ], [ 86.191821992309144, 26.904177723205805 ], [ 86.193358909046992, 26.904376044326398 ], [ 86.194262845778781, 26.904719653744394 ], [ 86.19551298560765, 26.904947905597908 ], [ 86.196643649821851, 26.904947612415015 ], [ 86.198161569029537, 26.905127685150603 ], [ 86.199292100142316, 26.905461300270588 ], [ 86.199842900811632, 26.905516305333038 ], [ 86.200302909222955, 26.905189466694367 ], [ 86.20067636753447, 26.904828319365151 ], [ 86.20106982163685, 26.90457559843378 ], [ 86.201265549977677, 26.904355559297869 ], [ 86.202144215425676, 26.902866770415812 ], [ 86.202394071079084, 26.902279266129767 ], [ 86.202894030602067, 26.901102006524752 ], [ 86.203566963518483, 26.900061112025867 ], [ 86.20389129931084, 26.899889195349772 ], [ 86.204704319676523, 26.899771907814568 ], [ 86.205510592339692, 26.899553065692089 ], [ 86.205860296543847, 26.899525699859623 ], [ 86.206733682901643, 26.899460658230339 ], [ 86.207352416558763, 26.899335554583899 ], [ 86.207808479592074, 26.899347124515032 ], [ 86.209388281068925, 26.898850571669016 ], [ 86.210845408899615, 26.898495442682531 ], [ 86.211629312429636, 26.898091366547021 ], [ 86.212700177232136, 26.897806286681146 ], [ 86.213532824661741, 26.897456645430395 ], [ 86.214486712199232, 26.896850404421002 ], [ 86.215775742825031, 26.896225857469233 ], [ 86.216070772921626, 26.89586870678005 ], [ 86.216270522184516, 26.894770996859449 ], [ 86.2162855464573, 26.893550357881793 ], [ 86.216206260277772, 26.892825608941052 ], [ 86.216472734723027, 26.89231715880635 ], [ 86.217121916230099, 26.89150618082806 ], [ 86.217667552024579, 26.890613396736512 ], [ 86.217977643266636, 26.890256371054704 ], [ 86.218761363332533, 26.889734994793287 ], [ 86.219896356940353, 26.88884546988794 ], [ 86.220485598739572, 26.888564316514078 ], [ 86.220874298962769, 26.888487580845606 ], [ 86.221312426579289, 26.888582517234397 ], [ 86.22173848963098, 26.888785631804865 ], [ 86.221784295406621, 26.888808506363659 ], [ 86.222298724313305, 26.888969250614196 ], [ 86.222770469032582, 26.889256170517285 ], [ 86.223117227918067, 26.88956271208832 ], [ 86.22350129027609, 26.890072485143207 ], [ 86.223919651431913, 26.891036029728582 ], [ 86.223941312789236, 26.892105684926889 ], [ 86.223834811865288, 26.892784246774454 ], [ 86.223328844791638, 26.89436997036529 ], [ 86.22323747875862, 26.89456351242535 ], [ 86.223197355874163, 26.894676127021398 ], [ 86.223195541018299, 26.894757308097553 ], [ 86.223151854972798, 26.89502784573358 ], [ 86.222526904220103, 26.896484327842472 ], [ 86.222415835579056, 26.897503609548096 ], [ 86.22198998117284, 26.899139391864765 ], [ 86.222036326548789, 26.90027460311137 ], [ 86.222260220229998, 26.900794810238665 ], [ 86.222620159753717, 26.901430821899453 ], [ 86.223776171695022, 26.902502244288996 ], [ 86.22383415445222, 26.902951582103128 ], [ 86.223818893654538, 26.903477220308048 ], [ 86.224077977373497, 26.903823882964844 ], [ 86.224399682614091, 26.903976811104087 ], [ 86.225099899523627, 26.904032568009768 ], [ 86.225173701564813, 26.90405550552191 ], [ 86.225320495347262, 26.904078881009696 ], [ 86.225757686757163, 26.904085762713009 ], [ 86.225768684711909, 26.904083574633546 ], [ 86.226339111545769, 26.904032589593783 ], [ 86.22690597162125, 26.904083159141237 ], [ 86.227291236388737, 26.904006172558582 ], [ 86.228538069366721, 26.904035566389098 ], [ 86.230069118849997, 26.903917604353467 ], [ 86.233141532277443, 26.903580062741526 ], [ 86.234161026225934, 26.903362162221697 ], [ 86.234811627781255, 26.903399545734942 ], [ 86.235392427532815, 26.903337248872901 ], [ 86.23598797186429, 26.903340509857742 ], [ 86.236986712782766, 26.90349482476995 ], [ 86.237478768059702, 26.90363282126782 ], [ 86.237749104244926, 26.903803559816424 ], [ 86.23814191982018, 26.904148662128819 ], [ 86.238746583397869, 26.90447908101595 ], [ 86.239298942612891, 26.904680634342753 ], [ 86.23995672804773, 26.904776699395597 ], [ 86.240639882793744, 26.904985692912078 ], [ 86.241672984564048, 26.905512476868466 ], [ 86.241836647153264, 26.905641967465897 ], [ 86.242030302529372, 26.905949879621858 ], [ 86.242227956344152, 26.906311851640282 ], [ 86.242504342348809, 26.906947486480192 ], [ 86.243201528502937, 26.908550979111055 ], [ 86.243469150498356, 26.909933358801197 ], [ 86.244180011025037, 26.911985937432632 ], [ 86.244634680090769, 26.912974418749513 ], [ 86.24534912266455, 26.914120016403785 ], [ 86.245629634813326, 26.914710404853793 ], [ 86.245826104205321, 26.914925826809281 ], [ 86.24612318568262, 26.915096628311289 ], [ 86.246383714631179, 26.915048388038713 ], [ 86.246432709444946, 26.915019328760422 ], [ 86.247476885613423, 26.9148827352235 ], [ 86.247521068990579, 26.91486492481414 ], [ 86.248015444549083, 26.914664450688122 ], [ 86.24834009330965, 26.914481160135665 ], [ 86.248798541376573, 26.914091016481564 ], [ 86.249149939925871, 26.91371605628234 ], [ 86.249715186596291, 26.913308415187032 ], [ 86.250266190515049, 26.912670483448267 ], [ 86.251049035529036, 26.912094799108161 ], [ 86.251631152804805, 26.911842893872745 ], [ 86.252278011332294, 26.911552994476267 ], [ 86.253047850178802, 26.911419394822076 ], [ 86.253368433949959, 26.911369215585523 ], [ 86.253687827902297, 26.91135959900771 ], [ 86.25406990273234, 26.91138872663538 ], [ 86.254601081733711, 26.911420859837051 ], [ 86.255215246774469, 26.911514360888873 ], [ 86.256041572785819, 26.911631553094651 ], [ 86.256336344773501, 26.911734611368274 ], [ 86.25639902295319, 26.911773297117065 ], [ 86.256711101723283, 26.912011842746836 ], [ 86.257211215032328, 26.912371007044669 ], [ 86.257584846015959, 26.91268661030449 ], [ 86.25787792815521, 26.912848350117713 ], [ 86.258458527355288, 26.913361376063506 ], [ 86.25884708998035, 26.913889148387909 ], [ 86.259128916056, 26.914434416354766 ], [ 86.259276441896304, 26.915204600545565 ], [ 86.259322171228519, 26.915820857437041 ], [ 86.259520557101155, 26.916992942274533 ], [ 86.259557172583186, 26.917207487379414 ], [ 86.259613521250571, 26.918128405334642 ], [ 86.259560755529606, 26.919123190982418 ], [ 86.258803347276796, 26.919525391107356 ], [ 86.258434266023585, 26.919764863051057 ], [ 86.258106177310708, 26.920045206125053 ], [ 86.257665349893671, 26.92053028077197 ], [ 86.257332009070581, 26.920982045888366 ], [ 86.257122462463713, 26.921551802718454 ], [ 86.256978783074715, 26.922065504963371 ], [ 86.256854538292146, 26.922638013755318 ], [ 86.256848972314344, 26.922809435797717 ], [ 86.256706918021791, 26.923266767791233 ], [ 86.256697787983626, 26.923553302779396 ], [ 86.256756152058358, 26.923727351776279 ], [ 86.257058849876103, 26.924252435092171 ], [ 86.257152515505993, 26.924656774732568 ], [ 86.25709013500591, 26.925288278931703 ], [ 86.257111179420122, 26.925978842390691 ], [ 86.257080615556106, 26.926265254170119 ], [ 86.257030930053929, 26.92649510683799 ], [ 86.256846694301487, 26.926949936884455 ], [ 86.256858998089115, 26.927236537524038 ], [ 86.257083962877061, 26.927531077483593 ], [ 86.25764869332977, 26.927831872310719 ], [ 86.257710933533758, 26.927890867717906 ], [ 86.257809790119211, 26.928123848269195 ], [ 86.257802912013233, 26.92835395185125 ], [ 86.25757949677768, 26.928693481890548 ], [ 86.256876135796688, 26.929423090831904 ], [ 86.256764585112705, 26.929594011945369 ], [ 86.256463231799216, 26.930391183349002 ], [ 86.256282312790347, 26.930730962503787 ], [ 86.255928160480551, 26.931182603512127 ], [ 86.255465711276941, 26.931687862810008 ], [ 86.25537328043248, 26.931915277383553 ], [ 86.255362525297926, 26.932260433655983 ], [ 86.255360249083708, 26.932266067983107 ] ] ] } },
{ "type": "Feature", "properties": { "Physiography": "Bhawar", "subdivision": "Charnath", "Area_sqkm": 27.382 }, "geometry": { "type": "Polygon", "coordinates": [ [ [ 86.093982423168256, 26.904478384931508 ], [ 86.07856331307778, 26.907584874121937 ], [ 86.078392206701551, 26.907619345591911 ], [ 86.056162144797668, 26.911042405725482 ], [ 86.053357155512117, 26.911870892836305 ], [ 86.053137054322178, 26.91193590208951 ], [ 86.023374270258103, 26.914672328853442 ], [ 86.023346058152356, 26.914687800095237 ], [ 86.020767953732729, 26.916101694245356 ], [ 86.019695078918858, 26.916783371385691 ], [ 86.019197302079363, 26.917126961917688 ], [ 86.018320590884002, 26.917570375819139 ], [ 86.01761493660149, 26.917909433708132 ], [ 86.016560035875784, 26.918091514656396 ], [ 86.015826789128596, 26.918042759065486 ], [ 86.014453754417389, 26.917882111043639 ], [ 86.013508147946823, 26.917519858433025 ], [ 86.012659323298294, 26.917275386192614 ], [ 86.010576052198132, 26.916736361401945 ], [ 86.010501813979999, 26.916980129463866 ], [ 86.010501876034027, 26.916972223419236 ], [ 86.010629742434389, 26.91656020076897 ], [ 86.010792857329193, 26.91603562557674 ], [ 86.010858610331638, 26.915508111361191 ], [ 86.01127578346734, 26.913552544781226 ], [ 86.012554928614463, 26.910592209946799 ], [ 86.012818045846132, 26.909350888986523 ], [ 86.012845822674251, 26.907931767907542 ], [ 86.012705852138367, 26.9073870647224 ], [ 86.01210526704017, 26.906304338604571 ], [ 86.010932264882001, 26.905064179583746 ], [ 86.010730987650788, 26.904548285662031 ], [ 86.010643378135626, 26.904423607400474 ], [ 86.010534332995974, 26.904267120596842 ], [ 86.01007366357419, 26.903341071042121 ], [ 86.008781062592675, 26.90150215167165 ], [ 86.008020065997414, 26.900174571096443 ], [ 86.00775324261059, 26.899498063327599 ], [ 86.007800945081442, 26.898462783370519 ], [ 86.007980186832469, 26.897791659913935 ], [ 86.008230660328309, 26.897457194024071 ], [ 86.008479389116246, 26.89689037441866 ], [ 86.008648944141441, 26.896205626052904 ], [ 86.008879991124786, 26.895537127752164 ], [ 86.009071352299998, 26.89498568046173 ], [ 86.009125917588221, 26.894500912487729 ], [ 86.008965044732918, 26.892462344579769 ], [ 86.008749218077128, 26.891567358019358 ], [ 86.008260491235092, 26.890654620405655 ], [ 86.008008354870867, 26.889815754081837 ], [ 86.007734150650322, 26.889333166992628 ], [ 86.007464255138757, 26.889080872345573 ], [ 86.006817536008043, 26.888726643592349 ], [ 86.00557714855637, 26.88827566359447 ], [ 86.005256633134593, 26.888022930072509 ], [ 86.005012297592941, 26.887696329757262 ], [ 86.004542254413536, 26.886810776310597 ], [ 86.004448470071509, 26.886065529750681 ], [ 86.004432599525501, 26.885939104083263 ], [ 86.004512717588909, 26.885763620648788 ], [ 86.004825123716557, 26.885258171591431 ], [ 86.00490355552887, 26.885132372759813 ], [ 86.005364940820414, 26.884673109896369 ], [ 86.005828019557782, 26.883979116377702 ], [ 86.006370767590965, 26.883597097306392 ], [ 86.006503943658913, 26.883367933528291 ], [ 86.006377720341675, 26.882836792298974 ], [ 86.006186376253822, 26.88263461843178 ], [ 86.006042710354791, 26.88248244303503 ], [ 86.005768320871482, 26.882029229091643 ], [ 86.00569802983, 26.881439843398937 ], [ 86.005806530872633, 26.880646417721152 ], [ 86.005818846351588, 26.877586943011067 ], [ 86.005609720633061, 26.875999269664248 ], [ 86.005515426368731, 26.875709793854128 ], [ 86.006723024104872, 26.875325663146725 ], [ 86.00688194180816, 26.87527485707443 ], [ 86.007630037458057, 26.874923650982566 ], [ 86.00788900876023, 26.874735923116475 ], [ 86.008331086251474, 26.874136609676441 ], [ 86.008891157254993, 26.873170332015206 ], [ 86.009127834068806, 26.872201734971782 ], [ 86.009132716552813, 26.87189945084765 ], [ 86.008925626026951, 26.871559539490818 ], [ 86.008579616286625, 26.871238938632303 ], [ 86.00847194802725, 26.870931337645914 ], [ 86.008432666919362, 26.870611342039126 ], [ 86.008540551918259, 26.870627354679982 ], [ 86.010598474391941, 26.872504655824343 ], [ 86.011747153164322, 26.874485663662142 ], [ 86.01535240126691, 26.877975046975848 ], [ 86.016489943587089, 26.87932064840453 ], [ 86.017730345428106, 26.880755556391534 ], [ 86.01996844585949, 26.881359090405738 ], [ 86.02149803392507, 26.881972729336155 ], [ 86.024740280271885, 26.882107870448749 ], [ 86.025960823920116, 26.882262787914669 ], [ 86.02666830115254, 26.882352584609976 ], [ 86.028798766599891, 26.882594366043236 ], [ 86.030328412222843, 26.883207905147572 ], [ 86.033074341349163, 26.88389471478672 ], [ 86.037640641083442, 26.884464431146796 ], [ 86.039464236702941, 26.884528898101621 ], [ 86.040020126702984, 26.884465372749389 ], [ 86.04013605444527, 26.884452123761776 ], [ 86.040842725874484, 26.884371360875946 ], [ 86.041282938147106, 26.884321050336609 ], [ 86.042653122869069, 26.88408271515101 ], [ 86.045758025634427, 26.883542551803544 ], [ 86.048398470983557, 26.883083190013338 ], [ 86.050628553852846, 26.883232405702131 ], [ 86.051166529120792, 26.883785265846143 ], [ 86.061021936767474, 26.883641802297234 ], [ 86.065212491184013, 26.884021759195832 ], [ 86.077495828871577, 26.885135485354624 ], [ 86.081030096143593, 26.885083455288793 ], [ 86.081168125916804, 26.885081421894768 ], [ 86.089954183239342, 26.884951471737679 ], [ 86.096839579218397, 26.88484963206156 ], [ 86.098187214041104, 26.884773261522639 ], [ 86.098172258117643, 26.884892074328206 ], [ 86.098159496569053, 26.88550795799614 ], [ 86.098164114648853, 26.88579455593765 ], [ 86.098219534304235, 26.88622808076309 ], [ 86.098251708875296, 26.886697664382893 ], [ 86.098253332173101, 26.886722474308272 ], [ 86.098262764387471, 26.88691876833019 ], [ 86.098304740799108, 26.887776505378099 ], [ 86.098177649624631, 26.889840253737077 ], [ 86.098013162346206, 26.890299522895873 ], [ 86.098019096151575, 26.890435011151339 ], [ 86.098090737093287, 26.892102861917635 ], [ 86.097832005013913, 26.892838978439443 ], [ 86.097331112881648, 26.893880501572767 ], [ 86.097258556417955, 26.894031235337195 ], [ 86.09719305432975, 26.894475320141794 ], [ 86.097197094137812, 26.895549348801069 ], [ 86.097355983062414, 26.896807174337823 ], [ 86.097259801995506, 26.897075024764035 ], [ 86.09696102077703, 26.897546976330034 ], [ 86.096937083205546, 26.897585161149834 ], [ 86.096788225451689, 26.897751204275949 ], [ 86.096053492105511, 26.898567806688732 ], [ 86.09556872503083, 26.899401785132625 ], [ 86.094783753092088, 26.900080460296238 ], [ 86.094776504460526, 26.90008714774342 ], [ 86.094419588497487, 26.90121535137996 ], [ 86.094096115166394, 26.902011960699895 ], [ 86.093943910091582, 26.903700995277177 ], [ 86.093977265488149, 26.904445803861506 ], [ 86.093982423168256, 26.904478384931508 ] ] ] } },
{ "type": "Feature", "properties": { "Physiography": "Bhawar", "subdivision": "Dhanushadham", "Area_sqkm": 0.197 }, "geometry": { "type": "Polygon", "coordinates": [ [ [ 86.008432666919362, 26.870611342039126 ], [ 86.00847194802725, 26.870931337645914 ], [ 86.008579616286625, 26.871238938632303 ], [ 86.008925626026951, 26.871559539490818 ], [ 86.009132716552813, 26.87189945084765 ], [ 86.009127834068806, 26.872201734971782 ], [ 86.008891157254993, 26.873170332015206 ], [ 86.008331086251474, 26.874136609676441 ], [ 86.00788900876023, 26.874735923116475 ], [ 86.007630037458057, 26.874923650982566 ], [ 86.00688194180816, 26.87527485707443 ], [ 86.006723024104872, 26.875325663146725 ], [ 86.005515426368731, 26.875709793854128 ], [ 86.005389763336495, 26.875325325896483 ], [ 86.005365643200207, 26.875250709058776 ], [ 86.005288915625727, 26.874710944116259 ], [ 86.004942851026044, 26.874006750352066 ], [ 86.004566177595677, 26.872774354381818 ], [ 86.004560184434297, 26.872483319126616 ], [ 86.00469388301525, 26.871116882828517 ], [ 86.004714102740252, 26.870862649217543 ], [ 86.005804678244715, 26.870484641175608 ], [ 86.007424036924931, 26.870461642508701 ], [ 86.008432666919362, 26.870611342039126 ] ] ] } },
{ "type": "Feature", "properties": { "Physiography": "Bhawar", "subdivision": "Kamala", "Area_sqkm": 10.469 }, "geometry": { "type": "Polygon", "coordinates": [ [ [ 86.132031788873576, 26.911410709054849 ], [ 86.131221507879104, 26.91122131472298 ], [ 86.127620667412089, 26.911088563140652 ], [ 86.123145966638333, 26.911499933773769 ], [ 86.122268944273458, 26.910410972573743 ], [ 86.120926471627513, 26.908738576573739 ], [ 86.118950374153087, 26.907087978629761 ], [ 86.114240631554594, 26.908615204145065 ], [ 86.108708073944456, 26.908983609099209 ], [ 86.105161506482148, 26.909379125374301 ], [ 86.100518916249712, 26.908941537358089 ], [ 86.095670309296111, 26.909249417138028 ], [ 86.095634188447718, 26.909467879741555 ], [ 86.095189131463144, 26.909018162408529 ], [ 86.094819069935909, 26.908320844052298 ], [ 86.094810540652816, 26.906906096434227 ], [ 86.094232887670728, 26.905884739965188 ], [ 86.094165340497113, 26.905633886950454 ], [ 86.093982865640555, 26.904478295897434 ], [ 86.093982423168256, 26.904478384931508 ], [ 86.093977265488149, 26.904445803861506 ], [ 86.093943910091582, 26.903700995277177 ], [ 86.094096115166394, 26.902011960699895 ], [ 86.094419588497487, 26.90121535137996 ], [ 86.094776504460526, 26.90008714774342 ], [ 86.094783753092088, 26.900080460296238 ], [ 86.09556872503083, 26.899401785132625 ], [ 86.096053492105511, 26.898567806688732 ], [ 86.096788225451689, 26.897751204275949 ], [ 86.096937083205546, 26.897585161149834 ], [ 86.09696102077703, 26.897546976330034 ], [ 86.097259801995506, 26.897075024764035 ], [ 86.097355983062414, 26.896807174337823 ], [ 86.097197094137812, 26.895549348801069 ], [ 86.09719305432975, 26.894475320141794 ], [ 86.097258556417955, 26.894031235337195 ], [ 86.097331112881648, 26.893880501572767 ], [ 86.097832005013913, 26.892838978439443 ], [ 86.098090737093287, 26.892102861917635 ], [ 86.098019096151575, 26.890435011151339 ], [ 86.098013162346206, 26.890299522895873 ], [ 86.098177649624631, 26.889840253737077 ], [ 86.098304740799108, 26.887776505378099 ], [ 86.098262764387471, 26.88691876833019 ], [ 86.098253332173101, 26.886722474308272 ], [ 86.098251708875296, 26.886697664382893 ], [ 86.098219534304235, 26.88622808076309 ], [ 86.098164114648853, 26.88579455593765 ], [ 86.098159496569053, 26.88550795799614 ], [ 86.098172258117643, 26.884892074328206 ], [ 86.098187214041104, 26.884773261522639 ], [ 86.115166812412042, 26.883811020072187 ], [ 86.117617616112398, 26.883672132334425 ], [ 86.118959416056498, 26.883434716268084 ], [ 86.119056453289375, 26.883417546184489 ], [ 86.126935048491134, 26.882022804249971 ], [ 86.135758265392724, 26.880460837464511 ], [ 86.135518646857577, 26.880865400139669 ], [ 86.135089239182946, 26.882117343133132 ], [ 86.134764704637803, 26.882771966509836 ], [ 86.134660773110966, 26.883107558365793 ], [ 86.134686073173384, 26.883509334904488 ], [ 86.134599879209816, 26.884386567713534 ], [ 86.13464192307157, 26.884971266077685 ], [ 86.13452874279443, 26.885338293252232 ], [ 86.134388819023968, 26.885574332438296 ], [ 86.134314195890909, 26.885921362023282 ], [ 86.134305697185141, 26.885961920185366 ], [ 86.134719071534334, 26.886282648749273 ], [ 86.135033453498636, 26.88692534695798 ], [ 86.134870594014615, 26.887287623850625 ], [ 86.134000813086629, 26.888160029934397 ], [ 86.133495872152935, 26.888581108877418 ], [ 86.133224153691458, 26.888744152724882 ], [ 86.132354075083924, 26.889084043397077 ], [ 86.131693340733023, 26.889553864440984 ], [ 86.131332375069292, 26.890108933349154 ], [ 86.130947960172364, 26.891433306899501 ], [ 86.130939523520681, 26.891462616192655 ], [ 86.130910004682733, 26.892489086274452 ], [ 86.131051218997413, 26.893306764290628 ], [ 86.131552380030541, 26.894331931237616 ], [ 86.133178115887688, 26.896548634715884 ], [ 86.133891951411101, 26.89695242486323 ], [ 86.134012866859393, 26.897183279389139 ], [ 86.134200134266564, 26.898156945078654 ], [ 86.134053205583996, 26.898616338345505 ], [ 86.134067450134296, 26.898767638690344 ], [ 86.13407763419184, 26.898876003034218 ], [ 86.133883590303469, 26.899244841467294 ], [ 86.133415067897715, 26.900205435337966 ], [ 86.132781931407521, 26.901756159549848 ], [ 86.132613431301024, 26.902808873994729 ], [ 86.132609493117741, 26.902833683920164 ], [ 86.132287704239104, 26.903691351719317 ], [ 86.131848291474341, 26.905200394501037 ], [ 86.131927360015084, 26.907371513439898 ], [ 86.131765982633453, 26.908476161721865 ], [ 86.131736901771148, 26.909480071112455 ], [ 86.131929473449816, 26.910742521923623 ], [ 86.132031788873576, 26.911410709054849 ] ] ] } },
{ "type": "Feature", "properties": { "Physiography": "Bhawar", "subdivision": "Lalgadh", "Area_sqkm": 42.977 }, "geometry": { "type": "Polygon", "coordinates": [ [ [ 85.946450199405433, 26.959306546624816 ], [ 85.945809554376126, 26.959407468980316 ], [ 85.942533135138262, 26.960205347260455 ], [ 85.942532127884249, 26.960333339567569 ], [ 85.939956078442606, 26.961737187258223 ], [ 85.936835411252559, 26.96362564464016 ], [ 85.936073728465544, 26.962333252304063 ], [ 85.934729252103637, 26.960963162012206 ], [ 85.933972285423806, 26.962559473461511 ], [ 85.933729971584796, 26.965417860699802 ], [ 85.93323383243245, 26.967234236466368 ], [ 85.933214707196839, 26.969476273282396 ], [ 85.932963073560245, 26.970403733892056 ], [ 85.931862755571217, 26.972653861116214 ], [ 85.932359899279618, 26.975819977046285 ], [ 85.930905473048085, 26.977385203017946 ], [ 85.928636688242023, 26.978338963749366 ], [ 85.928374956883943, 26.978083849690449 ], [ 85.92819947434873, 26.978366822416831 ], [ 85.928065859405876, 26.978711038885308 ], [ 85.927803387895949, 26.979070000833019 ], [ 85.927648400281953, 26.979411780106489 ], [ 85.927209879656459, 26.980114647353162 ], [ 85.92712082401232, 26.980341874865246 ], [ 85.92695895379569, 26.981143861302826 ], [ 85.926972691121648, 26.981658378344321 ], [ 85.927074544287734, 26.982004347614577 ], [ 85.926508167154623, 26.982131786831303 ], [ 85.926330328364543, 26.983027231152676 ], [ 85.925687006018109, 26.984609774698697 ], [ 85.924278701228388, 26.986182347329304 ], [ 85.922546532796673, 26.987525799349896 ], [ 85.920657296591514, 26.988510059193231 ], [ 85.919164197201894, 26.988915403389626 ], [ 85.91780154979773, 26.988844089805468 ], [ 85.917553006272556, 26.9888388835613 ], [ 85.91610160450108, 26.98848502443434 ], [ 85.915400485559644, 26.988050901551844 ], [ 85.914367966557677, 26.987397501269243 ], [ 85.912128077351099, 26.987188456490742 ], [ 85.911835032983902, 26.986576047849212 ], [ 85.911527026397891, 26.98580648689682 ], [ 85.91146616577214, 26.985575943540482 ], [ 85.911113288717843, 26.984959493292195 ], [ 85.910841519893609, 26.984612207396992 ], [ 85.910781095444804, 26.984381601986627 ], [ 85.910615312226184, 26.984073438916539 ], [ 85.910493774438805, 26.983650600876331 ], [ 85.910351489017387, 26.983191452228255 ], [ 85.909873071240327, 26.982400327945982 ], [ 85.909688354344212, 26.981938617095523 ], [ 85.90932549558255, 26.980557235666026 ], [ 85.909201141980532, 26.980326129326613 ], [ 85.909140779585812, 26.980095460962843 ], [ 85.908914258950176, 26.979559067623313 ], [ 85.908734049515772, 26.978790572381683 ], [ 85.908590764035011, 26.978405853509855 ], [ 85.908469540115163, 26.977946894621255 ], [ 85.908352195921907, 26.977257828553263 ], [ 85.908319901739446, 26.976567203939567 ], [ 85.90841171204346, 26.976109808093383 ], [ 85.90842216320317, 26.975424057869589 ], [ 85.908491599877379, 26.975041031544265 ], [ 85.908522047727274, 26.974429837003527 ], [ 85.908729728216201, 26.973364249492647 ], [ 85.908863033788236, 26.972983973330486 ], [ 85.90896435454863, 26.971915259734772 ], [ 85.90886913397037, 26.971147389530245 ], [ 85.908748283274065, 26.970688490897032 ], [ 85.908673371454825, 26.969999739595892 ], [ 85.908409989818949, 26.969077132691552 ], [ 85.90819498335577, 26.967775870224784 ], [ 85.907951094783073, 26.966988812730619 ], [ 85.907499678608247, 26.965854905518256 ], [ 85.907441382882837, 26.965470939388979 ], [ 85.907300163172181, 26.964935110831107 ], [ 85.906893557210253, 26.963627847108967 ], [ 85.906688783368622, 26.963091517622161 ], [ 85.906529695691177, 26.962323147387906 ], [ 85.906511765670416, 26.962095103280603 ], [ 85.906390978826835, 26.961633892459815 ], [ 85.906124655469682, 26.960923390767334 ], [ 85.906545685848641, 26.959821059169599 ], [ 85.906829595681074, 26.959365292916516 ], [ 85.907326351776533, 26.958895282113076 ], [ 85.907348600398848, 26.958839036869108 ], [ 85.907754735109791, 26.958729367591729 ], [ 85.908138748004433, 26.958696250518699 ], [ 85.909414450501288, 26.958848259538684 ], [ 85.909925508704362, 26.958854517104214 ], [ 85.910350387333324, 26.95891876911827 ], [ 85.911116972389664, 26.958929156425313 ], [ 85.912052409192029, 26.959058160483096 ], [ 85.912905484092732, 26.958974495446569 ], [ 85.913418732174023, 26.958847641696252 ], [ 85.914014526520361, 26.958874773701893 ], [ 85.91416325656877, 26.958896212024399 ], [ 85.914230996199876, 26.95892383596572 ], [ 85.914567449617721, 26.959055017310959 ], [ 85.917042995793452, 26.959101118967453 ], [ 85.917640916165226, 26.959071880721694 ], [ 85.917791524022959, 26.958957955796109 ], [ 85.917878578649095, 26.958805222812259 ], [ 85.917905891420844, 26.958649737866608 ], [ 85.917948515352975, 26.958404134264072 ], [ 85.917851479019419, 26.957789688631181 ], [ 85.917688134794446, 26.957328163942805 ], [ 85.917650146029473, 26.957021004529395 ], [ 85.917509551355863, 26.956482925838031 ], [ 85.91747644417552, 26.955868979335435 ], [ 85.916981284397821, 26.954791194158304 ], [ 85.916902178085024, 26.95440704006819 ], [ 85.916864188420732, 26.954099878856084 ], [ 85.916891818657405, 26.953716600717257 ], [ 85.917074748576908, 26.952950799880114 ], [ 85.917077125516528, 26.952797375308535 ], [ 85.917036759811936, 26.952643637768688 ], [ 85.91695371171852, 26.952509898717722 ], [ 85.91672374843256, 26.952201297671991 ], [ 85.916683694796859, 26.95204756103152 ], [ 85.916687136547807, 26.951817394496061 ], [ 85.916734760776649, 26.951510923073101 ], [ 85.916954304379601, 26.951129085667276 ], [ 85.917138235257767, 26.950288915309216 ], [ 85.917060191957773, 26.949828017456639 ], [ 85.916789737959789, 26.949383741093982 ], [ 85.916882547423768, 26.948924158966975 ], [ 85.91688736605505, 26.948619561755947 ], [ 85.91682587769418, 26.948463449075177 ], [ 85.916053127703663, 26.947401594699443 ], [ 85.915463904790442, 26.946878069029879 ], [ 85.915381107611211, 26.946721769287706 ], [ 85.915138344105287, 26.945876091408593 ], [ 85.915018246151476, 26.945376508706545 ], [ 85.914835908893053, 26.944761438036551 ], [ 85.914461221192028, 26.944162859352332 ], [ 85.914338244470287, 26.943855073103123 ], [ 85.914231326255447, 26.943655714151191 ], [ 85.914006802141159, 26.943238810815672 ], [ 85.913718916353389, 26.942582301535651 ], [ 85.913711123624807, 26.941720316933527 ], [ 85.913847428475492, 26.94118668005251 ], [ 85.91402553976377, 26.940727725660565 ], [ 85.914157090735273, 26.940498622137852 ], [ 85.914231582565606, 26.940413444421665 ], [ 85.914287200973831, 26.940348450457122 ], [ 85.914661104455661, 26.939663143605003 ], [ 85.914886402896457, 26.938897779844183 ], [ 85.914936468816961, 26.938437884748907 ], [ 85.914638475415018, 26.937054755014231 ], [ 85.914388518136889, 26.936669284299285 ], [ 85.914266666481979, 26.936284753388236 ], [ 85.914475473836319, 26.935214666509637 ], [ 85.91444130274391, 26.934677402614795 ], [ 85.914358441711954, 26.934523353006114 ], [ 85.914231525008233, 26.934366676443005 ], [ 85.914107482575787, 26.934212313866055 ], [ 85.913770846593138, 26.933941207850978 ], [ 85.913538691630379, 26.933804028847703 ], [ 85.913307789439784, 26.933572108611088 ], [ 85.912893986108315, 26.932781484358486 ], [ 85.912732081716968, 26.932243279760371 ], [ 85.912674411028718, 26.931859250677746 ], [ 85.912680355626037, 26.931475722524056 ], [ 85.912775543828332, 26.930862780577456 ], [ 85.912934285262224, 26.930252525840729 ], [ 85.91300747665565, 26.929677766915233 ], [ 85.913295514430786, 26.928971521770336 ], [ 85.913363198303159, 26.928741857962564 ], [ 85.913381408916166, 26.927593586588443 ], [ 85.91345284570906, 26.927133878554685 ], [ 85.913542966164584, 26.926827720999256 ], [ 85.913592656163473, 26.926370138091613 ], [ 85.913573911346134, 26.92621646440449 ], [ 85.913325455056338, 26.925752001592173 ], [ 85.913202540388681, 26.925444213544324 ], [ 85.91314455673222, 26.925060248314367 ], [ 85.913173187927555, 26.924600228211716 ], [ 85.912977175397145, 26.923524696765412 ], [ 85.912775091463345, 26.922832692573422 ], [ 85.912609431453518, 26.922524592456739 ], [ 85.912357533412717, 26.922292546313372 ], [ 85.911912658093627, 26.922115304680972 ], [ 85.911658319260539, 26.922034370921665 ], [ 85.911530584162961, 26.922033431117711 ], [ 85.910767756523796, 26.921756755527554 ], [ 85.910385996460661, 26.921636510082976 ], [ 85.910194646077457, 26.92161694597246 ], [ 85.909685905457934, 26.921437141238357 ], [ 85.909494055944378, 26.921435575497981 ], [ 85.908222421134951, 26.920999278925365 ], [ 85.907802172277172, 26.920630555607033 ], [ 85.907640706760787, 26.920053855019546 ], [ 85.907642709577487, 26.919938865282575 ], [ 85.907500861232336, 26.919477529454355 ], [ 85.907331165911103, 26.918095338624312 ], [ 85.907103955486321, 26.917633313906322 ], [ 85.906852681583302, 26.917360646647523 ], [ 85.906704640424664, 26.91728277691891 ], [ 85.905747024248683, 26.916984285286048 ], [ 85.905559424987302, 26.916926414046259 ], [ 85.905179106556488, 26.916652744929479 ], [ 85.905074811698739, 26.916480446036473 ], [ 85.904703820260181, 26.915480279673716 ], [ 85.904726445703488, 26.915383475368344 ], [ 85.904899989274668, 26.915136627087634 ], [ 85.905287443920315, 26.914817037080468 ], [ 85.905481360103238, 26.914646993716985 ], [ 85.905569477742119, 26.914417452218629 ], [ 85.90562179919209, 26.913653084919815 ], [ 85.905497761256356, 26.913345235717259 ], [ 85.904929472139258, 26.912763279422279 ], [ 85.904657267138077, 26.912377559591789 ], [ 85.9045752209027, 26.912146766220587 ], [ 85.904568059506516, 26.910998306885688 ], [ 85.904527379934393, 26.910844569345898 ], [ 85.90440252720208, 26.910613463905804 ], [ 85.904109636620944, 26.910189246287359 ], [ 85.904028280174657, 26.909881773006362 ], [ 85.903908809955965, 26.909190396549491 ], [ 85.903872075761853, 26.90872987461853 ], [ 85.903878773101724, 26.908195172926071 ], [ 85.90369862931874, 26.907273190159458 ], [ 85.903553404874003, 26.90696521415083 ], [ 85.903406680340254, 26.906751982972821 ], [ 85.902625857928285, 26.906170582466245 ], [ 85.902119746061828, 26.905742488718488 ], [ 85.902014701159544, 26.905608561706686 ], [ 85.90170294345171, 26.904990112239034 ], [ 85.901541354726589, 26.904300733202831 ], [ 85.90152461452459, 26.903917018887057 ], [ 85.901636921548459, 26.90345762382151 ], [ 85.901855215077205, 26.903039665567235 ], [ 85.901967209132806, 26.902582521534555 ], [ 85.901954851385142, 26.90187395970537 ], [ 85.901957731052448, 26.901643856123314 ], [ 85.901755150686313, 26.900798428259066 ], [ 85.901153445917316, 26.899489598796549 ], [ 85.90088599839271, 26.898720412866453 ], [ 85.900390216275866, 26.897489141063659 ], [ 85.900372723331429, 26.897184355891852 ], [ 85.900040345694947, 26.896489224715765 ], [ 85.899937615678255, 26.896183750654131 ], [ 85.899523190907075, 26.895259953031655 ], [ 85.899217881423567, 26.894106925979656 ], [ 85.898865194128689, 26.893336989105705 ], [ 85.898743971108161, 26.892799035421774 ], [ 85.898769287358618, 26.892492376038035 ], [ 85.899012144395272, 26.891806130281282 ], [ 85.899362427770484, 26.891043954659267 ], [ 85.899518231080378, 26.890510442785626 ], [ 85.899506436315733, 26.889745511604417 ], [ 85.899466571540131, 26.889515032100746 ], [ 85.89906072191809, 26.887900920134769 ], [ 85.899028307224853, 26.88705905812958 ], [ 85.899072867422944, 26.88690601037888 ], [ 85.899246349839416, 26.88665916029953 ], [ 85.89976253964204, 26.886263893139926 ], [ 85.899869400299508, 26.886244334425385 ], [ 85.90012668175325, 26.886113224127541 ], [ 85.90023460722216, 26.885980926708839 ], [ 85.900300726253477, 26.885809942642084 ], [ 85.900302543807356, 26.885656581923172 ], [ 85.900222249474439, 26.885272364879711 ], [ 85.899782571406206, 26.884655226640973 ], [ 85.899277398444383, 26.884170697889772 ], [ 85.899025437450234, 26.88387996840811 ], [ 85.898650251518234, 26.883204648659387 ], [ 85.898356986814179, 26.882818803821465 ], [ 85.898041598495183, 26.882491452562419 ], [ 85.8978740004207, 26.882257721067276 ], [ 85.897327711709806, 26.88163976803196 ], [ 85.897176555258397, 26.881495653365278 ], [ 85.896738425843182, 26.88107793343454 ], [ 85.896696683258313, 26.881000814649781 ], [ 85.89629655699747, 26.88065246394325 ], [ 85.89612877096215, 26.880439043005765 ], [ 85.89596298864285, 26.880054262079909 ], [ 85.895698543994286, 26.87905490961441 ], [ 85.895427465858575, 26.878592509874125 ], [ 85.895217812230953, 26.878322342763681 ], [ 85.894990480396132, 26.877763264624832 ], [ 85.894971236448441, 26.877611965179312 ], [ 85.895039672163989, 26.877228938853989 ], [ 85.895194473615902, 26.876772106890144 ], [ 85.895395650121714, 26.876006555168544 ], [ 85.895465213602051, 26.875549097268276 ], [ 85.895648568906552, 26.87532262069999 ], [ 85.895715062960107, 26.875241940552826 ], [ 85.895678130013152, 26.875225816394618 ], [ 85.895491410300394, 26.874955901097678 ], [ 85.89545110664983, 26.874840473385063 ], [ 85.895453607697561, 26.874705111036349 ], [ 85.895519600822126, 26.874610870731999 ], [ 85.895884555931218, 26.874503199774665 ], [ 85.896252324156933, 26.874260101716459 ], [ 85.896448051598441, 26.874090183360408 ], [ 85.896604351340613, 26.873730405716799 ], [ 85.896843011185808, 26.873542739005359 ], [ 85.897318578973625, 26.873244087291027 ], [ 85.897706406842872, 26.873077921855497 ], [ 85.898221028207047, 26.8729713768642 ], [ 85.899767332192596, 26.87251638134029 ], [ 85.900281891502743, 26.872409776992981 ], [ 85.90111478175254, 26.872404978147074 ], [ 85.901501545709721, 26.872277120740023 ], [ 85.901760890235494, 26.872128013870679 ], [ 85.90234238157484, 26.871868484981405 ], [ 85.902407372841424, 26.871812616558373 ], [ 85.902729143733382, 26.871740629373107 ], [ 85.903117159563408, 26.871556401714656 ], [ 85.903381375781123, 26.871452414429143 ], [ 85.903440118475487, 26.871428044277991 ], [ 85.90359066158112, 26.871372800892004 ], [ 85.903655467584883, 26.871334930839112 ], [ 85.904171965859007, 26.871133645513851 ], [ 85.905331631794127, 26.870788384019363 ], [ 85.906363813545852, 26.870421810109178 ], [ 85.906685274167614, 26.870349884977941 ], [ 85.906877436649381, 26.870351387764913 ], [ 85.907701441479787, 26.870804486593556 ], [ 85.908083326550354, 26.870924731138757 ], [ 85.908275238117938, 26.87094879551637 ], [ 85.9086817469518, 26.870895493792375 ], [ 85.90879054747262, 26.870801567355613 ], [ 85.908984523011611, 26.87071057904285 ], [ 85.909306295702208, 26.870638590958208 ], [ 85.909500272140576, 26.870545353411273 ], [ 85.910337477394592, 26.870310388029907 ], [ 85.911172620475895, 26.870190476238292 ], [ 85.91194189274205, 26.870162553718103 ], [ 85.913092175926181, 26.870295499556505 ], [ 85.913474559227723, 26.870397684576858 ], [ 85.913877844848741, 26.87044884948341 ], [ 85.913985928600368, 26.870462561628017 ], [ 85.914232705833683, 26.870541184998444 ], [ 85.914368186894535, 26.870582807971857 ], [ 85.914560099361438, 26.870604621316602 ], [ 85.916216179645119, 26.871167849881601 ], [ 85.916591752290742, 26.871324155019863 ], [ 85.91654126638133, 26.870942438124757 ], [ 85.9165443313114, 26.870789014452441 ], [ 85.916464848177725, 26.870481666178932 ], [ 85.916382362168008, 26.870327490663442 ], [ 85.916256131656098, 26.870211499068489 ], [ 85.91615252388948, 26.870057261498971 ], [ 85.916068161869191, 26.869997951324933 ], [ 85.915939277422808, 26.86983919999841 ], [ 85.919545027353763, 26.870139364392401 ], [ 85.921264144651332, 26.87002520653931 ], [ 85.923884966533819, 26.869354004840716 ], [ 85.926905992019954, 26.868404922444483 ], [ 85.928706258017655, 26.867109276318217 ], [ 85.931918799364382, 26.865521933926289 ], [ 85.935850527271498, 26.864560214988842 ], [ 85.940627485189339, 26.865674987072964 ], [ 85.943289970515309, 26.867454226643133 ], [ 85.944319217740372, 26.868267850461905 ], [ 85.944247080366324, 26.868507759481929 ], [ 85.943961609290227, 26.868904970102164 ], [ 85.943760501133738, 26.869361487299102 ], [ 85.943412041607758, 26.869699575706079 ], [ 85.943299612274529, 26.86998529769636 ], [ 85.943108928297761, 26.871015014373768 ], [ 85.94306268004982, 26.871186123447956 ], [ 85.942988178326857, 26.871720323312047 ], [ 85.942988718826541, 26.872810101107291 ], [ 85.94304326253075, 26.8733069327468 ], [ 85.94308369208801, 26.873422296606691 ], [ 85.943097244151204, 26.873824011091301 ], [ 85.943154728677314, 26.874169667393403 ], [ 85.943274078385286, 26.874630816160163 ], [ 85.943323244072474, 26.875323880666826 ], [ 85.943325306245185, 26.875350938927113 ], [ 85.943427292512752, 26.875399123441014 ], [ 85.943404853231584, 26.875579421010059 ], [ 85.943421092504536, 26.87596313532589 ], [ 85.943563312274591, 26.876501214916573 ], [ 85.943688228859628, 26.876732258302582 ], [ 85.943856076049599, 26.876945681038706 ], [ 85.944045672731647, 26.877120793048277 ], [ 85.944552973517546, 26.877490081148323 ], [ 85.944699949864798, 26.877682940613909 ], [ 85.944719255866517, 26.877836553146324 ], [ 85.944674445653618, 26.877989662051732 ], [ 85.944587391027483, 26.878122086276448 ], [ 85.944349043251179, 26.87838655880438 ], [ 85.944068262201597, 26.878612346482896 ], [ 85.943917844103339, 26.87868796158125 ], [ 85.943744862615858, 26.878858129952164 ], [ 85.943181236545229, 26.879501500862659 ], [ 85.943092930046248, 26.879730978508292 ], [ 85.943085795630111, 26.880265618146666 ], [ 85.943247321401884, 26.88095724551772 ], [ 85.943350802362431, 26.881188163896297 ], [ 85.943853532733215, 26.881884609898634 ], [ 85.943975756712462, 26.882345820719422 ], [ 85.943924688034599, 26.882956826400005 ], [ 85.943812694878318, 26.883339664764549 ], [ 85.943505722526368, 26.88394879263592 ], [ 85.943195621391624, 26.884785837808465 ], [ 85.942934647272693, 26.885147112843129 ], [ 85.942585996188598, 26.885676996803625 ], [ 85.9424538813347, 26.885982903444869 ], [ 85.942319701610131, 26.886439922470174 ], [ 85.942315571868676, 26.886746707760665 ], [ 85.942564589342794, 26.887267539925062 ], [ 85.942668757394472, 26.887460086422379 ], [ 85.942686876275388, 26.887708439288758 ], [ 85.942599509580418, 26.887840862614212 ], [ 85.942297607673197, 26.88806652528524 ], [ 85.941954713225641, 26.888176758445013 ], [ 85.941698684544065, 26.888174817682398 ], [ 85.941527269696337, 26.888209686657945 ], [ 85.941054263211583, 26.888472342531315 ], [ 85.940685677491331, 26.888907296398372 ], [ 85.940444573256514, 26.889363563580503 ], [ 85.940311396289246, 26.889746151930183 ], [ 85.940222590659914, 26.889993565891928 ], [ 85.940004738704147, 26.890314658686066 ], [ 85.93996024145946, 26.890467768490794 ], [ 85.939891617783076, 26.890812423834234 ], [ 85.939801935303194, 26.891116396008158 ], [ 85.939797803763099, 26.891423116546605 ], [ 85.939857852290288, 26.891730527773575 ], [ 85.940212291487626, 26.89234685391375 ], [ 85.940210226616898, 26.89250027668669 ], [ 85.940100486292124, 26.892729566371543 ], [ 85.939322887093056, 26.893407430335969 ], [ 85.939213898611456, 26.893560040111026 ], [ 85.939169338413365, 26.893713149915754 ], [ 85.939186329529491, 26.894017873033533 ], [ 85.939332618785613, 26.894251291560465 ], [ 85.939522713698636, 26.894406218019753 ], [ 85.939734307189553, 26.894561207432446 ], [ 85.940438214066205, 26.894591341414809 ], [ 85.940756919128773, 26.894690713318539 ], [ 85.940884213552749, 26.894768397784333 ], [ 85.940988946386142, 26.894904574929626 ], [ 85.941005186558414, 26.895288226292053 ], [ 85.940912436450446, 26.895822302947408 ], [ 85.940760452611812, 26.896030969106278 ], [ 85.940285257148275, 26.89642679834958 ], [ 85.940197952507276, 26.896579534930765 ], [ 85.940151829266824, 26.896827386868097 ], [ 85.940298304685086, 26.897040618945425 ], [ 85.940679562020534, 26.897273603993426 ], [ 85.940869283709958, 26.897448779855722 ], [ 85.940995200354337, 26.897605392566163 ], [ 85.941015571167441, 26.897680010303247 ], [ 85.941267968338536, 26.897970677730825 ], [ 85.941434878422569, 26.898260654469993 ], [ 85.941516986712031, 26.898491509895223 ], [ 85.941557728338239, 26.898645246535693 ], [ 85.941550655076753, 26.899161887803928 ], [ 85.941650257210028, 26.899681591304216 ], [ 85.941582133563372, 26.90000593698926 ], [ 85.941343908995805, 26.900250098959475 ], [ 85.941020822378334, 26.90045751054754 ], [ 85.940377342648446, 26.900678291633938 ], [ 85.940312661652115, 26.900734223909751 ], [ 85.940181548656199, 26.900963388587172 ], [ 85.940219159700973, 26.901347228809698 ], [ 85.940166273469231, 26.902188465777783 ], [ 85.940227385009166, 26.902419070288829 ], [ 85.940394420100631, 26.902727170405569 ], [ 85.940772923675581, 26.903154202039957 ], [ 85.940960015712562, 26.903539170027216 ], [ 85.940979634682492, 26.903692718706907 ], [ 85.940890513386989, 26.903999002169087 ], [ 85.940695409183888, 26.904281723082022 ], [ 85.94037150687052, 26.904604190058421 ], [ 85.94021983510072, 26.904812916472736 ], [ 85.939833005492176, 26.905074012001705 ], [ 85.938946164199308, 26.9061165279997 ], [ 85.938516152172269, 26.906417867823222 ], [ 85.938407976688552, 26.906550166141244 ], [ 85.938063702662703, 26.906831884296821 ], [ 85.937823664138591, 26.907270029000699 ], [ 85.937735294686263, 26.907535629293363 ], [ 85.937600112204336, 26.908128009768063 ], [ 85.937661474658398, 26.908358616077805 ], [ 85.938037661549117, 26.908975128380121 ], [ 85.938034843036576, 26.9092052958149 ], [ 85.937903354119101, 26.909511141301437 ], [ 85.937730436484344, 26.909699370995895 ], [ 85.937450531385991, 26.909925158674355 ], [ 85.937362474002498, 26.910154636319987 ], [ 85.937402152615959, 26.910385115823601 ], [ 85.937695165506511, 26.910847577617915 ], [ 85.937756215891739, 26.911078184826977 ], [ 85.937750644517962, 26.911538392890407 ], [ 85.937812757016559, 26.911692316592394 ], [ 85.937917615756703, 26.911846430953119 ], [ 85.938445159650314, 26.912294961165344 ], [ 85.938633191491306, 26.912603248343544 ], [ 85.938713233111343, 26.913064084142036 ], [ 85.938704907077692, 26.913752208607434 ], [ 85.93882963660127, 26.914003626403883 ], [ 85.939083848628286, 26.914140868360562 ], [ 85.939466232829147, 26.914261114704402 ], [ 85.939914048070932, 26.914246373721767 ], [ 85.940360424378355, 26.914348996717763 ], [ 85.940528648389261, 26.914562354701843 ], [ 85.940569389116149, 26.91471609314101 ], [ 85.940567823375716, 26.914849204456857 ], [ 85.940480143712534, 26.915040372275314 ], [ 85.940286540497766, 26.915190044825692 ], [ 85.940115187704066, 26.915245161405608 ], [ 85.939347414627605, 26.915255209663712 ], [ 85.93917637300342, 26.915310328042267 ], [ 85.939088756293586, 26.915499182773829 ], [ 85.939079490455981, 26.916245990577465 ], [ 85.93901374644696, 26.916419223878449 ], [ 85.93868821723845, 26.916872552936582 ], [ 85.938654782700553, 26.916987354712774 ], [ 85.938621346363959, 26.917102155589646 ], [ 85.938619594461443, 26.917217207380645 ], [ 85.938764507736607, 26.917504871932238 ], [ 85.938845488261336, 26.917794285688331 ], [ 85.938734559017064, 26.918080006779292 ], [ 85.938626260324611, 26.918191994539598 ], [ 85.938303297815196, 26.918399407926302 ], [ 85.938196561265784, 26.918416654453324 ], [ 85.937938405659452, 26.9185658863301 ], [ 85.93776561303207, 26.918715745941938 ], [ 85.937633061101906, 26.919021653482503 ], [ 85.937665354385047, 26.919710028862028 ], [ 85.937747150605617, 26.919940759279882 ], [ 85.937830700527343, 26.920056438806 ], [ 85.938189021250025, 26.920329919962001 ], [ 85.938569465587591, 26.920562905909321 ], [ 85.939073638490072, 26.921049557987942 ], [ 85.939261294409448, 26.921337534608426 ], [ 85.93938477206018, 26.921627260433411 ], [ 85.939742531598426, 26.921957112740188 ], [ 85.939783148217202, 26.922090538822943 ], [ 85.939671404176408, 26.922434880298795 ], [ 85.939497174413418, 26.922661543928541 ], [ 85.939346377695585, 26.922773156666551 ], [ 85.939127962756743, 26.92311443501103 ], [ 85.939060653007289, 26.923344100617442 ], [ 85.939034212589434, 26.923686818795545 ], [ 85.938901911573396, 26.923972415778451 ], [ 85.938686499510595, 26.924124211656249 ], [ 85.93836466476597, 26.924252631146999 ], [ 85.938172627291578, 26.924269251737542 ], [ 85.93770506537453, 26.924168690014994 ], [ 85.937257376039554, 26.924160809151658 ], [ 85.937128453821117, 26.924216238699728 ], [ 85.937083831568998, 26.924351226026261 ], [ 85.937352472509758, 26.924928678456865 ], [ 85.937349091014141, 26.925156532804749 ], [ 85.937303719616807, 26.925329953167193 ], [ 85.937313702223548, 26.926074573790686 ], [ 85.937375315591851, 26.926248746895624 ], [ 85.937731446436317, 26.92665527911214 ], [ 85.938221443137877, 26.926679347087088 ], [ 85.938476095838553, 26.926780531148722 ], [ 85.938792736030337, 26.926995015998273 ], [ 85.938980580809869, 26.927264871039824 ], [ 85.939127995132765, 26.927381049696294 ], [ 85.939250471824778, 26.92774527004957 ], [ 85.939416693019041, 26.928035307943446 ], [ 85.939606227647062, 26.92819017234865 ], [ 85.939881813244483, 26.928289231284225 ], [ 85.939967115068725, 26.928292169408223 ], [ 85.940823443759712, 26.928072954062202 ], [ 85.941250449313372, 26.928040027647967 ], [ 85.941334812233038, 26.928099336023308 ], [ 85.941417736218341, 26.928253385632047 ], [ 85.941435915354646, 26.928463367516486 ], [ 85.94164068919622, 26.929040256064752 ], [ 85.941744422869647, 26.929214742137901 ], [ 85.941997697790669, 26.929390418029868 ], [ 85.942336773666284, 26.92952828682229 ], [ 85.942591801389199, 26.929588910023881 ], [ 85.942930753156759, 26.929747088474699 ], [ 85.943117971100492, 26.930055376552218 ], [ 85.943137653023825, 26.930170555149346 ], [ 85.943070908056086, 26.930341538316839 ], [ 85.942897865413897, 26.93051177054042 ], [ 85.942811938552495, 26.930547202499042 ], [ 85.942703387147219, 26.930679501716384 ], [ 85.942659203770063, 26.930794239639852 ], [ 85.942676069878758, 26.931080901434086 ], [ 85.942717311534636, 26.931178269621853 ], [ 85.942844043874857, 26.931255889335603 ], [ 85.943336042493797, 26.931167093598958 ], [ 85.943761485005098, 26.931231219706262 ], [ 85.943930648819958, 26.931309152388224 ], [ 85.944120557570898, 26.93146401859218 ], [ 85.944161487157885, 26.931561322927223 ], [ 85.944158922257486, 26.93173280702365 ], [ 85.944114737081634, 26.931847544947175 ], [ 85.943897197194701, 26.932130203806025 ], [ 85.943808517472178, 26.932359681451658 ], [ 85.943827074328681, 26.932531291454893 ], [ 85.94393287017482, 26.932590788690391 ], [ 85.944081849338772, 26.932612164958812 ], [ 85.944424557624188, 26.932501930000399 ], [ 85.944595598348997, 26.932485184402424 ], [ 85.944765449255044, 26.932524808156529 ], [ 85.945039283849326, 26.932759229440819 ], [ 85.945248311540468, 26.933047331968055 ], [ 85.945329671584091, 26.933298373842888 ], [ 85.945327980836282, 26.933413425633944 ], [ 85.94523936226841, 26.933640654045348 ], [ 85.944718106517769, 26.934266274801871 ], [ 85.944673922241236, 26.934378764390488 ], [ 85.944667913791193, 26.934780353867666 ], [ 85.944835950740639, 26.934955340869863 ], [ 85.945004800688025, 26.935071644533707 ], [ 85.945173963603565, 26.935151890302564 ], [ 85.945599280208114, 26.935234014780008 ], [ 85.945853181065615, 26.935371320589411 ], [ 85.946000471280399, 26.935505560569425 ], [ 85.946083394366383, 26.935659674030831 ], [ 85.946060770721772, 26.935756413584159 ], [ 85.945973842002388, 26.935868589305244 ], [ 85.945844231793558, 26.935964641767441 ], [ 85.945565830381554, 26.93605506439917 ], [ 85.945502151243204, 26.936036566898679 ], [ 85.945308862795343, 26.936109557740622 ], [ 85.945243306747102, 26.936224170656658 ], [ 85.945241428038457, 26.936357220817854 ], [ 85.945385465362392, 26.936703567808422 ], [ 85.945400640723335, 26.937105281393713 ], [ 85.945461441093698, 26.937335885005439 ], [ 85.945544113265555, 26.937507934782957 ], [ 85.94583650381702, 26.93791402812451 ], [ 85.945979664290348, 26.938318930747926 ], [ 85.946197986597781, 26.939410398391658 ], [ 85.946365084642594, 26.939644006678066 ], [ 85.946639105399015, 26.939858178559405 ], [ 85.947165964000135, 26.94028402487163 ], [ 85.947268945830331, 26.940514942350887 ], [ 85.947242348029022, 26.942294907683561 ], [ 85.947288440692148, 26.94350011139278 ], [ 85.947305933636642, 26.943748463359839 ], [ 85.947367234036676, 26.943922637364096 ], [ 85.947310908752002, 26.944840490389254 ], [ 85.947407380303787, 26.945529367597146 ], [ 85.947591220349295, 26.946067760156041 ], [ 85.947812735292189, 26.946951621955577 ], [ 85.947952577223305, 26.947584441880224 ], [ 85.947924383104294, 26.948042212748703 ], [ 85.947879073760987, 26.948213384776295 ], [ 85.947887429472644, 26.949075367579724 ], [ 85.947906298398038, 26.949246978482279 ], [ 85.948089761622612, 26.949823679969086 ], [ 85.948148558277012, 26.950169338069827 ], [ 85.948124620705471, 26.950340633306155 ], [ 85.947792397754483, 26.951141367870889 ], [ 85.947744208743927, 26.951483961940937 ], [ 85.947736260430588, 26.952002851543966 ], [ 85.947669515462849, 26.952173834711459 ], [ 85.947099321556436, 26.953144300570784 ], [ 85.947030886740208, 26.953432585662824 ], [ 85.946743723117663, 26.954059961919143 ], [ 85.946542612263158, 26.954633781040627 ], [ 85.946534727802486, 26.955150421409542 ], [ 85.946571714709478, 26.955495890650184 ], [ 85.946796796410808, 26.956131587544121 ], [ 85.946984265268725, 26.956419565063925 ], [ 85.947086369349051, 26.95670910382745 ], [ 85.947100671456667, 26.957169436898312 ], [ 85.946766885463262, 26.958028916855369 ], [ 85.946675388127517, 26.958429753590053 ], [ 85.946523528396938, 26.958649793625341 ], [ 85.946479158857642, 26.958714911697939 ], [ 85.946345853285607, 26.959171930723244 ], [ 85.94640865467403, 26.95928748434261 ], [ 85.946450199405433, 26.959306546624816 ] ] ] } },
{ "type": "Feature", "properties": { "Physiography": "Bhawar", "subdivision": "Pushpawalpur", "Area_sqkm": 51.611 }, "geometry": { "type": "Polygon", "coordinates": [ [ [ 86.007056038469727, 26.927730943659867 ], [ 86.006093016397415, 26.927428949121293 ], [ 85.996074528929967, 26.93234591894435 ], [ 85.995348698989801, 26.935395943453386 ], [ 85.995248408866075, 26.935817371337976 ], [ 85.995145806554774, 26.937104597000541 ], [ 85.994221196833735, 26.938776449802901 ], [ 85.992316387762116, 26.939873311651581 ], [ 85.990042276201052, 26.940931312381394 ], [ 85.988508447775928, 26.942248219661394 ], [ 85.987548678594464, 26.943111368900929 ], [ 85.985535806455857, 26.943597560520573 ], [ 85.982909840383229, 26.944801637364378 ], [ 85.981276082467275, 26.945700509047356 ], [ 85.981227191976245, 26.945745003594084 ], [ 85.980740705375069, 26.946187744793747 ], [ 85.979847166742331, 26.94700093603285 ], [ 85.977183193917995, 26.946460549650624 ], [ 85.975597718543327, 26.945855401331983 ], [ 85.97223391912047, 26.946806106126644 ], [ 85.969761715768982, 26.947443550426442 ], [ 85.967966459061302, 26.948373066913462 ], [ 85.966542396142302, 26.950394547476549 ], [ 85.965297025481334, 26.952024085717653 ], [ 85.960170705106179, 26.953595396582784 ], [ 85.957917642456039, 26.953966916829643 ], [ 85.955296512101995, 26.954967241475174 ], [ 85.95191739882074, 26.956192393310516 ], [ 85.950069170444635, 26.957480508414392 ], [ 85.94782323591528, 26.958554111688727 ], [ 85.946858085119516, 26.959242291013425 ], [ 85.946450199405433, 26.959306546624816 ], [ 85.94640865467403, 26.95928748434261 ], [ 85.946345853285607, 26.959171930723244 ], [ 85.946479158857642, 26.958714911697939 ], [ 85.946523528396938, 26.958649793625341 ], [ 85.946675388127517, 26.958429753590053 ], [ 85.946766885463262, 26.958028916855369 ], [ 85.947100671456667, 26.957169436898312 ], [ 85.947086369349051, 26.95670910382745 ], [ 85.946984265268725, 26.956419565063925 ], [ 85.946796796410808, 26.956131587544121 ], [ 85.946571714709478, 26.955495890650184 ], [ 85.946534727802486, 26.955150421409542 ], [ 85.946542612263158, 26.954633781040627 ], [ 85.946743723117663, 26.954059961919143 ], [ 85.947030886740208, 26.953432585662824 ], [ 85.947099321556436, 26.953144300570784 ], [ 85.947669515462849, 26.952173834711459 ], [ 85.947736260430588, 26.952002851543966 ], [ 85.947744208743927, 26.951483961940937 ], [ 85.947792397754483, 26.951141367870889 ], [ 85.948124620705471, 26.950340633306155 ], [ 85.948148558277012, 26.950169338069827 ], [ 85.948089761622612, 26.949823679969086 ], [ 85.947906298398038, 26.949246978482279 ], [ 85.947887429472644, 26.949075367579724 ], [ 85.947879073760987, 26.948213384776295 ], [ 85.947924383104294, 26.948042212748703 ], [ 85.947952577223305, 26.947584441880224 ], [ 85.947812735292189, 26.946951621955577 ], [ 85.947591220349295, 26.946067760156041 ], [ 85.947407380303787, 26.945529367597146 ], [ 85.947310908752002, 26.944840490389254 ], [ 85.947367234036676, 26.943922637364096 ], [ 85.947305933636642, 26.943748463359839 ], [ 85.947288440692148, 26.94350011139278 ], [ 85.947242348029022, 26.942294907683561 ], [ 85.947268945830331, 26.940514942350887 ], [ 85.947165964000135, 26.94028402487163 ], [ 85.946639105399015, 26.939858178559405 ], [ 85.946365084642594, 26.939644006678066 ], [ 85.946197986597781, 26.939410398391658 ], [ 85.945979664290348, 26.938318930747926 ], [ 85.94583650381702, 26.93791402812451 ], [ 85.945544113265555, 26.937507934782957 ], [ 85.945461441093698, 26.937335885005439 ], [ 85.945400640723335, 26.937105281393713 ], [ 85.945385465362392, 26.936703567808422 ], [ 85.945241428038457, 26.936357220817854 ], [ 85.945243306747102, 26.936224170656658 ], [ 85.945308862795343, 26.936109557740622 ], [ 85.945502151243204, 26.936036566898679 ], [ 85.945565830381554, 26.93605506439917 ], [ 85.945844231793558, 26.935964641767441 ], [ 85.945973842002388, 26.935868589305244 ], [ 85.946060770721772, 26.935756413584159 ], [ 85.946083394366383, 26.935659674030831 ], [ 85.946000471280399, 26.935505560569425 ], [ 85.945853181065615, 26.935371320589411 ], [ 85.945599280208114, 26.935234014780008 ], [ 85.945173963603565, 26.935151890302564 ], [ 85.945004800688025, 26.935071644533707 ], [ 85.944835950740639, 26.934955340869863 ], [ 85.944667913791193, 26.934780353867666 ], [ 85.944673922241236, 26.934378764390488 ], [ 85.944718106517769, 26.934266274801871 ], [ 85.94523936226841, 26.933640654045348 ], [ 85.945327980836282, 26.933413425633944 ], [ 85.945329671584091, 26.933298373842888 ], [ 85.945248311540468, 26.933047331968055 ], [ 85.945039283849326, 26.932759229440819 ], [ 85.944765449255044, 26.932524808156529 ], [ 85.944595598348997, 26.932485184402424 ], [ 85.944424557624188, 26.932501930000399 ], [ 85.944081849338772, 26.932612164958812 ], [ 85.94393287017482, 26.932590788690391 ], [ 85.943827074328681, 26.932531291454893 ], [ 85.943808517472178, 26.932359681451658 ], [ 85.943897197194701, 26.932130203806025 ], [ 85.944114737081634, 26.931847544947175 ], [ 85.944158922257486, 26.93173280702365 ], [ 85.944161487157885, 26.931561322927223 ], [ 85.944120557570898, 26.93146401859218 ], [ 85.943930648819958, 26.931309152388224 ], [ 85.943761485005098, 26.931231219706262 ], [ 85.943336042493797, 26.931167093598958 ], [ 85.942844043874857, 26.931255889335603 ], [ 85.942717311534636, 26.931178269621853 ], [ 85.942676069878758, 26.931080901434086 ], [ 85.942659203770063, 26.930794239639852 ], [ 85.942703387147219, 26.930679501716384 ], [ 85.942811938552495, 26.930547202499042 ], [ 85.942897865413897, 26.93051177054042 ], [ 85.943070908056086, 26.930341538316839 ], [ 85.943137653023825, 26.930170555149346 ], [ 85.943117971100492, 26.930055376552218 ], [ 85.942930753156759, 26.929747088474699 ], [ 85.942591801389199, 26.929588910023881 ], [ 85.942336773666284, 26.92952828682229 ], [ 85.941997697790669, 26.929390418029868 ], [ 85.941744422869647, 26.929214742137901 ], [ 85.94164068919622, 26.929040256064752 ], [ 85.941435915354646, 26.928463367516486 ], [ 85.941417736218341, 26.928253385632047 ], [ 85.941334812233038, 26.928099336023308 ], [ 85.941250449313372, 26.928040027647967 ], [ 85.940823443759712, 26.928072954062202 ], [ 85.939967115068725, 26.928292169408223 ], [ 85.939881813244483, 26.928289231284225 ], [ 85.939606227647062, 26.92819017234865 ], [ 85.939416693019041, 26.928035307943446 ], [ 85.939250471824778, 26.92774527004957 ], [ 85.939127995132765, 26.927381049696294 ], [ 85.938980580809869, 26.927264871039824 ], [ 85.938792736030337, 26.926995015998273 ], [ 85.938476095838553, 26.926780531148722 ], [ 85.938221443137877, 26.926679347087088 ], [ 85.937731446436317, 26.92665527911214 ], [ 85.937375315591851, 26.926248746895624 ], [ 85.937313702223548, 26.926074573790686 ], [ 85.937303719616807, 26.925329953167193 ], [ 85.937349091014141, 26.925156532804749 ], [ 85.937352472509758, 26.924928678456865 ], [ 85.937083831568998, 26.924351226026261 ], [ 85.937128453821117, 26.924216238699728 ], [ 85.937257376039554, 26.924160809151658 ], [ 85.93770506537453, 26.924168690014994 ], [ 85.938172627291578, 26.924269251737542 ], [ 85.93836466476597, 26.924252631146999 ], [ 85.938686499510595, 26.924124211656249 ], [ 85.938901911573396, 26.923972415778451 ], [ 85.939034212589434, 26.923686818795545 ], [ 85.939060653007289, 26.923344100617442 ], [ 85.939127962756743, 26.92311443501103 ], [ 85.939346377695585, 26.922773156666551 ], [ 85.939497174413418, 26.922661543928541 ], [ 85.939671404176408, 26.922434880298795 ], [ 85.939783148217202, 26.922090538822943 ], [ 85.939742531598426, 26.921957112740188 ], [ 85.93938477206018, 26.921627260433411 ], [ 85.939261294409448, 26.921337534608426 ], [ 85.939073638490072, 26.921049557987942 ], [ 85.938569465587591, 26.920562905909321 ], [ 85.938189021250025, 26.920329919962001 ], [ 85.937830700527343, 26.920056438806 ], [ 85.937747150605617, 26.919940759279882 ], [ 85.937665354385047, 26.919710028862028 ], [ 85.937633061101906, 26.919021653482503 ], [ 85.93776561303207, 26.918715745941938 ], [ 85.937938405659452, 26.9185658863301 ], [ 85.938196561265784, 26.918416654453324 ], [ 85.938303297815196, 26.918399407926302 ], [ 85.938626260324611, 26.918191994539598 ], [ 85.938734559017064, 26.918080006779292 ], [ 85.938845488261336, 26.917794285688331 ], [ 85.938764507736607, 26.917504871932238 ], [ 85.938619594461443, 26.917217207380645 ], [ 85.938621346363959, 26.917102155589646 ], [ 85.938654782700553, 26.916987354712774 ], [ 85.93868821723845, 26.916872552936582 ], [ 85.93901374644696, 26.916419223878449 ], [ 85.939079490455981, 26.916245990577465 ], [ 85.939088756293586, 26.915499182773829 ], [ 85.93917637300342, 26.915310328042267 ], [ 85.939347414627605, 26.915255209663712 ], [ 85.940115187704066, 26.915245161405608 ], [ 85.940286540497766, 26.915190044825692 ], [ 85.940480143712534, 26.915040372275314 ], [ 85.940567823375716, 26.914849204456857 ], [ 85.940569389116149, 26.91471609314101 ], [ 85.940528648389261, 26.914562354701843 ], [ 85.940360424378355, 26.914348996717763 ], [ 85.939914048070932, 26.914246373721767 ], [ 85.939466232829147, 26.914261114704402 ], [ 85.939083848628286, 26.914140868360562 ], [ 85.93882963660127, 26.914003626403883 ], [ 85.938704907077692, 26.913752208607434 ], [ 85.938713233111343, 26.913064084142036 ], [ 85.938633191491306, 26.912603248343544 ], [ 85.938445159650314, 26.912294961165344 ], [ 85.937917615756703, 26.911846430953119 ], [ 85.937812757016559, 26.911692316592394 ], [ 85.937750644517962, 26.911538392890407 ], [ 85.937756215891739, 26.911078184826977 ], [ 85.937695165506511, 26.910847577617915 ], [ 85.937402152615959, 26.910385115823601 ], [ 85.937362474002498, 26.910154636319987 ], [ 85.937450531385991, 26.909925158674355 ], [ 85.937730436484344, 26.909699370995895 ], [ 85.937903354119101, 26.909511141301437 ], [ 85.938034843036576, 26.9092052958149 ], [ 85.938037661549117, 26.908975128380121 ], [ 85.937661474658398, 26.908358616077805 ], [ 85.937600112204336, 26.908128009768063 ], [ 85.937735294686263, 26.907535629293363 ], [ 85.937823664138591, 26.907270029000699 ], [ 85.938063702662703, 26.906831884296821 ], [ 85.938407976688552, 26.906550166141244 ], [ 85.938516152172269, 26.906417867823222 ], [ 85.938946164199308, 26.9061165279997 ], [ 85.939833005492176, 26.905074012001705 ], [ 85.94021983510072, 26.904812916472736 ], [ 85.94037150687052, 26.904604190058421 ], [ 85.940695409183888, 26.904281723082022 ], [ 85.940890513386989, 26.903999002169087 ], [ 85.940979634682492, 26.903692718706907 ], [ 85.940960015712562, 26.903539170027216 ], [ 85.940772923675581, 26.903154202039957 ], [ 85.940394420100631, 26.902727170405569 ], [ 85.940227385009166, 26.902419070288829 ], [ 85.940166273469231, 26.902188465777783 ], [ 85.940219159700973, 26.901347228809698 ], [ 85.940181548656199, 26.900963388587172 ], [ 85.940312661652115, 26.900734223909751 ], [ 85.940377342648446, 26.900678291633938 ], [ 85.941020822378334, 26.90045751054754 ], [ 85.941343908995805, 26.900250098959475 ], [ 85.941582133563372, 26.90000593698926 ], [ 85.941650257210028, 26.899681591304216 ], [ 85.941550655076753, 26.899161887803928 ], [ 85.941557728338239, 26.898645246535693 ], [ 85.941516986712031, 26.898491509895223 ], [ 85.941434878422569, 26.898260654469993 ], [ 85.941267968338536, 26.897970677730825 ], [ 85.941015571167441, 26.897680010303247 ], [ 85.940995200354337, 26.897605392566163 ], [ 85.940869283709958, 26.897448779855722 ], [ 85.940679562020534, 26.897273603993426 ], [ 85.940298304685086, 26.897040618945425 ], [ 85.940151829266824, 26.896827386868097 ], [ 85.940197952507276, 26.896579534930765 ], [ 85.940285257148275, 26.89642679834958 ], [ 85.940760452611812, 26.896030969106278 ], [ 85.940912436450446, 26.895822302947408 ], [ 85.941005186558414, 26.895288226292053 ], [ 85.940988946386142, 26.894904574929626 ], [ 85.940884213552749, 26.894768397784333 ], [ 85.940756919128773, 26.894690713318539 ], [ 85.940438214066205, 26.894591341414809 ], [ 85.939734307189553, 26.894561207432446 ], [ 85.939522713698636, 26.894406218019753 ], [ 85.939332618785613, 26.894251291560465 ], [ 85.939186329529491, 26.894017873033533 ], [ 85.939169338413365, 26.893713149915754 ], [ 85.939213898611456, 26.893560040111026 ], [ 85.939322887093056, 26.893407430335969 ], [ 85.940100486292124, 26.892729566371543 ], [ 85.940210226616898, 26.89250027668669 ], [ 85.940212291487626, 26.89234685391375 ], [ 85.939857852290288, 26.891730527773575 ], [ 85.939797803763099, 26.891423116546605 ], [ 85.939801935303194, 26.891116396008158 ], [ 85.939891617783076, 26.890812423834234 ], [ 85.93996024145946, 26.890467768490794 ], [ 85.940004738704147, 26.890314658686066 ], [ 85.940222590659914, 26.889993565891928 ], [ 85.940311396289246, 26.889746151930183 ], [ 85.940444573256514, 26.889363563580503 ], [ 85.940685677491331, 26.888907296398372 ], [ 85.941054263211583, 26.888472342531315 ], [ 85.941527269696337, 26.888209686657945 ], [ 85.941698684544065, 26.888174817682398 ], [ 85.941954713225641, 26.888176758445013 ], [ 85.942297607673197, 26.88806652528524 ], [ 85.942599509580418, 26.887840862614212 ], [ 85.942686876275388, 26.887708439288758 ], [ 85.942668757394472, 26.887460086422379 ], [ 85.942564589342794, 26.887267539925062 ], [ 85.942315571868676, 26.886746707760665 ], [ 85.942319701610131, 26.886439922470174 ], [ 85.9424538813347, 26.885982903444869 ], [ 85.942585996188598, 26.885676996803625 ], [ 85.942934647272693, 26.885147112843129 ], [ 85.943195621391624, 26.884785837808465 ], [ 85.943505722526368, 26.88394879263592 ], [ 85.943812694878318, 26.883339664764549 ], [ 85.943924688034599, 26.882956826400005 ], [ 85.943975756712462, 26.882345820719422 ], [ 85.943853532733215, 26.881884609898634 ], [ 85.943350802362431, 26.881188163896297 ], [ 85.943247321401884, 26.88095724551772 ], [ 85.943085795630111, 26.880265618146666 ], [ 85.943092930046248, 26.879730978508292 ], [ 85.943181236545229, 26.879501500862659 ], [ 85.943744862615858, 26.878858129952164 ], [ 85.943917844103339, 26.87868796158125 ], [ 85.944068262201597, 26.878612346482896 ], [ 85.944349043251179, 26.87838655880438 ], [ 85.944587391027483, 26.878122086276448 ], [ 85.944674445653618, 26.877989662051732 ], [ 85.944719255866517, 26.877836553146324 ], [ 85.944699949864798, 26.877682940613909 ], [ 85.944552973517546, 26.877490081148323 ], [ 85.944045672731647, 26.877120793048277 ], [ 85.943856076049599, 26.876945681038706 ], [ 85.943688228859628, 26.876732258302582 ], [ 85.943563312274591, 26.876501214916573 ], [ 85.943421092504536, 26.87596313532589 ], [ 85.943404853231584, 26.875579421010059 ], [ 85.943427292512752, 26.875399123441014 ], [ 85.943325306245185, 26.875350938927113 ], [ 85.943323244072474, 26.875323880666826 ], [ 85.943274078385286, 26.874630816160163 ], [ 85.943154728677314, 26.874169667393403 ], [ 85.943097244151204, 26.873824011091301 ], [ 85.94308369208801, 26.873422296606691 ], [ 85.94304326253075, 26.8733069327468 ], [ 85.942988718826541, 26.872810101107291 ], [ 85.942988178326857, 26.871720323312047 ], [ 85.94306268004982, 26.871186123447956 ], [ 85.943108928297761, 26.871015014373768 ], [ 85.943299612274529, 26.86998529769636 ], [ 85.943412041607758, 26.869699575706079 ], [ 85.943760501133738, 26.869361487299102 ], [ 85.943961609290227, 26.868904970102164 ], [ 85.944247080366324, 26.868507759481929 ], [ 85.944319217740372, 26.868267850461905 ], [ 85.946676573449622, 26.870131349528322 ], [ 85.945823162197996, 26.873502379596118 ], [ 85.947171638797272, 26.875390416089772 ], [ 85.949205337711305, 26.875907117613394 ], [ 85.954434464546523, 26.876788179786331 ], [ 85.957673458901809, 26.876743334499395 ], [ 85.959878342434081, 26.875441694312428 ], [ 85.961371529059079, 26.87396832271213 ], [ 85.962659113555958, 26.872316209390419 ], [ 85.962752154148745, 26.872244456931298 ], [ 85.963258558298719, 26.87185392926159 ], [ 85.963959210485882, 26.871390238077822 ], [ 85.964871699883417, 26.871468342532523 ], [ 85.967238888910003, 26.873705166809088 ], [ 85.968673200638591, 26.874683884057333 ], [ 85.970094945074663, 26.874936436813186 ], [ 85.971094507984333, 26.874196170764662 ], [ 85.972090131811342, 26.87452372437383 ], [ 85.972312402194802, 26.874596848317196 ], [ 85.972418186349557, 26.87463164984274 ], [ 85.973455568050099, 26.876069807123258 ], [ 85.975087661298915, 26.876773322789631 ], [ 85.976885884009903, 26.875386318724338 ], [ 85.979003514163253, 26.8749027216831 ], [ 85.980926608492609, 26.874875770443566 ], [ 85.983177110739007, 26.876206048121219 ], [ 85.985313758207894, 26.876811566066124 ], [ 85.985326704119984, 26.876813820696327 ], [ 85.987243227016222, 26.877147599495061 ], [ 85.989672434111299, 26.877113406818637 ], [ 85.994074563132699, 26.877005945406097 ], [ 85.996176186041282, 26.87561442128839 ], [ 85.997575642284346, 26.874595956177927 ], [ 85.999685164042887, 26.87365822067801 ], [ 86.00036968757513, 26.872286687854512 ], [ 86.003892891241037, 26.871147292007095 ], [ 86.004714102740252, 26.870862649217543 ], [ 86.00469388301525, 26.871116882828517 ], [ 86.004560184434297, 26.872483319126616 ], [ 86.004566177595677, 26.872774354381818 ], [ 86.004942851026044, 26.874006750352066 ], [ 86.005288915625727, 26.874710944116259 ], [ 86.005365643200207, 26.875250709058776 ], [ 86.005389763336495, 26.875325325896483 ], [ 86.005515426368731, 26.875709793854128 ], [ 86.005609720633061, 26.875999269664248 ], [ 86.005818846351588, 26.877586943011067 ], [ 86.005806530872633, 26.880646417721152 ], [ 86.00569802983, 26.881439843398937 ], [ 86.005768320871482, 26.882029229091643 ], [ 86.006042710354791, 26.88248244303503 ], [ 86.006186376253822, 26.88263461843178 ], [ 86.006377720341675, 26.882836792298974 ], [ 86.006503943658913, 26.883367933528291 ], [ 86.006370767590965, 26.883597097306392 ], [ 86.005828019557782, 26.883979116377702 ], [ 86.005364940820414, 26.884673109896369 ], [ 86.00490355552887, 26.885132372759813 ], [ 86.004825123716557, 26.885258171591431 ], [ 86.004512717588909, 26.885763620648788 ], [ 86.004432599525501, 26.885939104083263 ], [ 86.004448470071509, 26.886065529750681 ], [ 86.004542254413536, 26.886810776310597 ], [ 86.005012297592941, 26.887696329757262 ], [ 86.005256633134593, 26.888022930072509 ], [ 86.00557714855637, 26.88827566359447 ], [ 86.006817536008043, 26.888726643592349 ], [ 86.007464255138757, 26.889080872345573 ], [ 86.007734150650322, 26.889333166992628 ], [ 86.008008354870867, 26.889815754081837 ], [ 86.008260491235092, 26.890654620405655 ], [ 86.008749218077128, 26.891567358019358 ], [ 86.008965044732918, 26.892462344579769 ], [ 86.009125917588221, 26.894500912487729 ], [ 86.009071352299998, 26.89498568046173 ], [ 86.008879991124786, 26.895537127752164 ], [ 86.008648944141441, 26.896205626052904 ], [ 86.008479389116246, 26.89689037441866 ], [ 86.008230660328309, 26.897457194024071 ], [ 86.007980186832469, 26.897791659913935 ], [ 86.007800945081442, 26.898462783370519 ], [ 86.00775324261059, 26.899498063327599 ], [ 86.008020065997414, 26.900174571096443 ], [ 86.008781062592675, 26.90150215167165 ], [ 86.01007366357419, 26.903341071042121 ], [ 86.010534332995974, 26.904267120596842 ], [ 86.010643378135626, 26.904423607400474 ], [ 86.010730987650788, 26.904548285662031 ], [ 86.010932264882001, 26.905064179583746 ], [ 86.01210526704017, 26.906304338604571 ], [ 86.012705852138367, 26.9073870647224 ], [ 86.012845822674251, 26.907931767907542 ], [ 86.012818045846132, 26.909350888986523 ], [ 86.012554928614463, 26.910592209946799 ], [ 86.01127578346734, 26.913552544781226 ], [ 86.010858610331638, 26.915508111361191 ], [ 86.010792857329193, 26.91603562557674 ], [ 86.010629742434389, 26.91656020076897 ], [ 86.010501876034027, 26.916972223419236 ], [ 86.010501813979999, 26.916980129463866 ], [ 86.010501756422627, 26.916988034609233 ], [ 86.010496297465636, 26.917782213029511 ], [ 86.010538841357004, 26.918362349971972 ], [ 86.010636508123639, 26.918742129701741 ], [ 86.01064743233303, 26.919261144312259 ], [ 86.01060330651319, 26.919556430719012 ], [ 86.010551122661298, 26.919698166647379 ], [ 86.010386385368065, 26.920146061030493 ], [ 86.010414991382049, 26.920834436410018 ], [ 86.010561334598208, 26.921406263506867 ], [ 86.011438053887559, 26.92330548231871 ], [ 86.011427168349542, 26.923835621690046 ], [ 86.011281546399232, 26.924545367042697 ], [ 86.011088439616799, 26.924932078838481 ], [ 86.010602434159296, 26.92524904189122 ], [ 86.009779536408928, 26.925507318008272 ], [ 86.008061822072307, 26.925768263348516 ], [ 86.007569255074316, 26.926073914578922 ], [ 86.007193358668474, 26.926531555043937 ], [ 86.007056038469727, 26.927730943659867 ] ] ] } },
{ "type": "Feature", "properties": { "Physiography": "Inner River Valley", "subdivision": "Lalgadh", "Area_sqkm": 13.273 }, "geometry": { "type": "Polygon", "coordinates": [ [ [ 85.911673190646582, 27.009282744150994 ], [ 85.913487229943598, 27.007786169735027 ], [ 85.914371753652915, 27.006273554798895 ], [ 85.915167453746278, 27.004489870720363 ], [ 85.919814967832053, 27.002896566643756 ], [ 85.921477515226115, 27.002185367967456 ], [ 85.923655551841591, 27.001009379121342 ], [ 85.924075355529055, 27.000782715491596 ], [ 85.925618624262597, 26.999148073530364 ], [ 85.926036855015013, 26.997253536650987 ], [ 85.925358980258579, 26.995200927442227 ], [ 85.926073501074427, 26.995640542557112 ], [ 85.926707658308658, 26.997620432522751 ], [ 85.92693569252333, 26.998002725890956 ], [ 85.92743222738261, 26.998417293656246 ], [ 85.927839442193601, 26.998785325386734 ], [ 85.92754630969165, 26.999592588216558 ], [ 85.927771115297503, 26.999969636669164 ], [ 85.928976241663975, 27.000473183635222 ], [ 85.929331520839241, 27.000794515652217 ], [ 85.929578428475963, 27.001728140296677 ], [ 85.928380271048184, 27.001195776872521 ], [ 85.927295670718422, 27.001230537028675 ], [ 85.927842240920825, 27.002385986886281 ], [ 85.928846682717165, 27.002956431706821 ], [ 85.929361820298993, 27.005541693025975 ], [ 85.930104329286451, 27.006785558201955 ], [ 85.931708670888497, 27.007112666640865 ], [ 85.93352634619265, 27.00778769680403 ], [ 85.935926475123438, 27.007386931116741 ], [ 85.938129325261684, 27.007644407725934 ], [ 85.939939124199157, 27.00891229141348 ], [ 85.940618796724152, 27.009995006739302 ], [ 85.939901074279476, 27.010248267270981 ], [ 85.938246774676998, 27.00967363784963 ], [ 85.936131661759362, 27.009394869509379 ], [ 85.935542921788453, 27.009413889522875 ], [ 85.934014903959905, 27.010145613697659 ], [ 85.933711794247188, 27.01020297591441 ], [ 85.932513833773555, 27.010429684510825 ], [ 85.931476801913902, 27.011157108970053 ], [ 85.932371423344705, 27.012179997904127 ], [ 85.932619789701107, 27.013425515156598 ], [ 85.933639198212859, 27.013851558422971 ], [ 85.934347398509772, 27.014165913407226 ], [ 85.933769847152405, 27.014954890080048 ], [ 85.932051192112453, 27.015589469101883 ], [ 85.93185731909756, 27.015804307389658 ], [ 85.93274294539026, 27.017287622026004 ], [ 85.936377539658736, 27.015244540360982 ], [ 85.942481085287113, 27.015272007818169 ], [ 85.944348061178516, 27.015965066029537 ], [ 85.946071433224972, 27.016156426305429 ], [ 85.947803557589339, 27.017721860922563 ], [ 85.948220401568847, 27.01806977994886 ], [ 85.94864135010846, 27.018450243172424 ], [ 85.950214196136585, 27.018399737477637 ], [ 85.950947091244188, 27.018613214173797 ], [ 85.95205868058548, 27.01910656898832 ], [ 85.953380142092556, 27.019265170126062 ], [ 85.954089311871428, 27.017902436385839 ], [ 85.955924691463508, 27.016787867551159 ], [ 85.956925367748624, 27.016512617405283 ], [ 85.957466246965851, 27.017226920582345 ], [ 85.958370384249122, 27.018260424354935 ], [ 85.958718670203609, 27.019735878812639 ], [ 85.959133870200674, 27.021098143999893 ], [ 85.958517794075306, 27.02135924942155 ], [ 85.957166072679172, 27.020137770466022 ], [ 85.955310627148208, 27.020505084528054 ], [ 85.95369822481598, 27.020704402110653 ], [ 85.950791314914284, 27.02146390041554 ], [ 85.947005355548981, 27.0217536963886 ], [ 85.945855241439631, 27.02135441010563 ], [ 85.944702607396607, 27.021036918244533 ], [ 85.943626935654208, 27.020663370898944 ], [ 85.942794513058061, 27.020497930326542 ], [ 85.9420185542441, 27.020869550399539 ], [ 85.941504655045037, 27.02110185824904 ], [ 85.942574498204181, 27.021548461188672 ], [ 85.943037786486343, 27.021782440000663 ], [ 85.942134625879817, 27.022584048717988 ], [ 85.940068063504896, 27.022877946553137 ], [ 85.938599875665432, 27.021808210414747 ], [ 85.937770747329523, 27.021834781236009 ], [ 85.936608329432545, 27.022391445562562 ], [ 85.935509404511777, 27.022887661158336 ], [ 85.931632886715306, 27.02325019346182 ], [ 85.926802449904699, 27.023040604586299 ], [ 85.925484389678616, 27.023082608877303 ], [ 85.925137867317915, 27.023486328876629 ], [ 85.92616040551178, 27.02519884686177 ], [ 85.927217700264407, 27.027700555561125 ], [ 85.927453008291991, 27.029057812357678 ], [ 85.928080705610569, 27.030621870993912 ], [ 85.928299871493209, 27.031885593463301 ], [ 85.928942597581226, 27.033244841385169 ], [ 85.930474343148944, 27.033884513335181 ], [ 85.930144696789682, 27.034792377458245 ], [ 85.929738053955077, 27.035110583390463 ], [ 85.928951314825156, 27.034399542996937 ], [ 85.928577188308509, 27.034087284360112 ], [ 85.926105284435209, 27.034445399135279 ], [ 85.922619148616377, 27.036631955141161 ], [ 85.921321598600116, 27.037217663457341 ], [ 85.920231247929166, 27.037212633482625 ], [ 85.918539306704588, 27.037266729318503 ], [ 85.916109865782687, 27.035728052584091 ], [ 85.915415307482306, 27.03606053634195 ], [ 85.914592725398165, 27.036850837733652 ], [ 85.915712494181662, 27.038009100707825 ], [ 85.916169490723576, 27.03861315813441 ], [ 85.916153673238227, 27.041343325534058 ], [ 85.916189468527762, 27.04224565515608 ], [ 85.91735728602572, 27.042498139562611 ], [ 85.919582663579831, 27.040663217731492 ], [ 85.920014098353192, 27.04048039843002 ], [ 85.921197645201744, 27.040825156297501 ], [ 85.921910278315693, 27.041021610400833 ], [ 85.923849684764036, 27.041326764299583 ], [ 85.92551287698052, 27.040530548887887 ], [ 85.928166246657668, 27.04018845484751 ], [ 85.9305994638828, 27.040782985629676 ], [ 85.931499403075179, 27.041596434078315 ], [ 85.933011850735227, 27.042227878921437 ], [ 85.935265291105623, 27.041677558496474 ], [ 85.938762066045001, 27.042086018884959 ], [ 85.939566459999526, 27.042558144022451 ], [ 85.9401809865725, 27.042907058611377 ], [ 85.940948263216626, 27.043600326367539 ], [ 85.942291818660635, 27.044362819454477 ], [ 85.944489072243755, 27.045280211121337 ], [ 85.946307357296291, 27.046269424496018 ], [ 85.947780948334071, 27.047993314558823 ], [ 85.948209734568991, 27.04911681108149 ], [ 85.94885055676707, 27.049935844393929 ], [ 85.950641820431997, 27.050539790303105 ], [ 85.953056069805029, 27.051611222585279 ], [ 85.953579173686933, 27.052539893698452 ], [ 85.95299173685089, 27.053896707123329 ], [ 85.951875278515615, 27.055257339120203 ], [ 85.951894836330837, 27.055750321610446 ], [ 85.952949591364472, 27.056190519493668 ], [ 85.954852701594291, 27.055813918010017 ], [ 85.957015731923661, 27.055489714419764 ], [ 85.957341174796056, 27.056480859563749 ], [ 85.956136722930069, 27.056761603740654 ], [ 85.955338302351549, 27.057528890277467 ], [ 85.95258738192183, 27.058619884871575 ], [ 85.95134329730837, 27.058614419619232 ], [ 85.950815114887689, 27.059121877788584 ], [ 85.951779372644864, 27.060972613507715 ], [ 85.951992635299575, 27.061875452152719 ], [ 85.952408916296008, 27.062407514299991 ], [ 85.952641243930884, 27.062819651165682 ], [ 85.952633810935879, 27.06416294670214 ], [ 85.950518897670349, 27.064457343667584 ], [ 85.94885829103896, 27.065252415126508 ], [ 85.947833525194937, 27.065913716957084 ], [ 85.94831087276458, 27.06631189436132 ], [ 85.951086585133055, 27.067321591865152 ], [ 85.951084931257924, 27.067680763357714 ], [ 85.950473061317382, 27.068223217308685 ], [ 85.948181150139021, 27.068213229305911 ], [ 85.947050425669431, 27.067711316429666 ], [ 85.946540867555314, 27.067727713086072 ], [ 85.946271810222981, 27.068858049942719 ], [ 85.946731589304136, 27.071064375107312 ], [ 85.946726215783826, 27.072052195413733 ], [ 85.946758801350484, 27.072866964084596 ], [ 85.946472642283936, 27.074830909758816 ], [ 85.943672235104827, 27.076095310326025 ], [ 85.94232717327651, 27.077597546948482 ], [ 85.940650674515041, 27.079084613606028 ], [ 85.939233377285234, 27.081541205419626 ], [ 85.938246462608106, 27.082994938264676 ], [ 85.938058523398524, 27.083560043739624 ], [ 85.939241613385491, 27.085540362687595 ], [ 85.940954296848076, 27.08952638338468 ], [ 85.941219784724012, 27.091746156289673 ], [ 85.940653748438422, 27.095367834324065 ], [ 85.940506194718807, 27.09591844253589 ], [ 85.940444550773179, 27.096148473271853 ], [ 85.940107633298965, 27.097405671972865 ], [ 85.939708269673304, 27.099162163790368 ], [ 85.939126588574482, 27.101331777244127 ], [ 85.938501162973466, 27.102460904496638 ], [ 85.938284928919416, 27.102851281078244 ], [ 85.937965100588769, 27.103428676850854 ], [ 85.936284302111744, 27.104919111513993 ], [ 85.935422653860542, 27.106135665716863 ], [ 85.934469917470494, 27.10698039929531 ], [ 85.934190401783724, 27.108681654921497 ], [ 85.933837093049135, 27.108679999247727 ], [ 85.933251008811396, 27.108150579343544 ], [ 85.932651377007119, 27.107978376679227 ], [ 85.932399074266073, 27.110096205585421 ], [ 85.931606958018506, 27.109380522830122 ], [ 85.931125987032374, 27.108526977577696 ], [ 85.930508532228032, 27.108188301006351 ], [ 85.929504594958075, 27.110115204914223 ], [ 85.929269072889042, 27.111814440636408 ], [ 85.929057331008039, 27.112397307956655 ], [ 85.928215451915548, 27.11314355457597 ], [ 85.925928996996163, 27.113575668346414 ], [ 85.924467535275255, 27.11404578527123 ], [ 85.922445234519614, 27.114472284499925 ], [ 85.921252429028073, 27.115361104327462 ], [ 85.9195091888962, 27.115893710571811 ], [ 85.917230954788408, 27.115404435136043 ], [ 85.915947203252813, 27.115235332475834 ], [ 85.914874093712797, 27.115269530548289 ], [ 85.912810815705484, 27.116370518541089 ], [ 85.911260974639561, 27.117184994029117 ], [ 85.911018140086242, 27.117682792452626 ], [ 85.91143930716396, 27.118731779158338 ], [ 85.911437084909835, 27.119133958598582 ], [ 85.911007731195184, 27.120314706719967 ], [ 85.909330358281125, 27.121463086913423 ], [ 85.909078106802156, 27.122195919966998 ], [ 85.908464574892491, 27.123133329008681 ], [ 85.906824707801093, 27.123872854905414 ], [ 85.90589487115119, 27.124765558956256 ], [ 85.905016818149534, 27.125297873816407 ], [ 85.903859284535201, 27.12719109946687 ], [ 85.90202482316306, 27.128265969003394 ], [ 85.901885047782685, 27.128038398845092 ], [ 85.901698202163175, 27.1278429133244 ], [ 85.901256201115359, 27.127622863396482 ], [ 85.900713096945935, 27.127171957143958 ], [ 85.900740286508949, 27.126941977670015 ], [ 85.901357848333987, 27.126093940837961 ], [ 85.901558327856037, 27.125734539115967 ], [ 85.902163070575114, 27.125299275878035 ], [ 85.902388922106297, 27.124953624971909 ], [ 85.902544162433117, 27.124420113098324 ], [ 85.902783014735746, 27.124038401599194 ], [ 85.903132485113076, 27.123276288930583 ], [ 85.904347677724331, 27.121316112364866 ], [ 85.904542220743053, 27.12108751156984 ], [ 85.905062104110129, 27.120326713727366 ], [ 85.905667479060924, 27.119528296746239 ], [ 85.906076870260051, 27.11910946793671 ], [ 85.906379462855739, 27.118748567924342 ], [ 85.907025516479337, 27.118103824630282 ], [ 85.908850559127131, 27.116495814645077 ], [ 85.909535916341952, 27.116025055595799 ], [ 85.909942617633249, 27.115780023969705 ], [ 85.910284449967435, 27.115631543036727 ], [ 85.912247325434294, 27.115075939024905 ], [ 85.913358376074598, 27.114608501215912 ], [ 85.914171904563943, 27.114082311719244 ], [ 85.915054180837785, 27.113247528371517 ], [ 85.916024514495007, 27.11210889785724 ], [ 85.916134317773185, 27.111802864409924 ], [ 85.916273198316276, 27.110734525836449 ], [ 85.916451377953933, 27.109970973334157 ], [ 85.916777097821239, 27.109362096377026 ], [ 85.917123563523887, 27.108830089089054 ], [ 85.917382158904502, 27.108545494863563 ], [ 85.917511583850569, 27.108393073049285 ], [ 85.918114140288822, 27.107806574218557 ], [ 85.91856853325902, 27.107121892403541 ], [ 85.918999674849488, 27.106628882933251 ], [ 85.919257894308544, 27.106382721743728 ], [ 85.919795208566029, 27.105926584965005 ], [ 85.920117108062755, 27.105719234531648 ], [ 85.920546370045315, 27.10537958488095 ], [ 85.920889392198262, 27.105172359455025 ], [ 85.921233351457204, 27.104888454119305 ], [ 85.92153362826798, 27.104699039102741 ], [ 85.922239791573531, 27.104379517444954 ], [ 85.923265912713816, 27.10404444090733 ], [ 85.923522881199347, 27.103931331677643 ], [ 85.923864774688184, 27.103839220096745 ], [ 85.924121430205503, 27.103726109068361 ], [ 85.924805532849518, 27.103501204535803 ], [ 85.925490321685288, 27.103201869327677 ], [ 85.925832216972822, 27.10310744465994 ], [ 85.928143682369068, 27.102094014920226 ], [ 85.928570878581581, 27.101964158293868 ], [ 85.929020134556254, 27.101775807189313 ], [ 85.929276914181685, 27.101683008517341 ], [ 85.930304351946859, 27.101212506677598 ], [ 85.930817724136205, 27.101006597876562 ], [ 85.931073816670448, 27.10095210723307 ], [ 85.931672868404348, 27.100652081336477 ], [ 85.932442024656382, 27.100333060607738 ], [ 85.932784357020239, 27.100128084415985 ], [ 85.932869533837106, 27.100108400694012 ], [ 85.933383286444723, 27.099769378778376 ], [ 85.933554077154724, 27.099696199975654 ], [ 85.933918597885508, 27.099412419647365 ], [ 85.934260869094658, 27.09920519512076 ], [ 85.93541785951129, 27.098318232417796 ], [ 85.936750840586797, 27.096785081191115 ], [ 85.937052621983241, 27.096329377891379 ], [ 85.937290725140713, 27.095875422896825 ], [ 85.937769124031774, 27.094732847903913 ], [ 85.938339842249832, 27.092753974185598 ], [ 85.938519026443544, 27.091762566436103 ], [ 85.938588844435344, 27.091077193033243 ], [ 85.938619049465046, 27.090084657519014 ], [ 85.93858451144439, 27.089168364838201 ], [ 85.938502656767128, 27.088786459982316 ], [ 85.938506666897183, 27.088328502052377 ], [ 85.938425623419107, 27.087869855232668 ], [ 85.938407822902434, 27.087486139118198 ], [ 85.938203871052053, 27.086491912856161 ], [ 85.937912675715381, 27.085727038332948 ], [ 85.937514619721242, 27.085035906494909 ], [ 85.937409760081778, 27.084863670555251 ], [ 85.937304715179494, 27.08470943298579 ], [ 85.936969021698815, 27.084190225018517 ], [ 85.93671806705936, 27.083673891322462 ], [ 85.936258707067793, 27.082903328512145 ], [ 85.936093112709329, 27.082520734766433 ], [ 85.935883897057352, 27.082212321681482 ], [ 85.935843217485228, 27.082058585041011 ], [ 85.935634817529149, 27.081673428193596 ], [ 85.935123422975153, 27.079909704831891 ], [ 85.93477111250121, 27.079083522713972 ], [ 85.934671951940913, 27.078471326315196 ], [ 85.934684284507284, 27.077399736649568 ], [ 85.934754224808501, 27.076865535886157 ], [ 85.934910279931898, 27.076255282048692 ], [ 85.935174636445709, 27.075492417536907 ], [ 85.935348995712786, 27.075110205108786 ], [ 85.935630656310991, 27.074672374272438 ], [ 85.936708413608812, 27.073478000342561 ], [ 85.937289348260435, 27.072909187813082 ], [ 85.938556015149175, 27.071926048539865 ], [ 85.938877226655393, 27.07173894571082 ], [ 85.938985463293818, 27.071586335935763 ], [ 85.939135384060421, 27.071490472333721 ], [ 85.93917894419917, 27.071416354626308 ], [ 85.939630390951379, 27.071018149342763 ], [ 85.939824934869421, 27.070733053288905 ], [ 85.940040348730861, 27.070504577501254 ], [ 85.941268901847195, 27.069139785185655 ], [ 85.942127866485919, 27.068421989894887 ], [ 85.94232146970063, 27.068233948161264 ], [ 85.942559381299986, 27.06789273277019 ], [ 85.94268855623119, 27.067758308426733 ], [ 85.943505088495954, 27.067022201797613 ], [ 85.943747823223191, 27.06626140035786 ], [ 85.94409679267153, 27.065501412815308 ], [ 85.944362401957562, 27.064587374764756 ], [ 85.944536700069932, 27.064207286563374 ], [ 85.94466950471292, 27.063750331390793 ], [ 85.944887360266023, 27.063293938301968 ], [ 85.945183170085159, 27.06161528293768 ], [ 85.945127944685851, 27.060849975834856 ], [ 85.94504633642606, 27.060544813842114 ], [ 85.944443567744997, 27.059315164437749 ], [ 85.943649325471995, 27.058084013145674 ], [ 85.943334250121211, 27.057718415012801 ], [ 85.943125158577345, 27.057410002827226 ], [ 85.942453766219955, 27.056581439273032 ], [ 85.942203182106084, 27.056198220490216 ], [ 85.941720510479456, 27.055599015869575 ], [ 85.940862714075536, 27.05436736274919 ], [ 85.940657066081314, 27.053754353352531 ], [ 85.94042729255483, 27.05337138278594 ], [ 85.940048475112349, 27.053023283892855 ], [ 85.939839197406343, 27.052732930332809 ], [ 85.938744425609741, 27.051747687517434 ], [ 85.93825931139213, 27.051380774558368 ], [ 85.938154766519517, 27.051244597413074 ], [ 85.937438623305241, 27.050625516612968 ], [ 85.93720759790591, 27.050375598006212 ], [ 85.937080741457578, 27.050297915339115 ], [ 85.936850592009478, 27.049951004466152 ], [ 85.936303988531733, 27.049391795923839 ], [ 85.93596879238271, 27.04896732739121 ], [ 85.935343713924567, 27.047814172633821 ], [ 85.934905161822428, 27.047122726928251 ], [ 85.933991074308494, 27.0452228201259 ], [ 85.933615512454878, 27.044606306924209 ], [ 85.93348940784972, 27.044451881393968 ], [ 85.932942867325266, 27.043892734905683 ], [ 85.932795075282172, 27.043796865907609 ], [ 85.932164234791458, 27.043196408514802 ], [ 85.931890026973633, 27.042984485867692 ], [ 85.930791685720578, 27.04232183953286 ], [ 85.930474421391011, 27.042166035323646 ], [ 85.929902061888527, 27.042008227398412 ], [ 85.928947568199931, 27.041824977316026 ], [ 85.928437698016978, 27.041782723010158 ], [ 85.927737482906082, 27.041660097028682 ], [ 85.927036514153428, 27.041614150956946 ], [ 85.926333792598882, 27.041683257575642 ], [ 85.925757930190628, 27.041791674980175 ], [ 85.924797677167533, 27.04204838535685 ], [ 85.924288058798027, 27.041985756640599 ], [ 85.923267193365348, 27.04199373822928 ], [ 85.923012417455936, 27.041953425585405 ], [ 85.922502233405396, 27.041947230073902 ], [ 85.922182337624747, 27.042001218889027 ], [ 85.921352446653657, 27.042069323649685 ], [ 85.920649162116035, 27.042197049753952 ], [ 85.920266212234083, 27.04219185610043 ], [ 85.918857515334821, 27.042634541541361 ], [ 85.918408445522232, 27.042858950540904 ], [ 85.917896448414467, 27.04300617870166 ], [ 85.917513310571735, 27.043021296505231 ], [ 85.917067120426452, 27.042979480174949 ], [ 85.916685861292308, 27.04286148306528 ], [ 85.915925096725232, 27.042451758213247 ], [ 85.915735187074972, 27.04231495513153 ], [ 85.915419608996558, 27.042025974854425 ], [ 85.915022362402965, 27.04150395287121 ], [ 85.914919069403197, 27.041275283726804 ], [ 85.914533274927976, 27.039893778189196 ], [ 85.914286320525889, 27.039278140938791 ], [ 85.91418509059821, 27.038896049920766 ], [ 85.914167913319943, 27.038589076669496 ], [ 85.914046314377799, 27.038130115082879 ], [ 85.913860848336583, 27.03766840423242 ], [ 85.913841542334865, 27.037514854653409 ], [ 85.913889294269097, 27.037133952554825 ], [ 85.914045098478312, 27.036618439950701 ], [ 85.914285075847715, 27.036162297776002 ], [ 85.914587543435971, 27.03582170832135 ], [ 85.914737462403878, 27.0357280948528 ], [ 85.914994054967849, 27.035635294382132 ], [ 85.915420562290535, 27.035525750112129 ], [ 85.915762645538848, 27.035395266650028 ], [ 85.916103601022428, 27.035341528749086 ], [ 85.91644317962573, 27.0354027778871 ], [ 85.916866683173055, 27.035539148389205 ], [ 85.91729181451484, 27.035544592956853 ], [ 85.917546029239816, 27.035605280011168 ], [ 85.918200934108086, 27.035955572379748 ], [ 85.918705670892962, 27.036363293515763 ], [ 85.919043997623419, 27.036519222732352 ], [ 85.919552740940958, 27.036640532988315 ], [ 85.919891253833555, 27.036776276654621 ], [ 85.920654212775446, 27.036958086903383 ], [ 85.920995167359706, 27.036904285149717 ], [ 85.921166458998698, 27.036810858742626 ], [ 85.921679395910417, 27.036623072419843 ], [ 85.922022668078228, 27.036397785670374 ], [ 85.922536667103316, 27.036135442765215 ], [ 85.922858316585234, 27.035928091432538 ], [ 85.923373881350699, 27.035532699265502 ], [ 85.924083676166674, 27.034910892584264 ], [ 85.924299589158522, 27.034664357271765 ], [ 85.925735262478668, 27.03223178846639 ], [ 85.926059104536705, 27.031852953936607 ], [ 85.926362949005238, 27.031397249737495 ], [ 85.926600422628894, 27.031130590928797 ], [ 85.926731097649167, 27.030903675485547 ], [ 85.926908148622715, 27.030370289518658 ], [ 85.92693859737193, 27.02968241506818 ], [ 85.926883744296902, 27.028993850828499 ], [ 85.926822943926538, 27.028763245418133 ], [ 85.92676208330073, 27.028532640907031 ], [ 85.926575551548808, 27.028185980948308 ], [ 85.926345901231059, 27.027859318579033 ], [ 85.925660018805218, 27.02666735306542 ], [ 85.925473490650575, 27.026282322124757 ], [ 85.924783913760905, 27.02537682864596 ], [ 85.924531890712728, 27.025124472844197 ], [ 85.92442784407109, 27.02497023347604 ], [ 85.924343357043369, 27.024913176133509 ], [ 85.924071713226624, 27.024565889338987 ], [ 85.923295646492534, 27.023754512056371 ], [ 85.922854588846008, 27.023347291849404 ], [ 85.922433339029567, 27.023037250070672 ], [ 85.921845866220167, 27.022418983167825 ], [ 85.921320697467536, 27.021954702920311 ], [ 85.92090088748472, 27.021529546397232 ], [ 85.920501259454852, 27.021201632155112 ], [ 85.920289915079422, 27.021102950040472 ], [ 85.920037389303559, 27.020909276677685 ], [ 85.919594204732277, 27.020655415390934 ], [ 85.919089029072495, 27.020267942758608 ], [ 85.919025601747649, 27.020247130372525 ], [ 85.918079808215623, 27.019416314886143 ], [ 85.917447776107508, 27.018987340690444 ], [ 85.91675431859187, 27.018368323743118 ], [ 85.915833779256218, 27.017230847973622 ], [ 85.915058463465982, 27.016381035856455 ], [ 85.914559359209591, 27.015535603495493 ], [ 85.914020829052618, 27.014457504450831 ], [ 85.913522101617161, 27.013535391280755 ], [ 85.913271768417417, 27.013167919835269 ], [ 85.912879841384097, 27.012246684415175 ], [ 85.912775544727651, 27.012092383892309 ], [ 85.912506905585587, 27.011476622533849 ], [ 85.912260704825314, 27.01078424331962 ], [ 85.912032745255374, 27.010324530789148 ], [ 85.911745112180483, 27.009555156898273 ], [ 85.911673190646582, 27.009282744150994 ] ] ] } },
{ "type": "Feature", "properties": { "Physiography": "Chure Hillslopes", "subdivision": "Charnath", "Area_sqkm": 51.71 }, "geometry": { "type": "Polygon", "coordinates": [ [ [ 86.030847603102814, 27.020656348899536 ], [ 86.030217513555954, 27.020777137541756 ], [ 86.030047286728347, 27.0207556380646 ], [ 86.029707519264889, 27.020678888906104 ], [ 86.02885970366907, 27.020327779942306 ], [ 86.028010132573343, 27.020170780518299 ], [ 86.027414022560777, 27.020205016362752 ], [ 86.027158304149452, 27.020279941672015 ], [ 86.026731044983592, 27.020489104263277 ], [ 86.026389837686509, 27.02058152701369 ], [ 86.026134309034603, 27.020600020916845 ], [ 86.025369726794963, 27.020461644900081 ], [ 86.02517887734075, 27.020383585411992 ], [ 86.025223000462518, 27.02019210372606 ], [ 86.025291254512638, 27.019655591674393 ], [ 86.02529751927284, 27.018890785500616 ], [ 86.02534270720605, 27.018584189070225 ], [ 86.025605692235615, 27.017667714723984 ], [ 86.025653137496988, 27.01705658313665 ], [ 86.02601928782093, 27.016522136855031 ], [ 86.026064413700055, 27.016215602478724 ], [ 86.026151468326191, 27.015988312912555 ], [ 86.026194402528517, 27.015929942542471 ], [ 86.026450933038404, 27.015798584927779 ], [ 86.02664353709315, 27.015626228477402 ], [ 86.026946759222596, 27.015016851490543 ], [ 86.027097306824885, 27.014787749766469 ], [ 86.027354965998882, 27.014521028903687 ], [ 86.027504448789841, 27.014425038495574 ], [ 86.027782163110714, 27.014311866312482 ], [ 86.027996201890574, 27.014141886801667 ], [ 86.028018953240633, 27.01395021535626 ], [ 86.027851858793099, 27.013567809571327 ], [ 86.02783205186239, 27.013414199736928 ], [ 86.027982348550552, 27.013223468994795 ], [ 86.028217319327894, 27.01311004589752 ], [ 86.028260315584305, 27.013051675527436 ], [ 86.02828419379972, 27.012765264647385 ], [ 86.028349125710236, 27.012612280749408 ], [ 86.028669711280088, 27.012422739826093 ], [ 86.028778328336784, 27.01217526470964 ], [ 86.028757582501441, 27.012098395939688 ], [ 86.028546301079416, 27.011943531534484 ], [ 86.028525744104172, 27.011848602340365 ], [ 86.028548807523123, 27.011618622866365 ], [ 86.028721479639728, 27.011312967139304 ], [ 86.028808472211779, 27.011085739627219 ], [ 86.02878866528107, 27.010932127994124 ], [ 86.028704680081717, 27.010778077486123 ], [ 86.027815685783366, 27.01019667697949 ], [ 86.027688454312795, 27.010139366924136 ], [ 86.027369622444155, 27.010078491908985 ], [ 86.027242765995823, 27.010000873094612 ], [ 86.027073542824837, 27.009866630416582 ], [ 86.026990559483465, 27.009597529016901 ], [ 86.027142421012684, 27.009215003620568 ], [ 86.027273601458603, 27.00875560855502 ], [ 86.027235368074798, 27.008220657747074 ], [ 86.027492589273152, 27.008010305337052 ], [ 86.02787660306717, 27.00787982457291 ], [ 86.028005151162631, 27.007765648733141 ], [ 86.02807014602655, 27.007594665565705 ], [ 86.028028967324076, 27.007440928925178 ], [ 86.027987099731774, 27.007363873093823 ], [ 86.02786011827601, 27.007266003977065 ], [ 86.027477797028496, 27.007168631292643 ], [ 86.027223395242061, 27.007051824901112 ], [ 86.027182217438906, 27.006859716379381 ], [ 86.027204968788965, 27.006706480667901 ], [ 86.027397884013226, 27.006497940415727 ], [ 86.027315214539385, 27.006190528289494 ], [ 86.027209793715542, 27.006074725554583 ], [ 86.026763354454715, 27.006033283347278 ], [ 86.026573381851108, 27.005860483525282 ], [ 86.026427661873356, 27.00545558090181 ], [ 86.026301745228977, 27.005224599569829 ], [ 86.025900306839901, 27.004858561662672 ], [ 86.025753769367611, 27.004550711560796 ], [ 86.025776145695374, 27.004397414694608 ], [ 86.025905131766478, 27.004265178430614 ], [ 86.026330825191963, 27.004229751868024 ], [ 86.026586666812079, 27.004172886982985 ], [ 86.027443507224007, 27.003431968917312 ], [ 86.027700289547454, 27.003262237622664 ], [ 86.027956632096561, 27.003148877478793 ], [ 86.028126985730239, 27.003111760168395 ], [ 86.028319901853877, 27.002941652952188 ], [ 86.02832102961861, 27.002806289704097 ], [ 86.02817380325655, 27.002575119512016 ], [ 86.027730497275172, 27.002132089626173 ], [ 86.027222635304895, 27.001765302573801 ], [ 86.026949492298399, 27.001341460876915 ], [ 86.027014426007611, 27.001188476079619 ], [ 86.027207340332552, 27.001018369762733 ], [ 86.027420500463165, 27.000981500668502 ], [ 86.027675904107639, 27.000983256168354 ], [ 86.027825574859378, 27.000887266659504 ], [ 86.02786882023122, 27.000810837663892 ], [ 86.027848138248601, 27.000715907570452 ], [ 86.027784709125115, 27.000656850109237 ], [ 86.027529745254924, 27.000616723627502 ], [ 86.027360207317088, 27.000520791676024 ], [ 86.027318401778871, 27.000443798798074 ], [ 86.027332402609659, 27.000315310058625 ], [ 86.027334345170971, 27.000091893024432 ], [ 86.027577318221745, 26.999809298018249 ], [ 86.027734860843452, 26.999758491945954 ], [ 86.027978955363608, 26.999681190596391 ], [ 86.02807075847295, 26.999575764376516 ], [ 86.028024458063669, 26.999295665022032 ], [ 86.027815992456226, 26.998962566119758 ], [ 86.027810119805622, 26.998912881516901 ], [ 86.027825618027407, 26.99887013707405 ], [ 86.027952480771091, 26.998649909077983 ], [ 86.028061155385103, 26.998537795410925 ], [ 86.028491291520254, 26.998312885482392 ], [ 86.028590781236801, 26.998198523480482 ], [ 86.028534044057153, 26.997918360273275 ], [ 86.028246782407166, 26.997379340878638 ], [ 86.028286911586918, 26.996926132331225 ], [ 86.028637437782265, 26.996468242750723 ], [ 86.029018827319817, 26.996276891468142 ], [ 86.029350285836983, 26.996245275383444 ], [ 86.029482269388154, 26.996167221291444 ], [ 86.029808188008246, 26.995057141032476 ], [ 86.030320505278837, 26.994611690139664 ], [ 86.030418686464486, 26.994280657906756 ], [ 86.03042556726848, 26.993924191610688 ], [ 86.030665484382496, 26.993442987697108 ], [ 86.030988762558138, 26.993048092861727 ], [ 86.031073631802769, 26.992764370090811 ], [ 86.03100927276796, 26.992411962488859 ], [ 86.030680516749328, 26.99190881482707 ], [ 86.030068853655564, 26.991570708433414 ], [ 86.02950699567549, 26.991343408075238 ], [ 86.029393266804675, 26.991130551020149 ], [ 86.029355779868069, 26.990717399705829 ], [ 86.029508199883651, 26.990540230020201 ], [ 86.02967586720689, 26.990444366418103 ], [ 86.029882721207912, 26.990156959076046 ], [ 86.029864357708163, 26.989795803652839 ], [ 86.029952548193023, 26.989058621420327 ], [ 86.030178146112064, 26.988927012891452 ], [ 86.030611965019659, 26.988851089321543 ], [ 86.0307004585801, 26.988698229531622 ], [ 86.02989146902911, 26.987370460995635 ], [ 86.02986691721253, 26.986966433424129 ], [ 86.030078094311818, 26.986200818749126 ], [ 86.030081598116851, 26.986011273329154 ], [ 86.029945493817593, 26.985841098662888 ], [ 86.029798763887868, 26.985806224291309 ], [ 86.029526671303472, 26.986002890637451 ], [ 86.029121846022747, 26.986146807450666 ], [ 86.028843319603311, 26.986244168443761 ], [ 86.028666963814885, 26.986434710325739 ], [ 86.02844935647795, 26.986954409329371 ], [ 86.028199949592192, 26.987074519873829 ], [ 86.027601842158958, 26.987032076707806 ], [ 86.026850508007556, 26.986839580573132 ], [ 86.0261319851557, 26.98652097173931 ], [ 86.02557800444157, 26.986142621051158 ], [ 86.02552764443891, 26.985817399414884 ], [ 86.025640325585698, 26.985380440932488 ], [ 86.025597335624639, 26.98521320528954 ], [ 86.025158402204909, 26.984776925804226 ], [ 86.025039860998163, 26.984552693973512 ], [ 86.02482596970907, 26.983727701674354 ], [ 86.024685491049524, 26.983516905892714 ], [ 86.024054465296103, 26.982876263561423 ], [ 86.023704085692145, 26.982368428571135 ], [ 86.023630415853063, 26.982006899025009 ], [ 86.023731161039734, 26.981563126289302 ], [ 86.023619374730288, 26.981131413621767 ], [ 86.023353043279087, 26.9806940747211 ], [ 86.023286932341762, 26.980440908619471 ], [ 86.023492976042917, 26.980015887895775 ], [ 86.023896245475896, 26.979583247115613 ], [ 86.024088039230776, 26.979205472001183 ], [ 86.024134423278099, 26.97853347079473 ], [ 86.023955342507804, 26.97765223415098 ], [ 86.023934559799784, 26.976379534530167 ], [ 86.024001439667586, 26.975779841571182 ], [ 86.024680436792778, 26.974647331024414 ], [ 86.024808178185708, 26.974217246151341 ], [ 86.024781375336318, 26.973926022935302 ], [ 86.024591468384074, 26.973678790639042 ], [ 86.024183342547758, 26.973301442708191 ], [ 86.023557186687583, 26.972859346331006 ], [ 86.023264104548332, 26.972654234339814 ], [ 86.023219049716602, 26.972588492129432 ], [ 86.023171620643211, 26.972466376969635 ], [ 86.023156377832265, 26.972260894452859 ], [ 86.023227373052237, 26.972022230111008 ], [ 86.02332511176553, 26.971928176868175 ], [ 86.024370682800964, 26.970920037010728 ], [ 86.024544600495062, 26.970754305953449 ], [ 86.024635405343702, 26.970522514321601 ], [ 86.024572790117418, 26.970440957323888 ], [ 86.024405693871245, 26.970223099972088 ], [ 86.024047121335116, 26.969972428622782 ], [ 86.023608627689669, 26.969427908002444 ], [ 86.023548951486703, 26.969265046719784 ], [ 86.023392732684556, 26.968839769685928 ], [ 86.023397857089321, 26.968751778853175 ], [ 86.023447978768502, 26.968639351318586 ], [ 86.023596215082648, 26.968383126582239 ], [ 86.023625774390609, 26.968351756015693 ], [ 86.024221146049968, 26.967712885372293 ], [ 86.024389818828524, 26.967420665694249 ], [ 86.024609009892572, 26.965914992716819 ], [ 86.024517972116428, 26.965264548544894 ], [ 86.024614161277384, 26.964655980958639 ], [ 86.024936435796349, 26.96443938087566 ], [ 86.025635408027711, 26.964270407719596 ], [ 86.02584138248011, 26.964181607486296 ], [ 86.02645748918286, 26.96413174661393 ], [ 86.026826693644807, 26.964019200367261 ], [ 86.027389188353368, 26.963727550866963 ], [ 86.027441120391757, 26.963610561910627 ], [ 86.027420563416513, 26.963511132449526 ], [ 86.027386259222681, 26.963294276955708 ], [ 86.027465317870735, 26.963028613709639 ], [ 86.028072632684882, 26.96209864575701 ], [ 86.028554209822062, 26.961359659460641 ], [ 86.029532342503273, 26.96074816993837 ], [ 86.030552853598408, 26.95973983942207 ], [ 86.031472054725157, 26.959317456444865 ], [ 86.031888881617306, 26.958979619851391 ], [ 86.032290709418021, 26.958650719039952 ], [ 86.032310707007525, 26.958635031958011 ], [ 86.03251781372137, 26.958266444439118 ], [ 86.032538063124377, 26.958099584717786 ], [ 86.032484964649825, 26.957248598070407 ], [ 86.032283938332739, 26.95675313971384 ], [ 86.032172581005568, 26.956639584414518 ], [ 86.031990359761153, 26.956453285590044 ], [ 86.031701774291605, 26.956374539010824 ], [ 86.031180773052483, 26.956722997637485 ], [ 86.031113595505076, 26.956740495078634 ], [ 86.031046916188757, 26.956733306702461 ], [ 86.030599606372675, 26.956524942719739 ], [ 86.030439441293197, 26.956374890650409 ], [ 86.030305343407974, 26.956003985547966 ], [ 86.030348846888671, 26.955591336061957 ], [ 86.030546453038767, 26.955195624631415 ], [ 86.030718620629045, 26.955045640911464 ], [ 86.03099664881745, 26.954957278653751 ], [ 86.031717930825891, 26.95486292593273 ], [ 86.032108441408241, 26.954901742084928 ], [ 86.032286981678794, 26.954778879578612 ], [ 86.032336476522232, 26.954693450948298 ], [ 86.03211714336345, 26.954105250577754 ], [ 86.032095156447269, 26.953658414710674 ], [ 86.032376144343687, 26.952484774924756 ], [ 86.03302420438132, 26.951482940297581 ], [ 86.033673881421407, 26.950882693348888 ], [ 86.033967609282399, 26.950133265785439 ], [ 86.033957933348518, 26.949677494136324 ], [ 86.033649232476762, 26.949303084329529 ], [ 86.032485032099885, 26.948311405880474 ], [ 86.032194264846225, 26.94806342174104 ], [ 86.030944949706566, 26.947165793836859 ], [ 86.030252674815074, 26.946793377853396 ], [ 86.029716750028456, 26.946570825978426 ], [ 86.028998848616368, 26.946430513695645 ], [ 86.027977177380421, 26.946150458408567 ], [ 86.025609070133896, 26.945416609107667 ], [ 86.025110765385421, 26.945214618704597 ], [ 86.024276762659554, 26.944707836834368 ], [ 86.023471133020166, 26.944009635332179 ], [ 86.022675454510818, 26.94271355212959 ], [ 86.022228402803592, 26.942114784585272 ], [ 86.02162393438141, 26.941492392437624 ], [ 86.020988652080405, 26.941047984772183 ], [ 86.019238650755995, 26.94032058189697 ], [ 86.018851270755022, 26.940062911930966 ], [ 86.016986555789117, 26.938276477689271 ], [ 86.016329347726639, 26.937493474392511 ], [ 86.016127570465756, 26.937065635156273 ], [ 86.01566814122549, 26.936633729131927 ], [ 86.015224213804345, 26.936010151662174 ], [ 86.014955567467609, 26.935712736531968 ], [ 86.014474838402293, 26.934865554067187 ], [ 86.01369540276329, 26.933743143040601 ], [ 86.013322407608769, 26.932856089504867 ], [ 86.013113944699285, 26.932518430080222 ], [ 86.012884228730172, 26.932293445506957 ], [ 86.012354431105734, 26.931960342107971 ], [ 86.011474127071267, 26.931187021939763 ], [ 86.010977079591612, 26.930630749722809 ], [ 86.009742890349514, 26.92966994181063 ], [ 86.008358653534742, 26.928852427473203 ], [ 86.007664252617815, 26.928592626985107 ], [ 86.007463031145278, 26.928435575399703 ], [ 86.007187199130328, 26.928092851825625 ], [ 86.007051600256773, 26.92776925258778 ], [ 86.007056038469727, 26.927730943659867 ], [ 86.007193358668474, 26.926531555043937 ], [ 86.007569255074316, 26.926073914578922 ], [ 86.008061822072307, 26.925768263348516 ], [ 86.009779536408928, 26.925507318008272 ], [ 86.010602434159296, 26.92524904189122 ], [ 86.011088439616799, 26.924932078838481 ], [ 86.011281546399232, 26.924545367042697 ], [ 86.011427168349542, 26.923835621690046 ], [ 86.011438053887559, 26.92330548231871 ], [ 86.010561334598208, 26.921406263506867 ], [ 86.010414991382049, 26.920834436410018 ], [ 86.010386385368065, 26.920146061030493 ], [ 86.010551122661298, 26.919698166647379 ], [ 86.01060330651319, 26.919556430719012 ], [ 86.01064743233303, 26.919261144312259 ], [ 86.010636508123639, 26.918742129701741 ], [ 86.010538841357004, 26.918362349971972 ], [ 86.010496297465636, 26.917782213029511 ], [ 86.010501756422627, 26.916988034609233 ], [ 86.010501813979999, 26.916980129463866 ], [ 86.010576052198132, 26.916736361401945 ], [ 86.012659323298294, 26.917275386192614 ], [ 86.013508147946823, 26.917519858433025 ], [ 86.014453754417389, 26.917882111043639 ], [ 86.015826789128596, 26.918042759065486 ], [ 86.016560035875784, 26.918091514656396 ], [ 86.01761493660149, 26.917909433708132 ], [ 86.018320590884002, 26.917570375819139 ], [ 86.019197302079363, 26.917126961917688 ], [ 86.019695078918858, 26.916783371385691 ], [ 86.020767953732729, 26.916101694245356 ], [ 86.023346058152356, 26.914687800095237 ], [ 86.023374270258103, 26.914672328853442 ], [ 86.053137054322178, 26.91193590208951 ], [ 86.053357155512117, 26.911870892836305 ], [ 86.056162144797668, 26.911042405725482 ], [ 86.078392206701551, 26.907619345591911 ], [ 86.07856331307778, 26.907584874121937 ], [ 86.093982423168256, 26.904478384931508 ], [ 86.094165340497113, 26.905633886950454 ], [ 86.094232887670728, 26.905884739965188 ], [ 86.094810540652816, 26.906906096434227 ], [ 86.094819069935909, 26.908320844052298 ], [ 86.095189131463144, 26.909018162408529 ], [ 86.095634188447718, 26.909467879741555 ], [ 86.095627366999793, 26.909810723826411 ], [ 86.094695400727062, 26.911160773360734 ], [ 86.094644713366847, 26.911406436319339 ], [ 86.094809182658594, 26.911804655992228 ], [ 86.095594878561144, 26.912427862936397 ], [ 86.096005502747118, 26.912852455577138 ], [ 86.09613091666381, 26.913132994705904 ], [ 86.096141475743593, 26.913241360848417 ], [ 86.096120536551496, 26.913381159611504 ], [ 86.095984548266301, 26.913702941295469 ], [ 86.095580468533456, 26.914083900951425 ], [ 86.095426110453218, 26.914297315593501 ], [ 86.095297244892834, 26.914632657434652 ], [ 86.095289675199069, 26.914991375662908 ], [ 86.095414835503561, 26.915477208448294 ], [ 86.095369142144705, 26.916032033636952 ], [ 86.095290084396026, 26.916313568328405 ], [ 86.095282452648178, 26.916690347880206 ], [ 86.095327317720489, 26.916864395078392 ], [ 86.095404929340248, 26.916988948332516 ], [ 86.095929966790095, 26.917833942717778 ], [ 86.095956336160611, 26.917877001927536 ], [ 86.096338455057946, 26.918687186693319 ], [ 86.096400007271541, 26.918816238415786 ], [ 86.096445357084804, 26.919682971501118 ], [ 86.09678473423736, 26.920445535635395 ], [ 86.096707299786374, 26.9207653810534 ], [ 86.096519195998667, 26.920955984989462 ], [ 86.095817527564179, 26.921438867060203 ], [ 86.095650542835415, 26.921819141423668 ], [ 86.095613227671549, 26.922197981349484 ], [ 86.095794569367342, 26.922537578838842 ], [ 86.09621469231837, 26.922964423411713 ], [ 86.09651651778222, 26.92346725900461 ], [ 86.096548438741081, 26.92400227366528 ], [ 86.096447569446298, 26.924340052701382 ], [ 86.096138352356832, 26.92473070088181 ], [ 86.09602454344531, 26.925226341803182 ], [ 86.095479104604976, 26.925757595449284 ], [ 86.095388041647482, 26.926332355274099 ], [ 86.094829352020895, 26.92690198170078 ], [ 86.094666866659793, 26.927316066523701 ], [ 86.09466454278089, 26.927844018714893 ], [ 86.094586297130718, 26.928105243748007 ], [ 86.09411397234112, 26.928623439065234 ], [ 86.093974860669164, 26.928940658428132 ], [ 86.093937046374947, 26.929179510730762 ], [ 86.094031834373652, 26.929802955998468 ], [ 86.093951962727715, 26.930111552547487 ], [ 86.093334200351194, 26.931535851092008 ], [ 86.093274326294761, 26.931914565111072 ], [ 86.093120966475226, 26.932114356642671 ], [ 86.09280944169484, 26.932315458503808 ], [ 86.09238749669322, 26.932346574558835 ], [ 86.091029858579077, 26.932642460821285 ], [ 86.090151836154803, 26.933241454098436 ], [ 86.089757260583042, 26.933358499712824 ], [ 86.089497356671529, 26.933435800163011 ], [ 86.089034792353175, 26.933471164671573 ], [ 86.08836019566894, 26.933428468792727 ], [ 86.087916373469909, 26.933637691639376 ], [ 86.087315007749794, 26.934030958680296 ], [ 86.087011354839376, 26.93431099058472 ], [ 86.086692640783497, 26.934604520592245 ], [ 86.086253507711604, 26.934793496733903 ], [ 86.085524214436475, 26.935402490604474 ], [ 86.084569204530226, 26.935980672394919 ], [ 86.084219431077372, 26.936312323369521 ], [ 86.083888152426994, 26.936770463864264 ], [ 86.083692479844842, 26.937303974838528 ], [ 86.083624914684549, 26.937876609537227 ], [ 86.083751078645719, 26.938152711352359 ], [ 86.084005352726763, 26.938350698820045 ], [ 86.084347053758222, 26.938510815335519 ], [ 86.084954784064621, 26.938580194452356 ], [ 86.085313913288473, 26.939040597671294 ], [ 86.085731792401305, 26.939232837495751 ], [ 86.085915446284673, 26.939631116524708 ], [ 86.086044176045618, 26.939756044801072 ], [ 86.086078546790134, 26.939821727655442 ], [ 86.086097729583116, 26.939866974045344 ], [ 86.08607666448421, 26.940094703385796 ], [ 86.085684891236951, 26.940683330040599 ], [ 86.085522846549566, 26.940869560515694 ], [ 86.085313059820521, 26.940976485025885 ], [ 86.085111147659518, 26.941076722988271 ], [ 86.084099590333096, 26.941212316465851 ], [ 86.083384867167126, 26.941451345937253 ], [ 86.081842885380468, 26.941371388854577 ], [ 86.081588170625821, 26.941349448703761 ], [ 86.081274587270059, 26.941372191060452 ], [ 86.080876074414277, 26.94150048554377 ], [ 86.080138105264552, 26.941737076021525 ], [ 86.079267953810984, 26.942514365849775 ], [ 86.078582350178635, 26.942767080485737 ], [ 86.078255955810903, 26.942810070446797 ], [ 86.078036048877038, 26.942806379580304 ], [ 86.077325340337779, 26.942278228636326 ], [ 86.076752316227498, 26.941117072504824 ], [ 86.076503417465403, 26.940919086835834 ], [ 86.07623763910459, 26.940942206013403 ], [ 86.075950547428704, 26.941150181483863 ], [ 86.075639142259774, 26.941554264814101 ], [ 86.075304422757711, 26.942235697335605 ], [ 86.075360655411032, 26.94267159640259 ], [ 86.075934251497699, 26.943377042039685 ], [ 86.076698058511511, 26.944760617843997 ], [ 86.076746359039475, 26.944973100776167 ], [ 86.076668049536579, 26.945353877867262 ], [ 86.076380268071603, 26.945615974354951 ], [ 86.07603456230612, 26.945737831405893 ], [ 86.075633928820935, 26.94570132744127 ], [ 86.075368843846547, 26.945446908567419 ], [ 86.074776131517638, 26.944502108799441 ], [ 86.074614092226227, 26.944352119683458 ], [ 86.073912130608846, 26.944058758750714 ], [ 86.073490872698358, 26.944114621777771 ], [ 86.073088234597833, 26.944324095538548 ], [ 86.072861383007307, 26.944548196066535 ], [ 86.072611092076272, 26.945099392442785 ], [ 86.072493282028063, 26.945732645846419 ], [ 86.072622433576612, 26.946561572731525 ], [ 86.072533551503909, 26.947461239425706 ], [ 86.072242015319716, 26.948016623100784 ], [ 86.07167083034733, 26.948513755117801 ], [ 86.071250818014335, 26.948756975485367 ], [ 86.071008659760139, 26.94885628173779 ], [ 86.072034220615365, 26.950314264835015 ], [ 86.072769483669219, 26.949732299546667 ], [ 86.07344646988372, 26.949662917731814 ], [ 86.07439378688747, 26.950647382623288 ], [ 86.073068450150458, 26.952683823606492 ], [ 86.072099567118812, 26.953295688151059 ], [ 86.072102677015607, 26.953743654480888 ], [ 86.073289048672109, 26.955453720881678 ], [ 86.073228665592637, 26.95683875630499 ], [ 86.072720760454331, 26.958153998018531 ], [ 86.072101726419646, 26.95898405266837 ], [ 86.071376612349297, 26.959411166142161 ], [ 86.070606723140031, 26.95956147362233 ], [ 86.069795200165345, 26.958890780047398 ], [ 86.069185034462635, 26.95780110927285 ], [ 86.068378784282856, 26.957556314171541 ], [ 86.067672672239382, 26.957712167844136 ], [ 86.066828299293832, 26.958353559320585 ], [ 86.066141747763538, 26.959231560160845 ], [ 86.065616562822868, 26.961063328927196 ], [ 86.065209318333871, 26.961514557141243 ], [ 86.064563677504509, 26.961387554101464 ], [ 86.063364585668808, 26.960940098593312 ], [ 86.062754811176319, 26.961256198285412 ], [ 86.062168473326381, 26.961808972093365 ], [ 86.061722318255079, 26.962964469615656 ], [ 86.060716525659245, 26.965403975883078 ], [ 86.060041774289573, 26.967599303092925 ], [ 86.06047297523611, 26.968968440090805 ], [ 86.061886966514294, 26.969778088853559 ], [ 86.062466158256768, 26.971019741668044 ], [ 86.062110129036967, 26.97224775878135 ], [ 86.060745382587356, 26.972738711474847 ], [ 86.060285035127151, 26.972859855353988 ], [ 86.05909158121591, 26.973008421723648 ], [ 86.058222624077757, 26.973607700089701 ], [ 86.059494063731677, 26.975643520532458 ], [ 86.059858106016861, 26.97695477999531 ], [ 86.059101261646447, 26.977833576746093 ], [ 86.057974350352765, 26.978728700904583 ], [ 86.057544015464828, 26.979640123692036 ], [ 86.057607012008702, 26.982281468375049 ], [ 86.058754509056257, 26.984467366068543 ], [ 86.05871213513899, 26.985016315908581 ], [ 86.057927199173605, 26.985993003360136 ], [ 86.058060855485849, 26.987911031741362 ], [ 86.05896446036337, 26.989643978096979 ], [ 86.059363504725525, 26.991102051127598 ], [ 86.058703917025468, 26.992118704080156 ], [ 86.057729078604495, 26.992391454976996 ], [ 86.056611540169115, 26.992209389317395 ], [ 86.055637733284186, 26.992366775454968 ], [ 86.054853423255224, 26.993217123575221 ], [ 86.053100111482536, 26.994042480104611 ], [ 86.051780871330322, 26.994166009017363 ], [ 86.050902123143601, 26.995152585544929 ], [ 86.051145468518598, 26.996271347973732 ], [ 86.05393254666933, 26.999075568328749 ], [ 86.052830913854109, 26.999954175320056 ], [ 86.049366352157165, 26.999376887467577 ], [ 86.048241562392263, 26.999415681136441 ], [ 86.047615504559474, 26.999813811775311 ], [ 86.047265319211647, 27.001529076326278 ], [ 86.045407805212619, 27.003919415107816 ], [ 86.044325474801724, 27.003299044662867 ], [ 86.043874483112518, 27.00353437067713 ], [ 86.043655443136572, 27.003787253488554 ], [ 86.043227468100895, 27.00385023114643 ], [ 86.042638966453467, 27.003715131403169 ], [ 86.041579857744296, 27.003592807597897 ], [ 86.041167515830466, 27.003377269628345 ], [ 86.04081117184387, 27.003320531549377 ], [ 86.040336631095386, 27.003329641802168 ], [ 86.039700951288808, 27.003530023296832 ], [ 86.03904664627629, 27.003288803047951 ], [ 86.038775851430728, 27.003430046141318 ], [ 86.038749273414794, 27.003811260308737 ], [ 86.039007538739838, 27.00416205900234 ], [ 86.039319079708264, 27.00416074507541 ], [ 86.039281505536223, 27.004477769282857 ], [ 86.038383564663832, 27.00499734957441 ], [ 86.037359840248484, 27.005020264603218 ], [ 86.037101443620656, 27.005842058870826 ], [ 86.036784011115628, 27.005926922719482 ], [ 86.036567432616721, 27.006141163849463 ], [ 86.03687524584592, 27.006511711017026 ], [ 86.036992426360371, 27.006999379343029 ], [ 86.036753824072605, 27.007009554407205 ], [ 86.036245457575944, 27.006938236326391 ], [ 86.035924135451637, 27.007110370641328 ], [ 86.035798828555698, 27.007425713094278 ], [ 86.035873928335718, 27.008173997604217 ], [ 86.035978884203928, 27.00860425784748 ], [ 86.035510539866323, 27.00930591638928 ], [ 86.035354247318821, 27.010073651693745 ], [ 86.035718655632877, 27.010421020327669 ], [ 86.035750163797502, 27.010603483492844 ], [ 86.035570947227825, 27.010680186785351 ], [ 86.035257549134826, 27.011288539430836 ], [ 86.034494813227752, 27.011263914768165 ], [ 86.033935436510035, 27.013734341935105 ], [ 86.034188676357019, 27.014570996796806 ], [ 86.03480061464694, 27.01518069394649 ], [ 86.034241042773715, 27.016040672134579 ], [ 86.033151871129519, 27.016095101623364 ], [ 86.033139734618032, 27.017400465952164 ], [ 86.032217862469452, 27.018094326369408 ], [ 86.0315664542116, 27.018295968730229 ], [ 86.030985052805647, 27.018989249077094 ], [ 86.031281646843922, 27.01934702480338 ], [ 86.030847603102814, 27.020656348899536 ] ] ] } },
{ "type": "Feature", "properties": { "Physiography": "Chure Hillslopes", "subdivision": "Kamala", "Area_sqkm": 141.061 }, "geometry": { "type": "MultiPolygon", "coordinates": [ [ [ [ 86.255360249083708, 26.932266067983107 ], [ 86.255293406088583, 26.932431542730171 ], [ 86.255119112472869, 26.932561527061978 ], [ 86.254176170728783, 26.932786678911327 ], [ 86.253658983564833, 26.933005086655498 ], [ 86.252879014620817, 26.933463532024405 ], [ 86.252487309722937, 26.933741249043294 ], [ 86.252049860204181, 26.934131518604204 ], [ 86.251566475405752, 26.934618591571109 ], [ 86.251059093679828, 26.935200280763922 ], [ 86.250749062693103, 26.935595740380961 ], [ 86.250552960229356, 26.93574366102888 ], [ 86.250144949507842, 26.935867892321426 ], [ 86.249761186628007, 26.935895196099864 ], [ 86.249053839798989, 26.93606966688435 ], [ 86.247697257502921, 26.936590409115354 ], [ 86.247544400411016, 26.936720394346423 ], [ 86.247520647202975, 26.936982057355124 ], [ 86.247430094167839, 26.937060550322144 ], [ 86.246322796448055, 26.937490117178925 ], [ 86.245991710255169, 26.937666656431475 ], [ 86.244911221680184, 26.937981234450547 ], [ 86.244401783177466, 26.938301196781936 ], [ 86.244006638327278, 26.938709715627169 ], [ 86.243519438554301, 26.939329900809298 ], [ 86.243489941300368, 26.939368085629098 ], [ 86.242954256635983, 26.939663049174953 ], [ 86.24156593774444, 26.939786450382257 ], [ 86.24128559826778, 26.939873000482066 ], [ 86.24107493199017, 26.940174218895493 ], [ 86.240727098400612, 26.940370884342258 ], [ 86.24039257045672, 26.940800026713418 ], [ 86.240217774113376, 26.941144367289951 ], [ 86.240100405638088, 26.941563390355554 ], [ 86.239903609787859, 26.941952665253098 ], [ 86.239658011581355, 26.942262756495211 ], [ 86.239128762550592, 26.942523911380192 ], [ 86.238069386739198, 26.943289885788829 ], [ 86.237426519455767, 26.943979125428257 ], [ 86.23704668936324, 26.944254594112294 ], [ 86.236052346187762, 26.945921176817706 ], [ 86.235364798195462, 26.946605665275968 ], [ 86.235256245890866, 26.946742712976516 ], [ 86.235203563807943, 26.946848453963241 ], [ 86.235158066503857, 26.947019687145541 ], [ 86.2350352210849, 26.949228048402176 ], [ 86.234856860681134, 26.949633196543743 ], [ 86.234498771986637, 26.950132207269405 ], [ 86.23446671253032, 26.950177139791776 ], [ 86.234062011357707, 26.950450233334834 ], [ 86.233702431567565, 26.95056109243103 ], [ 86.233194997680243, 26.950578644731536 ], [ 86.232461597146937, 26.950500200328577 ], [ 86.22940246238511, 26.949483925995651 ], [ 86.228591388178074, 26.94921549909634 ], [ 86.228121951149717, 26.949145247625609 ], [ 86.228039275380581, 26.949133496028992 ], [ 86.227662449962793, 26.949151738118644 ], [ 86.227143141270062, 26.949284278357482 ], [ 86.226516968322585, 26.949549369627164 ], [ 86.225457656363858, 26.950186605281488 ], [ 86.225106571682147, 26.950487072751059 ], [ 86.224923903468778, 26.950738796321048 ], [ 86.224809788783716, 26.950943464041245 ], [ 86.224767163052945, 26.951238811602707 ], [ 86.224747282376825, 26.951617777435274 ], [ 86.224701778777444, 26.952055299800065 ], [ 86.224587288170767, 26.952325399460449 ], [ 86.2244216812216, 26.952516316364722 ], [ 86.224104469952749, 26.952649924112961 ], [ 86.223980548930399, 26.952683105938036 ], [ 86.223887185476656, 26.952669105107248 ], [ 86.223421064292552, 26.952528859375207 ], [ 86.222966374542182, 26.952519539577565 ], [ 86.222836138396929, 26.952688084650731 ], [ 86.222619773939471, 26.953494633409377 ], [ 86.222245432481998, 26.954196564449376 ], [ 86.221567319402084, 26.954865241717641 ], [ 86.220977330256346, 26.95511470885873 ], [ 86.220561761532338, 26.955132700034255 ], [ 86.220377662478711, 26.955043704645448 ], [ 86.219301884614879, 26.954216447823512 ], [ 86.219151281253858, 26.954145638765681 ], [ 86.219088914243741, 26.9541137025181 ], [ 86.218876505956302, 26.954110262565791 ], [ 86.218677653329337, 26.954280680951513 ], [ 86.218652779551235, 26.954370797809702 ], [ 86.218532410897922, 26.95480788040021 ], [ 86.218554777333054, 26.955076481770277 ], [ 86.218753116440325, 26.955526570528207 ], [ 86.218892137279511, 26.956538231278046 ], [ 86.21885326356994, 26.956788458356357 ], [ 86.2188095757258, 26.957043246856415 ], [ 86.218642093665324, 26.957288221824513 ], [ 86.218338310351555, 26.957753612749457 ], [ 86.217764874346301, 26.958298740420275 ], [ 86.217450220783121, 26.958655765202707 ], [ 86.217100258470168, 26.959053161085706 ], [ 86.216511504109917, 26.959943445928275 ], [ 86.216157854527751, 26.960331841277196 ], [ 86.215879014240784, 26.960420515603744 ], [ 86.215166921626576, 26.960436878085488 ], [ 86.214921514078867, 26.960512240471019 ], [ 86.214774595288986, 26.960637728133122 ], [ 86.21454343319084, 26.960837267851161 ], [ 86.214335573734502, 26.961359592010581 ], [ 86.214226633816907, 26.962182578795023 ], [ 86.213574016854238, 26.962880692162457 ], [ 86.211787285832315, 26.964253849183081 ], [ 86.21142795605698, 26.964378207281698 ], [ 86.211339466993252, 26.964429575437748 ], [ 86.211241978294709, 26.964503503385629 ], [ 86.210080421060354, 26.965546202847804 ], [ 86.209242959496123, 26.966074015642221 ], [ 86.208286139230665, 26.966481586589452 ], [ 86.208043292086643, 26.966581760699114 ], [ 86.2077666380805, 26.966758427657055 ], [ 86.207219707245144, 26.966960713041658 ], [ 86.206194213839979, 26.967137678578524 ], [ 86.205858755085444, 26.967259911551025 ], [ 86.205111475131503, 26.967535498947143 ], [ 86.20424963981884, 26.968033813588306 ], [ 86.203307120761679, 26.968888156549951 ], [ 86.202904857683336, 26.969059635250403 ], [ 86.202215940005487, 26.969540828372033 ], [ 86.202043957677972, 26.969736182589941 ], [ 86.201390790322932, 26.969867847776868 ], [ 86.200723505223607, 26.969852774940023 ], [ 86.200063712475412, 26.970045370900721 ], [ 86.199722070800021, 26.970056927341886 ], [ 86.199078716077565, 26.970186403549974 ], [ 86.1984866620611, 26.970532800003866 ], [ 86.197957658548546, 26.971087115270223 ], [ 86.19693452679428, 26.971807845986916 ], [ 86.196525509718072, 26.972274733403538 ], [ 86.196053128270421, 26.972567697730028 ], [ 86.195695169080011, 26.972874789693435 ], [ 86.194192150936374, 26.974197455408614 ], [ 86.193599720998293, 26.974550539309746 ], [ 86.192836380738811, 26.974817002063673 ], [ 86.192439177313247, 26.975029038026832 ], [ 86.192313314628905, 26.975242704482469 ], [ 86.192268690578089, 26.975452246592624 ], [ 86.192234437646334, 26.975840150005922 ], [ 86.192282355058012, 26.976402286779546 ], [ 86.192224035949948, 26.977117220389687 ], [ 86.192034983364977, 26.97780434299699 ], [ 86.191816565728118, 26.978234051049185 ], [ 86.191667456160758, 26.978350476123126 ], [ 86.191397426648393, 26.978563325983544 ], [ 86.191144708415095, 26.978643066326754 ], [ 86.189328279587812, 26.977811357801727 ], [ 86.188394159410336, 26.977519430407256 ], [ 86.187387674327283, 26.977315056769271 ], [ 86.187139077741449, 26.977435477583924 ], [ 86.186870480868038, 26.977743008422237 ], [ 86.186780236304458, 26.978080977217815 ], [ 86.18689096409787, 26.978442632670692 ], [ 86.187830375956253, 26.979580735275931 ], [ 86.188009465719858, 26.98015037429326 ], [ 86.187957959066409, 26.980707385762742 ], [ 86.187560604552743, 26.982250676979618 ], [ 86.187454176474887, 26.982430596828465 ], [ 86.187238515296599, 26.982521833357396 ], [ 86.18673239713479, 26.982509888403968 ], [ 86.186351136202006, 26.982419702297079 ], [ 86.185723847181066, 26.982273955339338 ], [ 86.185208664632512, 26.982295819046783 ], [ 86.184430139119399, 26.982510160902166 ], [ 86.183708220382584, 26.983128717390571 ], [ 86.182180346447467, 26.983837377247085 ], [ 86.181657095074797, 26.984147964921533 ], [ 86.180891940858771, 26.984427862825214 ], [ 86.179949938019263, 26.984526151031559 ], [ 86.179421446227707, 26.984514081070756 ], [ 86.178790844060529, 26.984429138980033 ], [ 86.178758160466487, 26.984424451651535 ], [ 86.1782875938747, 26.984622550636686 ], [ 86.1781868558827, 26.984709915533017 ], [ 86.177333321422282, 26.985672939403969 ], [ 86.17626494327817, 26.986652707074313 ], [ 86.175778756155182, 26.986751376598249 ], [ 86.175239577578395, 26.986739243684042 ], [ 86.174129034162434, 26.986888397318808 ], [ 86.173188525116643, 26.98729128273618 ], [ 86.173053728448963, 26.987342400877367 ], [ 86.172040846403604, 26.988083317144401 ], [ 86.170793121286351, 26.988782231818334 ], [ 86.169988971950659, 26.989091126946278 ], [ 86.169649516556092, 26.989145490783642 ], [ 86.169160330154398, 26.989126858383088 ], [ 86.168408494174685, 26.989095348419823 ], [ 86.167067741055291, 26.988789540705284 ], [ 86.166645228573998, 26.989046573043538 ], [ 86.166312765500777, 26.989387535721789 ], [ 86.164973606001126, 26.990480726489352 ], [ 86.164264691633093, 26.990934548382484 ], [ 86.164197198419515, 26.990990541812948 ], [ 86.163425848691929, 26.991629032937453 ], [ 86.162963155768807, 26.991874502539247 ], [ 86.162497214451491, 26.991993546473623 ], [ 86.160858800683741, 26.992292928447114 ], [ 86.159520910144295, 26.992528633980271 ], [ 86.158749696216148, 26.992718102956928 ], [ 86.157864493509692, 26.993039996158302 ], [ 86.156644645046583, 26.993486183605569 ], [ 86.155436741536903, 26.993557968440712 ], [ 86.154391063480773, 26.993768307360767 ], [ 86.153788264222385, 26.993965464743269 ], [ 86.152239328785697, 26.994666937122929 ], [ 86.150128204414045, 26.99601927905951 ], [ 86.148581644118337, 26.996738749809367 ], [ 86.148498216506027, 26.99677661986226 ], [ 86.147264619924954, 26.99727680331938 ], [ 86.146048087306099, 26.997565006572017 ], [ 86.145272813784572, 26.997616737159603 ], [ 86.144640019041219, 26.997779836765744 ], [ 86.143590085336882, 26.998303709578181 ], [ 86.142691317077265, 26.998826208208357 ], [ 86.142482465655576, 26.999005439167377 ], [ 86.142101574349056, 26.999165606045551 ], [ 86.140606335443977, 26.999201575805841 ], [ 86.140255568227076, 26.999287499069851 ], [ 86.139028896517402, 27.000317884851711 ], [ 86.138976400596619, 27.000401126301881 ], [ 86.138722995272133, 27.000476240471301 ], [ 86.138276422010563, 27.000766830556188 ], [ 86.138021826867316, 27.000999930718933 ], [ 86.137766732593718, 27.001172097409892 ], [ 86.136554066211488, 27.001850578317374 ], [ 86.135468448735026, 27.002338077568595 ], [ 86.134978634598269, 27.002531364217759 ], [ 86.134340024761684, 27.002823014617377 ], [ 86.133637921948889, 27.003229340886435 ], [ 86.133254470238626, 27.003384944544223 ], [ 86.131592304162155, 27.003873371008694 ], [ 86.13088982812576, 27.00420520364878 ], [ 86.129932692194075, 27.004765637083892 ], [ 86.12942175540104, 27.004999418941793 ], [ 86.128335639693603, 27.005428173700011 ], [ 86.127633100703861, 27.005757695051841 ], [ 86.127058357067028, 27.006085843120786 ], [ 86.126357251615616, 27.006609407461667 ], [ 86.125975107536874, 27.006918498644382 ], [ 86.125655772041227, 27.007054168565332 ], [ 86.125144834348873, 27.007324010116918 ], [ 86.124633835501754, 27.007519420093558 ], [ 86.123994228303843, 27.007695955748773 ], [ 86.123801941714021, 27.007676641653063 ], [ 86.123545975086472, 27.007717946262289 ], [ 86.12297042294847, 27.007874546382027 ], [ 86.122953238475532, 27.007892482698139 ], [ 86.122576721529299, 27.008045837121699 ], [ 86.121981607978739, 27.008288054731906 ], [ 86.121726202535569, 27.008342920397638 ], [ 86.12129944250006, 27.008511710089635 ], [ 86.121129089765702, 27.008549016260133 ], [ 86.12010552992848, 27.00894196403749 ], [ 86.119699767541817, 27.009167311042347 ], [ 86.119550095890759, 27.009299546406965 ], [ 86.119464919073891, 27.009317042948794 ], [ 86.119036718305381, 27.009677627294991 ], [ 86.118460226363425, 27.009996651621066 ], [ 86.117607519290232, 27.010275611519432 ], [ 86.117352115645758, 27.010330414231817 ], [ 86.11683986582517, 27.010555135300194 ], [ 86.116498280807832, 27.010744737378275 ], [ 86.116071897593258, 27.010911339890072 ], [ 86.115473656159281, 27.011270859424883 ], [ 86.114876167467798, 27.011533324639458 ], [ 86.113938535391242, 27.011791410997091 ], [ 86.113725689128216, 27.011828402400738 ], [ 86.113512716059063, 27.011883519879916 ], [ 86.113087332903774, 27.01191919645737 ], [ 86.112064464654395, 27.012215089015172 ], [ 86.111851176818334, 27.012308515422262 ], [ 86.111723630580855, 27.01230770062574 ], [ 86.110101392233389, 27.013096162879492 ], [ 86.109759682208619, 27.013303888335088 ], [ 86.109695190072387, 27.013380192323325 ], [ 86.109203621335098, 27.01369971757839 ], [ 86.109139130098242, 27.013776022465947 ], [ 86.108070944411566, 27.014414572047144 ], [ 86.107132436383779, 27.014789958530628 ], [ 86.106278476538421, 27.015222279147906 ], [ 86.105767041514412, 27.015388255723337 ], [ 86.10500139266469, 27.01540142826758 ], [ 86.104831102883679, 27.01543867238405 ], [ 86.104533391872678, 27.015454915254338 ], [ 86.104128630444677, 27.01554702503654 ], [ 86.103531204706542, 27.01582755157466 ], [ 86.103104631732492, 27.015978280842432 ], [ 86.102338043078817, 27.016142565770735 ], [ 86.10199771263234, 27.016178805331208 ], [ 86.100953344006371, 27.016474447874202 ], [ 86.100803988021539, 27.016570499437023 ], [ 86.10065318950501, 27.0167974769343 ], [ 86.100460399288181, 27.016967707359299 ], [ 86.100289732686235, 27.017043322457653 ], [ 86.099947523531171, 27.017269046283445 ], [ 86.099606691256326, 27.01736159583993 ], [ 86.098926091518081, 27.017413640295104 ], [ 86.09858601288505, 27.017409259639464 ], [ 86.097736252929224, 27.017306755355548 ], [ 86.097311183641523, 27.017342431033683 ], [ 86.096800123639753, 27.017454224537801 ], [ 86.094754817921853, 27.018127003668155 ], [ 86.094073530193157, 27.018257980864576 ], [ 86.093733514513531, 27.018253537255589 ], [ 86.093055169405432, 27.018059666938655 ], [ 86.092374383505046, 27.018129711562665 ], [ 86.091521739385257, 27.018469416972039 ], [ 86.09092550346594, 27.018598707018043 ], [ 86.090243275933233, 27.018898917278079 ], [ 86.089051365279033, 27.019119001380716 ], [ 86.088370894145498, 27.019153049264389 ], [ 86.087778289736661, 27.018882937912622 ], [ 86.087608124963083, 27.018899871471376 ], [ 86.087096251064054, 27.019106405309515 ], [ 86.086585816998706, 27.019179827831806 ], [ 86.086075821808322, 27.019156196933181 ], [ 86.085651193194224, 27.019097069323891 ], [ 86.085056019388276, 27.019131556082527 ], [ 86.084461476015463, 27.019050926298064 ], [ 86.084206699206732, 27.0190109266224 ], [ 86.084164454793552, 27.01899036604982 ], [ 86.083528354998009, 27.018832806340754 ], [ 86.082978623636791, 27.018465954536396 ], [ 86.082554619160419, 27.018368392991817 ], [ 86.081874459196456, 27.018361757706032 ], [ 86.081278849213561, 27.01845486395024 ], [ 86.080683553997574, 27.0184306682699 ], [ 86.080258299447053, 27.018371477707262 ], [ 86.07983291809046, 27.018368721248692 ], [ 86.079491837599505, 27.0184070868346 ], [ 86.079321483066451, 27.018444330951127 ], [ 86.078808735914208, 27.018650802735181 ], [ 86.078381411096927, 27.018878149858722 ], [ 86.077784238970992, 27.019009690937537 ], [ 86.077699187161556, 27.019009064101795 ], [ 86.077466346906363, 27.018836075419642 ], [ 86.077127207177966, 27.018680459171208 ], [ 86.076872243307832, 27.018622334319332 ], [ 86.076616901717387, 27.018620705625551 ], [ 86.076402800883443, 27.018772687665489 ], [ 86.076146646295172, 27.0188680485399 ], [ 86.0752952612429, 27.018844411345924 ], [ 86.075018671089424, 27.01886290434976 ], [ 86.07476345540573, 27.018840902144916 ], [ 86.074423502679508, 27.018743843328025 ], [ 86.07399818517564, 27.018723086700675 ], [ 86.073401825148267, 27.018757573459311 ], [ 86.072209983742709, 27.01875192834018 ], [ 86.070591070232808, 27.01889688658207 ], [ 86.070356976306073, 27.018915693453437 ], [ 86.070037267586827, 27.018951934812549 ], [ 86.069781989849105, 27.01895024316542 ], [ 86.06944046958381, 27.019083350883989 ], [ 86.068843734534198, 27.019156145671104 ], [ 86.06739711542059, 27.019072066041701 ], [ 86.066971234933703, 27.019089495133471 ], [ 86.066460927674427, 27.019029802742466 ], [ 86.065865132428712, 27.01902579261241 ], [ 86.065525054695058, 27.01894910640732 ], [ 86.065014622428407, 27.018907351231803 ], [ 86.063909649486845, 27.018710537394895 ], [ 86.063059014479109, 27.018610095283691 ], [ 86.062548206290842, 27.018608960324286 ], [ 86.061525590754229, 27.018696872015653 ], [ 86.060929544594387, 27.018692924839002 ], [ 86.058546115395529, 27.018525834888123 ], [ 86.057950884032266, 27.018424833391293 ], [ 86.057440891539841, 27.018288274928409 ], [ 86.056418964893112, 27.018263384962268 ], [ 86.055653193733974, 27.018181565358987 ], [ 86.0551416975552, 27.018216491891906 ], [ 86.054544712490724, 27.018327533552906 ], [ 86.052158149113097, 27.018579968496056 ], [ 86.051305070615001, 27.018766061373015 ], [ 86.050964053077394, 27.018802115670724 ], [ 86.050452180977061, 27.018893410656347 ], [ 86.049792519531593, 27.018850590669445 ], [ 86.049110105836746, 27.01899944032931 ], [ 86.048939754901085, 27.018998186657768 ], [ 86.048661851720055, 27.019131794406007 ], [ 86.048489680532441, 27.019340460564933 ], [ 86.048402124077995, 27.019646744926433 ], [ 86.048400182416003, 27.019874599274317 ], [ 86.048501780171307, 27.0204889837525 ], [ 86.048499837609995, 27.020719087334555 ], [ 86.048456027456382, 27.020870072912544 ], [ 86.048219803906875, 27.021136919682078 ], [ 86.048091131703302, 27.021233034198303 ], [ 86.047920152133202, 27.021308586343309 ], [ 86.047408718008512, 27.021381882958849 ], [ 86.046898162533068, 27.021319755171533 ], [ 86.046664821348827, 27.021203011733348 ], [ 86.04624232325682, 27.020780541520764 ], [ 86.045565737245909, 27.020200644700481 ], [ 86.045332772882603, 27.020047842467932 ], [ 86.04490833222934, 27.019891537329727 ], [ 86.044227861995125, 27.019771847673553 ], [ 86.043120572369389, 27.019782390565354 ], [ 86.042015161452241, 27.01956507910927 ], [ 86.041333562553973, 27.019619061629044 ], [ 86.040992044087318, 27.019711547332861 ], [ 86.040395809966697, 27.019727785706493 ], [ 86.04013996654794, 27.019782401357361 ], [ 86.038777398285106, 27.019775378458633 ], [ 86.038181289171916, 27.019848049137693 ], [ 86.037415514415443, 27.019842785336152 ], [ 86.036733729355035, 27.01995320196005 ], [ 86.036223107328851, 27.019970003316701 ], [ 86.03579716388856, 27.020025740437006 ], [ 86.035541634337335, 27.020080419940598 ], [ 86.035029573376903, 27.020268705393789 ], [ 86.034518076298809, 27.02034187790116 ], [ 86.03392265517607, 27.020340054951305 ], [ 86.032985714687356, 27.020466777398838 ], [ 86.032474782390977, 27.020483578755545 ], [ 86.03153759098808, 27.020630549706766 ], [ 86.031239504954783, 27.020648792695795 ], [ 86.030899113353598, 27.020646474212867 ], [ 86.030847603102814, 27.020656348899536 ], [ 86.031281646843922, 27.01934702480338 ], [ 86.030985052805647, 27.018989249077094 ], [ 86.0315664542116, 27.018295968730229 ], [ 86.032217862469452, 27.018094326369408 ], [ 86.033139734618032, 27.017400465952164 ], [ 86.033151871129519, 27.016095101623364 ], [ 86.034241042773715, 27.016040672134579 ], [ 86.03480061464694, 27.01518069394649 ], [ 86.034188676357019, 27.014570996796806 ], [ 86.033935436510035, 27.013734341935105 ], [ 86.034494813227752, 27.011263914768165 ], [ 86.035257549134826, 27.011288539430836 ], [ 86.035570947227825, 27.010680186785351 ], [ 86.035750163797502, 27.010603483492844 ], [ 86.035718655632877, 27.010421020327669 ], [ 86.035354247318821, 27.010073651693745 ], [ 86.035510539866323, 27.00930591638928 ], [ 86.035978884203928, 27.00860425784748 ], [ 86.035873928335718, 27.008173997604217 ], [ 86.035798828555698, 27.007425713094278 ], [ 86.035924135451637, 27.007110370641328 ], [ 86.036245457575944, 27.006938236326391 ], [ 86.036753824072605, 27.007009554407205 ], [ 86.036992426360371, 27.006999379343029 ], [ 86.03687524584592, 27.006511711017026 ], [ 86.036567432616721, 27.006141163849463 ], [ 86.036784011115628, 27.005926922719482 ], [ 86.037101443620656, 27.005842058870826 ], [ 86.037359840248484, 27.005020264603218 ], [ 86.038383564663832, 27.00499734957441 ], [ 86.039281505536223, 27.004477769282857 ], [ 86.039319079708264, 27.00416074507541 ], [ 86.039007538739838, 27.00416205900234 ], [ 86.038749273414794, 27.003811260308737 ], [ 86.038775851430728, 27.003430046141318 ], [ 86.03904664627629, 27.003288803047951 ], [ 86.039700951288808, 27.003530023296832 ], [ 86.040336631095386, 27.003329641802168 ], [ 86.04081117184387, 27.003320531549377 ], [ 86.041167515830466, 27.003377269628345 ], [ 86.041579857744296, 27.003592807597897 ], [ 86.042638966453467, 27.003715131403169 ], [ 86.043227468100895, 27.00385023114643 ], [ 86.043655443136572, 27.003787253488554 ], [ 86.043874483112518, 27.00353437067713 ], [ 86.044325474801724, 27.003299044662867 ], [ 86.045407805212619, 27.003919415107816 ], [ 86.047265319211647, 27.001529076326278 ], [ 86.047615504559474, 26.999813811775311 ], [ 86.048241562392263, 26.999415681136441 ], [ 86.049366352157165, 26.999376887467577 ], [ 86.052830913854109, 26.999954175320056 ], [ 86.05393254666933, 26.999075568328749 ], [ 86.051145468518598, 26.996271347973732 ], [ 86.050902123143601, 26.995152585544929 ], [ 86.051780871330322, 26.994166009017363 ], [ 86.053100111482536, 26.994042480104611 ], [ 86.054853423255224, 26.993217123575221 ], [ 86.055637733284186, 26.992366775454968 ], [ 86.056611540169115, 26.992209389317395 ], [ 86.057729078604495, 26.992391454976996 ], [ 86.058703917025468, 26.992118704080156 ], [ 86.059363504725525, 26.991102051127598 ], [ 86.05896446036337, 26.989643978096979 ], [ 86.058060855485849, 26.987911031741362 ], [ 86.057927199173605, 26.985993003360136 ], [ 86.05871213513899, 26.985016315908581 ], [ 86.058754509056257, 26.984467366068543 ], [ 86.057607012008702, 26.982281468375049 ], [ 86.057544015464828, 26.979640123692036 ], [ 86.057974350352765, 26.978728700904583 ], [ 86.059101261646447, 26.977833576746093 ], [ 86.059858106016861, 26.97695477999531 ], [ 86.059494063731677, 26.975643520532458 ], [ 86.058222624077757, 26.973607700089701 ], [ 86.05909158121591, 26.973008421723648 ], [ 86.060285035127151, 26.972859855353988 ], [ 86.060745382587356, 26.972738711474847 ], [ 86.062110129036967, 26.97224775878135 ], [ 86.062466158256768, 26.971019741668044 ], [ 86.061886966514294, 26.969778088853559 ], [ 86.06047297523611, 26.968968440090805 ], [ 86.060041774289573, 26.967599303092925 ], [ 86.060716525659245, 26.965403975883078 ], [ 86.061722318255079, 26.962964469615656 ], [ 86.062168473326381, 26.961808972093365 ], [ 86.062754811176319, 26.961256198285412 ], [ 86.063364585668808, 26.960940098593312 ], [ 86.064563677504509, 26.961387554101464 ], [ 86.065209318333871, 26.961514557141243 ], [ 86.065616562822868, 26.961063328927196 ], [ 86.066141747763538, 26.959231560160845 ], [ 86.066828299293832, 26.958353559320585 ], [ 86.067672672239382, 26.957712167844136 ], [ 86.068378784282856, 26.957556314171541 ], [ 86.069185034462635, 26.95780110927285 ], [ 86.069795200165345, 26.958890780047398 ], [ 86.070606723140031, 26.95956147362233 ], [ 86.071376612349297, 26.959411166142161 ], [ 86.072101726419646, 26.95898405266837 ], [ 86.072720760454331, 26.958153998018531 ], [ 86.073228665592637, 26.95683875630499 ], [ 86.073289048672109, 26.955453720881678 ], [ 86.072102677015607, 26.953743654480888 ], [ 86.072099567118812, 26.953295688151059 ], [ 86.073068450150458, 26.952683823606492 ], [ 86.07439378688747, 26.950647382623288 ], [ 86.07344646988372, 26.949662917731814 ], [ 86.072769483669219, 26.949732299546667 ], [ 86.072034220615365, 26.950314264835015 ], [ 86.071008659760139, 26.94885628173779 ], [ 86.071250818014335, 26.948756975485367 ], [ 86.07167083034733, 26.948513755117801 ], [ 86.072242015319716, 26.948016623100784 ], [ 86.072533551503909, 26.947461239425706 ], [ 86.072622433576612, 26.946561572731525 ], [ 86.072493282028063, 26.945732645846419 ], [ 86.072611092076272, 26.945099392442785 ], [ 86.072861383007307, 26.944548196066535 ], [ 86.073088234597833, 26.944324095538548 ], [ 86.073490872698358, 26.944114621777771 ], [ 86.073912130608846, 26.944058758750714 ], [ 86.074614092226227, 26.944352119683458 ], [ 86.074776131517638, 26.944502108799441 ], [ 86.075368843846547, 26.945446908567419 ], [ 86.075633928820935, 26.94570132744127 ], [ 86.07603456230612, 26.945737831405893 ], [ 86.076380268071603, 26.945615974354951 ], [ 86.076668049536579, 26.945353877867262 ], [ 86.076746359039475, 26.944973100776167 ], [ 86.076698058511511, 26.944760617843997 ], [ 86.075934251497699, 26.943377042039685 ], [ 86.075360655411032, 26.94267159640259 ], [ 86.075304422757711, 26.942235697335605 ], [ 86.075639142259774, 26.941554264814101 ], [ 86.075950547428704, 26.941150181483863 ], [ 86.07623763910459, 26.940942206013403 ], [ 86.076503417465403, 26.940919086835834 ], [ 86.076752316227498, 26.941117072504824 ], [ 86.077325340337779, 26.942278228636326 ], [ 86.078036048877038, 26.942806379580304 ], [ 86.078255955810903, 26.942810070446797 ], [ 86.078582350178635, 26.942767080485737 ], [ 86.079267953810984, 26.942514365849775 ], [ 86.080138105264552, 26.941737076021525 ], [ 86.080876074414277, 26.94150048554377 ], [ 86.081274587270059, 26.941372191060452 ], [ 86.081588170625821, 26.941349448703761 ], [ 86.081842885380468, 26.941371388854577 ], [ 86.083384867167126, 26.941451345937253 ], [ 86.084099590333096, 26.941212316465851 ], [ 86.085111147659518, 26.941076722988271 ], [ 86.085313059820521, 26.940976485025885 ], [ 86.085522846549566, 26.940869560515694 ], [ 86.085684891236951, 26.940683330040599 ], [ 86.08607666448421, 26.940094703385796 ], [ 86.086097729583116, 26.939866974045344 ], [ 86.086078546790134, 26.939821727655442 ], [ 86.086044176045618, 26.939756044801072 ], [ 86.085915446284673, 26.939631116524708 ], [ 86.085731792401305, 26.939232837495751 ], [ 86.085313913288473, 26.939040597671294 ], [ 86.084954784064621, 26.938580194452356 ], [ 86.084347053758222, 26.938510815335519 ], [ 86.084005352726763, 26.938350698820045 ], [ 86.083751078645719, 26.938152711352359 ], [ 86.083624914684549, 26.937876609537227 ], [ 86.083692479844842, 26.937303974838528 ], [ 86.083888152426994, 26.936770463864264 ], [ 86.084219431077372, 26.936312323369521 ], [ 86.084569204530226, 26.935980672394919 ], [ 86.085524214436475, 26.935402490604474 ], [ 86.086253507711604, 26.934793496733903 ], [ 86.086692640783497, 26.934604520592245 ], [ 86.087011354839376, 26.93431099058472 ], [ 86.087315007749794, 26.934030958680296 ], [ 86.087916373469909, 26.933637691639376 ], [ 86.08836019566894, 26.933428468792727 ], [ 86.089034792353175, 26.933471164671573 ], [ 86.089497356671529, 26.933435800163011 ], [ 86.089757260583042, 26.933358499712824 ], [ 86.090151836154803, 26.933241454098436 ], [ 86.091029858579077, 26.932642460821285 ], [ 86.09238749669322, 26.932346574558835 ], [ 86.09280944169484, 26.932315458503808 ], [ 86.093120966475226, 26.932114356642671 ], [ 86.093274326294761, 26.931914565111072 ], [ 86.093334200351194, 26.931535851092008 ], [ 86.093951962727715, 26.930111552547487 ], [ 86.094031834373652, 26.929802955998468 ], [ 86.093937046374947, 26.929179510730762 ], [ 86.093974860669164, 26.928940658428132 ], [ 86.09411397234112, 26.928623439065234 ], [ 86.094586297130718, 26.928105243748007 ], [ 86.09466454278089, 26.927844018714893 ], [ 86.094666866659793, 26.927316066523701 ], [ 86.094829352020895, 26.92690198170078 ], [ 86.095388041647482, 26.926332355274099 ], [ 86.095479104604976, 26.925757595449284 ], [ 86.09602454344531, 26.925226341803182 ], [ 86.096138352356832, 26.92473070088181 ], [ 86.096447569446298, 26.924340052701382 ], [ 86.096548438741081, 26.92400227366528 ], [ 86.09651651778222, 26.92346725900461 ], [ 86.09621469231837, 26.922964423411713 ], [ 86.095794569367342, 26.922537578838842 ], [ 86.095613227671549, 26.922197981349484 ], [ 86.095650542835415, 26.921819141423668 ], [ 86.095817527564179, 26.921438867060203 ], [ 86.096519195998667, 26.920955984989462 ], [ 86.096707299786374, 26.9207653810534 ], [ 86.09678473423736, 26.920445535635395 ], [ 86.096445357084804, 26.919682971501118 ], [ 86.096400007271541, 26.918816238415786 ], [ 86.096338455057946, 26.918687186693319 ], [ 86.095956336160611, 26.917877001927536 ], [ 86.095929966790095, 26.917833942717778 ], [ 86.095404929340248, 26.916988948332516 ], [ 86.095327317720489, 26.916864395078392 ], [ 86.095282452648178, 26.916690347880206 ], [ 86.095290084396026, 26.916313568328405 ], [ 86.095369142144705, 26.916032033636952 ], [ 86.095414835503561, 26.915477208448294 ], [ 86.095289675199069, 26.914991375662908 ], [ 86.095297244892834, 26.914632657434652 ], [ 86.095426110453218, 26.914297315593501 ], [ 86.095580468533456, 26.914083900951425 ], [ 86.095984548266301, 26.913702941295469 ], [ 86.096120536551496, 26.913381159611504 ], [ 86.096141475743593, 26.913241360848417 ], [ 86.09613091666381, 26.913132994705904 ], [ 86.096005502747118, 26.912852455577138 ], [ 86.095594878561144, 26.912427862936397 ], [ 86.094809182658594, 26.911804655992228 ], [ 86.094644713366847, 26.911406436319339 ], [ 86.094695400727062, 26.911160773360734 ], [ 86.095627366999793, 26.909810723826411 ], [ 86.095634188447718, 26.909467879741555 ], [ 86.095670309296111, 26.909249417138028 ], [ 86.100518916249712, 26.908941537358089 ], [ 86.105161506482148, 26.909379125374301 ], [ 86.108708073944456, 26.908983609099209 ], [ 86.114240631554594, 26.908615204145065 ], [ 86.118950374153087, 26.907087978629761 ], [ 86.120926471627513, 26.908738576573739 ], [ 86.122268944273458, 26.910410972573743 ], [ 86.123145966638333, 26.911499933773769 ], [ 86.127620667412089, 26.911088563140652 ], [ 86.131221507879104, 26.91122131472298 ], [ 86.132031788873576, 26.911410709054849 ], [ 86.132053626500351, 26.911553325431157 ], [ 86.132152099070197, 26.912289512100983 ], [ 86.132289260086793, 26.912622047120863 ], [ 86.132394231243666, 26.913295051084674 ], [ 86.132334713323473, 26.914497377824603 ], [ 86.132386757778647, 26.914971523765473 ], [ 86.13303976954893, 26.916263920598226 ], [ 86.133369464472253, 26.916766817345831 ], [ 86.133604991037998, 26.916989426778173 ], [ 86.133635299491118, 26.917018924032106 ], [ 86.134319701613265, 26.917293911572472 ], [ 86.13515652465037, 26.917468223174808 ], [ 86.135837366309488, 26.91776120908537 ], [ 86.1362434263757, 26.91818792685217 ], [ 86.136493511359276, 26.918613642760988 ], [ 86.136778449130361, 26.919662303907842 ], [ 86.137000161027402, 26.920087956863256 ], [ 86.137285868628339, 26.920292692932833 ], [ 86.13875635156802, 26.920761988765776 ], [ 86.139219285512638, 26.920958853864704 ], [ 86.139426378736459, 26.921154152323936 ], [ 86.13967888922366, 26.922008579822943 ], [ 86.139930035421287, 26.922409485806327 ], [ 86.140039321582378, 26.922897506671234 ], [ 86.140534735871597, 26.923832430853224 ], [ 86.141319304009414, 26.924516382409081 ], [ 86.142394135773941, 26.9257210429206 ], [ 86.14341903202137, 26.927130684120527 ], [ 86.145434995170774, 26.928011640172087 ], [ 86.146998455749895, 26.92897776674522 ], [ 86.147758340768348, 26.929616410756466 ], [ 86.148057417867676, 26.929970197037392 ], [ 86.14819537029814, 26.930236234406379 ], [ 86.143063095433035, 26.930132080744045 ], [ 86.142070907061679, 26.929457615362594 ], [ 86.142361552905243, 26.932519539858276 ], [ 86.141847272388645, 26.935287774265021 ], [ 86.141957940826046, 26.937938848841952 ], [ 86.141696543120872, 26.938921522260216 ], [ 86.142890882876031, 26.939322952555301 ], [ 86.143263956272676, 26.939983025895685 ], [ 86.141336648563822, 26.940435219994413 ], [ 86.140949676860487, 26.94118243609563 ], [ 86.141202833069428, 26.942010155175296 ], [ 86.141201600082638, 26.942381813020233 ], [ 86.139899126213038, 26.942377616728095 ], [ 86.138970893075566, 26.942408791239814 ], [ 86.137915590347575, 26.942916437369945 ], [ 86.137536548071637, 26.943647841381846 ], [ 86.138538942983871, 26.944482357627408 ], [ 86.139923624968958, 26.944736073222089 ], [ 86.141640471448341, 26.943526897154868 ], [ 86.142239873922449, 26.943823704335273 ], [ 86.141324480575577, 26.945949024693164 ], [ 86.141706129121303, 26.946895322751573 ], [ 86.143893648313906, 26.94871640023598 ], [ 86.145997755182805, 26.952440778609059 ], [ 86.146270917974562, 26.954672969517105 ], [ 86.145598875398775, 26.956233013526628 ], [ 86.145938737292283, 26.956734459648544 ], [ 86.146928224064482, 26.955779638602451 ], [ 86.147595953434688, 26.954490850796788 ], [ 86.147847712978034, 26.952877112054352 ], [ 86.147399377021941, 26.951072624583162 ], [ 86.147403343084648, 26.950037475029433 ], [ 86.147380306645744, 26.949486272357888 ], [ 86.145935309930621, 26.948668250796118 ], [ 86.145309971564984, 26.947315619274036 ], [ 86.144910775215408, 26.946648725385046 ], [ 86.144655125153463, 26.945982113886885 ], [ 86.145102431372152, 26.945368950704108 ], [ 86.147533268959705, 26.944466559028058 ], [ 86.148710759693529, 26.944245093548545 ], [ 86.150669245511438, 26.94539200512969 ], [ 86.151140338213565, 26.946012498783375 ], [ 86.15155704999097, 26.946543950282944 ], [ 86.151844637199815, 26.948785776654859 ], [ 86.153365017884539, 26.949202222229417 ], [ 86.153668280483998, 26.95023937370047 ], [ 86.155234027170025, 26.94973209269989 ], [ 86.156772088760022, 26.949258698602193 ], [ 86.155593879458365, 26.947915101788851 ], [ 86.155596751930943, 26.947115572331597 ], [ 86.155581454260641, 26.946745754523874 ], [ 86.154360872840357, 26.945963333995508 ], [ 86.153521459721503, 26.945206800794608 ], [ 86.153525457260912, 26.944134647246585 ], [ 86.156178530157831, 26.944314728975542 ], [ 86.158075481748824, 26.944250997675852 ], [ 86.159153766955683, 26.943901623527267 ], [ 86.161628840981109, 26.943553217061947 ], [ 86.162020951478553, 26.943906331540404 ], [ 86.162958249902147, 26.945564938053167 ], [ 86.16330122079313, 26.948677084953431 ], [ 86.163295316665767, 26.950323721331415 ], [ 86.163524021783587, 26.950705770080731 ], [ 86.164737440908311, 26.951210501469575 ], [ 86.165799187363973, 26.951680194808091 ], [ 86.167387933616169, 26.953342324911205 ], [ 86.169348578734855, 26.955220565859577 ], [ 86.170325719450716, 26.956033378479106 ], [ 86.17006759172375, 26.957544507715568 ], [ 86.170119816045712, 26.958791648265787 ], [ 86.170955534700738, 26.959980029034284 ], [ 86.17277340066363, 26.961008244723303 ], [ 86.173133363570059, 26.963061747870029 ], [ 86.174256561513914, 26.963528837636773 ], [ 86.174904302287985, 26.963506862411975 ], [ 86.174616048672647, 26.96279235868343 ], [ 86.174830774543636, 26.962402609836943 ], [ 86.174790900774724, 26.961453260338487 ], [ 86.173750550372858, 26.959974490036529 ], [ 86.172147493019622, 26.95804781276081 ], [ 86.171901683469628, 26.957514500539332 ], [ 86.173573939173593, 26.956675502013411 ], [ 86.175010859869928, 26.957426564565935 ], [ 86.17625112321349, 26.958543999577898 ], [ 86.178094827040525, 26.959932806807728 ], [ 86.179455450943351, 26.960190016314755 ], [ 86.179794333462212, 26.95977455191354 ], [ 86.178600530609344, 26.959009742142371 ], [ 86.178060087569065, 26.957841164707247 ], [ 86.177488715535219, 26.95635217977042 ], [ 86.176428703894715, 26.955752330327357 ], [ 86.175672578991453, 26.95465473911878 ], [ 86.174466360833549, 26.954324445239081 ], [ 86.173642302043106, 26.953783843016708 ], [ 86.173027630677325, 26.953435958165073 ], [ 86.172230175084167, 26.952969298279982 ], [ 86.172000801761271, 26.952185156426424 ], [ 86.171575040885728, 26.952008100056844 ], [ 86.170970133588582, 26.950937930439522 ], [ 86.170677600043007, 26.950694501426483 ], [ 86.169345582154165, 26.950425129327243 ], [ 86.167641538592761, 26.950011506761882 ], [ 86.165724119060599, 26.949009414025852 ], [ 86.165283802465297, 26.948399072953009 ], [ 86.166004597034714, 26.947410191432596 ], [ 86.166279017994668, 26.946604905338745 ], [ 86.166220291488344, 26.945199794983239 ], [ 86.165601641469266, 26.944167167161879 ], [ 86.165108990833232, 26.943101234306766 ], [ 86.164137031180189, 26.94255156140224 ], [ 86.162956517785005, 26.942591169867626 ], [ 86.162745829024061, 26.942018884110496 ], [ 86.163922978910307, 26.940403620097698 ], [ 86.164531865760182, 26.939054341292547 ], [ 86.164182543772938, 26.937914659456908 ], [ 86.164198160706803, 26.933667828319699 ], [ 86.165921534551956, 26.930539295555036 ], [ 86.16811013384455, 26.928119205907421 ], [ 86.171037448734012, 26.927302369667814 ], [ 86.172795600721997, 26.927910377868386 ], [ 86.175712386209682, 26.930029509909446 ], [ 86.176313438062209, 26.929449305516982 ], [ 86.174742356527304, 26.928142236950293 ], [ 86.176065954851765, 26.926962338699525 ], [ 86.176731316275777, 26.926128452887042 ], [ 86.177781309336126, 26.925935329916626 ], [ 86.179555748261748, 26.926449256995056 ], [ 86.180770551461421, 26.926607402170475 ], [ 86.181792952956528, 26.926778558010085 ], [ 86.18242985136061, 26.926163590763451 ], [ 86.183686353977123, 26.92458800896145 ], [ 86.18601710469045, 26.924142571558662 ], [ 86.186934178892386, 26.923256809466523 ], [ 86.187741602702999, 26.922536972687737 ], [ 86.188581460092792, 26.921725879594703 ], [ 86.193356589664745, 26.921739133978292 ], [ 86.194743912094282, 26.921692186048574 ], [ 86.195447278471249, 26.921895870796789 ], [ 86.196854046299279, 26.921614767785627 ], [ 86.197188284657614, 26.922206042978928 ], [ 86.197404441368917, 26.922567084186767 ], [ 86.197402366605559, 26.923271437133053 ], [ 86.197639242172158, 26.923666694399969 ], [ 86.197636178141408, 26.924563309654104 ], [ 86.196949132876796, 26.925811550089747 ], [ 86.197500902128752, 26.926732124499381 ], [ 86.198804812234584, 26.927469698841492 ], [ 86.199528916352904, 26.928314272338469 ], [ 86.199524654409402, 26.929533199883622 ], [ 86.199774948038396, 26.929950268696587 ], [ 86.201566682954365, 26.929889542071578 ], [ 86.202007459109325, 26.929890591594301 ], [ 86.203216038918185, 26.93097956718367 ], [ 86.203210917211379, 26.932556567235281 ], [ 86.204288616052452, 26.933929159474189 ], [ 86.205025131878529, 26.934235358398951 ], [ 86.205546434394535, 26.935362714862947 ], [ 86.20643875173181, 26.935733606475424 ], [ 86.206743041370601, 26.935145585971668 ], [ 86.206661967315199, 26.933223505191677 ], [ 86.206052791779143, 26.932207480873558 ], [ 86.206751631808402, 26.929892582719617 ], [ 86.206335514490718, 26.929199178264696 ], [ 86.205359556399003, 26.928931971761585 ], [ 86.204953361432729, 26.92856598421713 ], [ 86.204956571155549, 26.927498091713289 ], [ 86.204435439512963, 26.927064471558481 ], [ 86.202502049608654, 26.926813257910851 ], [ 86.201908989237495, 26.926278899763986 ], [ 86.201687779168822, 26.926286404705706 ], [ 86.201690703802797, 26.92538433049458 ], [ 86.199822780912712, 26.924473199091267 ], [ 86.199335041539314, 26.923610842164919 ], [ 86.199016894963165, 26.92307976209031 ], [ 86.198788034260588, 26.92145583209566 ], [ 86.198344009711434, 26.920008116694021 ], [ 86.197146656288169, 26.919510108725717 ], [ 86.196568862110666, 26.91898923339329 ], [ 86.195463419716816, 26.918363965175729 ], [ 86.195711536957731, 26.917675871287713 ], [ 86.196684271836602, 26.916808568024692 ], [ 86.196849928249151, 26.915131615998916 ], [ 86.195892308475777, 26.912758484173708 ], [ 86.195171917707341, 26.910879984217161 ], [ 86.198192927904756, 26.908887047613973 ], [ 86.200275353631014, 26.907940763045644 ], [ 86.20092934567532, 26.907528449910501 ], [ 86.201928883403639, 26.906975060058812 ], [ 86.204498521493576, 26.904766129523807 ], [ 86.205296815265967, 26.904215860360864 ], [ 86.206173185613807, 26.903597758935462 ], [ 86.20696415970724, 26.902833673128157 ], [ 86.208056992539923, 26.901462569286934 ], [ 86.209208081527265, 26.900137243341931 ], [ 86.210311307062909, 26.899463938101235 ], [ 86.213285252417222, 26.899218931656435 ], [ 86.214909903677665, 26.899565258861685 ], [ 86.216317873015782, 26.900187921708834 ], [ 86.217305308407276, 26.899867393696354 ], [ 86.21798063624999, 26.898561279323019 ], [ 86.218249062249924, 26.897493272603811 ], [ 86.218678746020089, 26.896712246043023 ], [ 86.219420189296784, 26.897040153989792 ], [ 86.219059291083056, 26.898042125315783 ], [ 86.218883883192632, 26.899162943622002 ], [ 86.219378867600199, 26.900776310040158 ], [ 86.221159120719733, 26.902684167853863 ], [ 86.223182414340101, 26.902849146168592 ], [ 86.223675395031648, 26.90391485958628 ], [ 86.225659701626341, 26.905036887496635 ], [ 86.225654031325803, 26.906871860589774 ], [ 86.225696685835317, 26.907883872079879 ], [ 86.227293575556359, 26.907829431799087 ], [ 86.227930246428969, 26.908201936816681 ], [ 86.22838961181651, 26.909013711604871 ], [ 86.228870664641988, 26.915949866890799 ], [ 86.229590058049155, 26.916548014794103 ], [ 86.232173347128992, 26.917807430353207 ], [ 86.235023009928682, 26.919474027448018 ], [ 86.236132103618331, 26.92047301028731 ], [ 86.237665206280951, 26.920664210481732 ], [ 86.239957085982667, 26.919920187915295 ], [ 86.24078847704277, 26.91971597615742 ], [ 86.241820182147478, 26.92121252359334 ], [ 86.242091049839019, 26.922921678968862 ], [ 86.23888675268654, 26.925384694724812 ], [ 86.237680575897969, 26.927717109205901 ], [ 86.237299680094793, 26.928836794351355 ], [ 86.237467150463885, 26.932778939243462 ], [ 86.238289837770083, 26.933104561982702 ], [ 86.239131112510222, 26.932699145839592 ], [ 86.239441666009895, 26.931462335039043 ], [ 86.239639782082349, 26.931101837928225 ], [ 86.239964548655678, 26.929808766595045 ], [ 86.24029263107326, 26.927390722932159 ], [ 86.241821205589474, 26.927646086106563 ], [ 86.242811418124177, 26.926484634993585 ], [ 86.243348759361709, 26.92544579457342 ], [ 86.244099326381217, 26.924414313402849 ], [ 86.245830340068153, 26.923220793840187 ], [ 86.247189137423788, 26.923224003563007 ], [ 86.248134496577507, 26.924325580619609 ], [ 86.250593536378062, 26.925149973962277 ], [ 86.252787225001498, 26.926864362562014 ], [ 86.254085962138504, 26.928886927721862 ], [ 86.254889730156606, 26.929802348048725 ], [ 86.255138818678176, 26.931215786236521 ], [ 86.255360249083708, 26.932266067983107 ] ] ], [ [ [ 86.093982423168256, 26.904478384931508 ], [ 86.093982865640555, 26.904478295897434 ], [ 86.094165340497113, 26.905633886950454 ], [ 86.093982423168256, 26.904478384931508 ] ] ] ] } },
{ "type": "Feature", "properties": { "Physiography": "Chure Hillslopes", "subdivision": "Lalgadh", "Area_sqkm": 42.807 }, "geometry": { "type": "Polygon", "coordinates": [ [ [ 85.98182589207056, 27.037240184577911 ], [ 85.981523424482305, 27.037637330446103 ], [ 85.980985547241744, 27.038184022957921 ], [ 85.980727763959635, 27.038409996798521 ], [ 85.980428111286642, 27.03859735054175 ], [ 85.980234821939462, 27.038767456858579 ], [ 85.979846925720835, 27.039200097638741 ], [ 85.979543645134697, 27.039655926845228 ], [ 85.979198930435246, 27.040050510511037 ], [ 85.978984205463576, 27.040220428867144 ], [ 85.978577755086405, 27.040445337896358 ], [ 85.97812605652075, 27.040897852157912 ], [ 85.977695040836977, 27.041368552750441 ], [ 85.977457002431606, 27.041709767242196 ], [ 85.977303261294423, 27.042164411126578 ], [ 85.977280073767417, 27.042356018719261 ], [ 85.977001167829087, 27.042617928145489 ], [ 85.976166388978015, 27.043254980335689 ], [ 85.975413908175881, 27.044158759684024 ], [ 85.974744785737357, 27.04521427915148 ], [ 85.974457551067417, 27.046315486581761 ], [ 85.974240191946592, 27.046844123166068 ], [ 85.974152073408447, 27.047148093541352 ], [ 85.973913908196948, 27.047602110589935 ], [ 85.973806231843582, 27.047734471861361 ], [ 85.972627929011196, 27.048727611727998 ], [ 85.97172583951135, 27.049686759469694 ], [ 85.971533174301896, 27.049854553599005 ], [ 85.971317822494484, 27.050157585069655 ], [ 85.971145152176518, 27.050402247069542 ], [ 85.970778562977671, 27.050950065547511 ], [ 85.970129185415772, 27.052177257072231 ], [ 85.969977260933206, 27.052498786942692 ], [ 85.969691529050237, 27.053428511175866 ], [ 85.969687082743235, 27.053884219871577 ], [ 85.970038327506415, 27.054879572999084 ], [ 85.970496808848736, 27.055796685872394 ], [ 85.97057879033207, 27.056101909919164 ], [ 85.97057497086081, 27.056483187939307 ], [ 85.970376921339096, 27.057090879574389 ], [ 85.969835160774551, 27.057984913740086 ], [ 85.969489947844124, 27.058422369554194 ], [ 85.969359709900175, 27.058649284098067 ], [ 85.969315462670295, 27.058802393902795 ], [ 85.969327317690272, 27.059644068846524 ], [ 85.969471162556772, 27.060103154541196 ], [ 85.969567381395734, 27.061019886096972 ], [ 85.96948063973781, 27.061172682034112 ], [ 85.969216907361726, 27.06193335846649 ], [ 85.969021990220085, 27.062238765977384 ], [ 85.968676838444367, 27.062673970758624 ], [ 85.968503292175171, 27.062979501478253 ], [ 85.968306620432998, 27.063436145481319 ], [ 85.9680435796447, 27.064122327385348 ], [ 85.9680377555581, 27.064657029977127 ], [ 85.9678828893542, 27.065190603904739 ], [ 85.967688096320671, 27.065475762912001 ], [ 85.967301327866835, 27.065815850538343 ], [ 85.966872628867293, 27.066117314469921 ], [ 85.96644186319844, 27.066572141818369 ], [ 85.966248947974123, 27.066724124757684 ], [ 85.96601147255177, 27.067026967368179 ], [ 85.965945790596777, 27.067179953964171 ], [ 85.96592297809201, 27.067333188776331 ], [ 85.966026020177594, 27.067638537830533 ], [ 85.966298476092902, 27.067985760772331 ], [ 85.966295095496662, 27.06829029682865 ], [ 85.966184477421962, 27.068670822106299 ], [ 85.96605342648013, 27.068976729646863 ], [ 85.966030612176723, 27.069127717023491 ], [ 85.966112783419533, 27.069378757999004 ], [ 85.966175711614028, 27.069453626650215 ], [ 85.966408238901067, 27.069590742700143 ], [ 85.966660637870802, 27.069858847637875 ], [ 85.966764369745533, 27.070089703962424 ], [ 85.966760925296569, 27.070396550407679 ], [ 85.966651371133878, 27.070700397574171 ], [ 85.966285035547173, 27.071099291747544 ], [ 85.966134991571835, 27.071210966539638 ], [ 85.966048249014591, 27.071363763376155 ], [ 85.965910373027498, 27.072278804184066 ], [ 85.965950174849695, 27.072509221633652 ], [ 85.96592391879534, 27.072967117509563 ], [ 85.96583611322535, 27.073196533101168 ], [ 85.965683999882629, 27.073500002547405 ], [ 85.965361600356232, 27.07378415789799 ], [ 85.965212057309941, 27.073839464237324 ], [ 85.964894665274926, 27.073683722981457 ], [ 85.964409174236437, 27.073337181734814 ], [ 85.963647156897139, 27.072986387537924 ], [ 85.963477368944496, 27.072946763783818 ], [ 85.963264395875342, 27.072983569924645 ], [ 85.963091539395293, 27.073210170601044 ], [ 85.962737496804209, 27.074430430059749 ], [ 85.962194548219543, 27.075401207088646 ], [ 85.961931817701441, 27.07608507770442 ], [ 85.961780333892477, 27.076314117374466 ], [ 85.961669403748942, 27.07669458059803 ], [ 85.961662827819168, 27.077305963998924 ], [ 85.961910405459662, 27.077995968072173 ], [ 85.961945010031059, 27.078684405505783 ], [ 85.962068485883094, 27.079066624229199 ], [ 85.962064290490275, 27.07945015238289 ], [ 85.961889743262361, 27.079830114677463 ], [ 85.961653958587817, 27.079979597468423 ], [ 85.961312688337387, 27.080053771833832 ], [ 85.96097066984106, 27.080204627008357 ], [ 85.960755818962639, 27.080374545364464 ], [ 85.960241817239535, 27.08069563186325 ], [ 85.959383105313634, 27.081357120755285 ], [ 85.959083328532529, 27.08154441064579 ], [ 85.958760866052785, 27.081828566895695 ], [ 85.958545138323757, 27.082093225585709 ], [ 85.958287167080925, 27.082321390203788 ], [ 85.957965768513191, 27.082528926799284 ], [ 85.957514006994131, 27.082963254729918 ], [ 85.957085745970232, 27.083208288154708 ], [ 85.956871019199923, 27.083398455014503 ], [ 85.956121796684613, 27.083830590368962 ], [ 85.955694411612001, 27.084055312336716 ], [ 85.955480186670002, 27.084225167739419 ], [ 85.955309332107333, 27.084262286848514 ], [ 85.955054118222279, 27.08426040634123 ], [ 85.95454449985283, 27.084141533280274 ], [ 85.954290724902137, 27.083986230899427 ], [ 85.953931216159333, 27.083715062830265 ], [ 85.953592139384341, 27.083579381217987 ], [ 85.953252434874287, 27.083518192335362 ], [ 85.952911356181971, 27.083572057941694 ], [ 85.95239885634652, 27.083760031325994 ], [ 85.95222856476687, 27.083776839877316 ], [ 85.951886922192159, 27.083889324069958 ], [ 85.95078075673382, 27.083878867514215 ], [ 85.950354561480026, 27.083932043331458 ], [ 85.950099534656488, 27.083909853165835 ], [ 85.949886373626555, 27.083964718831567 ], [ 85.949822067652462, 27.084002527729751 ], [ 85.949735576009346, 27.084155323666948 ], [ 85.949775564893059, 27.084460235644826 ], [ 85.949880609795287, 27.084614347307593 ], [ 85.950218558805545, 27.084903514646157 ], [ 85.950343535645914, 27.085211239740659 ], [ 85.950382583826297, 27.08559289368236 ], [ 85.95082513886382, 27.086110603359316 ], [ 85.950949176799554, 27.086495070417641 ], [ 85.950962028281594, 27.087487919799401 ], [ 85.95085284824188, 27.087809762638074 ], [ 85.950616562638288, 27.088038113418293 ], [ 85.950360156236457, 27.088169283971524 ], [ 85.949423906436209, 27.088178143310188 ], [ 85.948659198289818, 27.088000895382493 ], [ 85.947955350769178, 27.088203240123164 ], [ 85.947891108647809, 27.088261421633092 ], [ 85.947782803660004, 27.088488462083774 ], [ 85.947758863390504, 27.088792871333965 ], [ 85.94779853840663, 27.089100030747431 ], [ 85.947732605537453, 27.089347757677388 ], [ 85.947583311606593, 27.089403000163998 ], [ 85.947073131153445, 27.089340560307846 ], [ 85.94671036322444, 27.089452855640332 ], [ 85.946624748431987, 27.089508661110017 ], [ 85.946495198478488, 27.089717514330403 ], [ 85.946405449447866, 27.090251653039786 ], [ 85.946339451826645, 27.090499254062991 ], [ 85.946253149043685, 27.090631741241111 ], [ 85.945867819524153, 27.090895085104933 ], [ 85.944843259627589, 27.091248347973476 ], [ 85.944543732861348, 27.091435637863981 ], [ 85.944221833364622, 27.091758103941061 ], [ 85.944006291797734, 27.092061072458307 ], [ 85.943960289068002, 27.092442036610919 ], [ 85.943830049325356, 27.09274794505086 ], [ 85.943592573003684, 27.09312746847047 ], [ 85.94333172119417, 27.093734659176505 ], [ 85.943200102772664, 27.094191677302433 ], [ 85.943176160704468, 27.094496087452001 ], [ 85.943088540397298, 27.094802246806125 ], [ 85.942958741328312, 27.095029222504706 ], [ 85.942313560058608, 27.095786955417054 ], [ 85.941882039848565, 27.096469575059359 ], [ 85.941752991723433, 27.096622058927665 ], [ 85.941385276558435, 27.097284868041925 ], [ 85.941255099769194, 27.097590711729822 ], [ 85.940671718029876, 27.098576861973072 ], [ 85.940173011279114, 27.099640257807209 ], [ 85.940040957579924, 27.100097276832514 ], [ 85.939889093352747, 27.100441368293502 ], [ 85.939346765308471, 27.101599190594072 ], [ 85.939195907435931, 27.101828169109353 ], [ 85.938174615718935, 27.104184999607583 ], [ 85.937785652890284, 27.104867930419459 ], [ 85.937503553417116, 27.105474996118062 ], [ 85.937027409156258, 27.106369345050666 ], [ 85.936896606430594, 27.106672939504335 ], [ 85.93663174718904, 27.107589227688436 ], [ 85.936260400513618, 27.108502450043147 ], [ 85.935774930159766, 27.110181914807981 ], [ 85.935749612110669, 27.110563004867288 ], [ 85.935833034327004, 27.110735115799514 ], [ 85.93583209542237, 27.110832232173777 ], [ 85.935895523646536, 27.11088904130014 ], [ 85.935873399132277, 27.110965596202504 ], [ 85.936035297228273, 27.111808398011647 ], [ 85.936046711574647, 27.112801183540739 ], [ 85.93652136473986, 27.114334490352178 ], [ 85.936687333221244, 27.114775703583462 ], [ 85.93693503407053, 27.115578572267623 ], [ 85.937289593778644, 27.116346071946623 ], [ 85.937371890028885, 27.116653546126884 ], [ 85.937663147419528, 27.117343925222428 ], [ 85.937931593204837, 27.118187478874745 ], [ 85.938054879297397, 27.118646439562042 ], [ 85.938094556112219, 27.11895134974128 ], [ 85.938080527402064, 27.120327537517255 ], [ 85.938097954695195, 27.120729252001865 ], [ 85.938005701918883, 27.121416750530841 ], [ 85.937833909350843, 27.121548547919815 ], [ 85.937234107572465, 27.121850823050636 ], [ 85.936549943773798, 27.122073539503674 ], [ 85.935221041177726, 27.122848634957109 ], [ 85.934279094096951, 27.123299516028226 ], [ 85.933765407140754, 27.12352354910621 ], [ 85.932397142496768, 27.123953048512931 ], [ 85.932203977257643, 27.124084720894473 ], [ 85.931648048586226, 27.12427225540381 ], [ 85.930642797389396, 27.124645892682793 ], [ 85.930603552254865, 27.124663578084721 ], [ 85.929846701589099, 27.125334753702646 ], [ 85.929137289889411, 27.12558653213199 ], [ 85.92785264351653, 27.125842985299187 ], [ 85.927468005584785, 27.125891911763574 ], [ 85.925924201747591, 27.126277225994443 ], [ 85.925538063726833, 27.126382585663578 ], [ 85.925279283083398, 27.126509193895743 ], [ 85.925086182596374, 27.12656187328065 ], [ 85.924764660819903, 27.126631610332424 ], [ 85.924573061321155, 27.126627857411847 ], [ 85.924379959934754, 27.126680537696132 ], [ 85.923739232166781, 27.126741083554975 ], [ 85.923610623815932, 27.126776203444706 ], [ 85.923031823283736, 27.126916180275884 ], [ 85.922005018649656, 27.127064023581056 ], [ 85.921554700561558, 27.127186878892701 ], [ 85.921231990764966, 27.127312988893891 ], [ 85.921057823955323, 27.127462784653005 ], [ 85.920812346259595, 27.127914426560665 ], [ 85.920159546732066, 27.128473426457504 ], [ 85.919812211373539, 27.128732459813762 ], [ 85.91963954465291, 27.128823636087361 ], [ 85.918929132893822, 27.129113785498589 ], [ 85.91790013928096, 27.129358556317925 ], [ 85.917389957928435, 27.129309491356082 ], [ 85.916749416322546, 27.129351912938091 ], [ 85.91624142664682, 27.129208104944325 ], [ 85.915857852627141, 27.129200661157256 ], [ 85.915536642919562, 27.129270337054322 ], [ 85.915278049337587, 27.129378885761639 ], [ 85.914758174963879, 27.129713345356151 ], [ 85.91456501152345, 27.129765961787712 ], [ 85.914119384361186, 27.129699335532052 ], [ 85.913990964870436, 27.129716457950906 ], [ 85.913796362495702, 27.129827693868037 ], [ 85.913553824722555, 27.130166534118189 ], [ 85.913374966987135, 27.130508123632183 ], [ 85.913066624050259, 27.130902772050035 ], [ 85.912892267481141, 27.13107293952163 ], [ 85.912429190542468, 27.131694313623257 ], [ 85.911947994722823, 27.132200447073672 ], [ 85.911624221014165, 27.132367175492277 ], [ 85.911431120527141, 27.132419917830589 ], [ 85.910919437286907, 27.13242940850165 ], [ 85.909957062735032, 27.132564066671932 ], [ 85.909763964046647, 27.13261674695616 ], [ 85.908931509973797, 27.13267566412128 ], [ 85.908674417380212, 27.132730092710688 ], [ 85.908416824756898, 27.132800268637425 ], [ 85.907963943567097, 27.133020115315901 ], [ 85.906730340690672, 27.133779900508273 ], [ 85.905471819968795, 27.133830999763461 ], [ 85.905453387220348, 27.133715821166334 ], [ 85.905370463235045, 27.133620391043223 ], [ 85.904745872215926, 27.133013122994498 ], [ 85.904577459344864, 27.132932815171614 ], [ 85.904067778022011, 27.132865687986907 ], [ 85.903878867531773, 27.132746881476692 ], [ 85.903566477592165, 27.132453465684534 ], [ 85.903340890465131, 27.1320861201458 ], [ 85.903224666841993, 27.131624972278416 ], [ 85.903083005558301, 27.131314747934937 ], [ 85.903047891064602, 27.131007649676178 ], [ 85.902911920766144, 27.130469571884191 ], [ 85.902832561740524, 27.130238840567017 ], [ 85.902648343075441, 27.129928303255326 ], [ 85.902468127345742, 27.129464405224724 ], [ 85.902312786293521, 27.128849457763465 ], [ 85.902252484154133, 27.128695596115563 ], [ 85.902190056888628, 27.12863641184822 ], [ 85.902110634909661, 27.128405681430422 ], [ 85.90202482316306, 27.128265969003394 ], [ 85.903859284535201, 27.12719109946687 ], [ 85.905016818149534, 27.125297873816407 ], [ 85.90589487115119, 27.124765558956256 ], [ 85.906824707801093, 27.123872854905414 ], [ 85.908464574892491, 27.123133329008681 ], [ 85.909078106802156, 27.122195919966998 ], [ 85.909330358281125, 27.121463086913423 ], [ 85.911007731195184, 27.120314706719967 ], [ 85.911437084909835, 27.119133958598582 ], [ 85.91143930716396, 27.118731779158338 ], [ 85.911018140086242, 27.117682792452626 ], [ 85.911260974639561, 27.117184994029117 ], [ 85.912810815705484, 27.116370518541089 ], [ 85.914874093712797, 27.115269530548289 ], [ 85.915947203252813, 27.115235332475834 ], [ 85.917230954788408, 27.115404435136043 ], [ 85.9195091888962, 27.115893710571811 ], [ 85.921252429028073, 27.115361104327462 ], [ 85.922445234519614, 27.114472284499925 ], [ 85.924467535275255, 27.11404578527123 ], [ 85.925928996996163, 27.113575668346414 ], [ 85.928215451915548, 27.11314355457597 ], [ 85.929057331008039, 27.112397307956655 ], [ 85.929269072889042, 27.111814440636408 ], [ 85.929504594958075, 27.110115204914223 ], [ 85.930508532228032, 27.108188301006351 ], [ 85.931125987032374, 27.108526977577696 ], [ 85.931606958018506, 27.109380522830122 ], [ 85.932399074266073, 27.110096205585421 ], [ 85.932651377007119, 27.107978376679227 ], [ 85.933251008811396, 27.108150579343544 ], [ 85.933837093049135, 27.108679999247727 ], [ 85.934190401783724, 27.108681654921497 ], [ 85.934469917470494, 27.10698039929531 ], [ 85.935422653860542, 27.106135665716863 ], [ 85.936284302111744, 27.104919111513993 ], [ 85.937965100588769, 27.103428676850854 ], [ 85.938284928919416, 27.102851281078244 ], [ 85.938501162973466, 27.102460904496638 ], [ 85.939126588574482, 27.101331777244127 ], [ 85.939708269673304, 27.099162163790368 ], [ 85.940107633298965, 27.097405671972865 ], [ 85.940444550773179, 27.096148473271853 ], [ 85.940506194718807, 27.09591844253589 ], [ 85.940653748438422, 27.095367834324065 ], [ 85.941219784724012, 27.091746156289673 ], [ 85.940954296848076, 27.08952638338468 ], [ 85.939241613385491, 27.085540362687595 ], [ 85.938058523398524, 27.083560043739624 ], [ 85.938246462608106, 27.082994938264676 ], [ 85.939233377285234, 27.081541205419626 ], [ 85.940650674515041, 27.079084613606028 ], [ 85.94232717327651, 27.077597546948482 ], [ 85.943672235104827, 27.076095310326025 ], [ 85.946472642283936, 27.074830909758816 ], [ 85.946758801350484, 27.072866964084596 ], [ 85.946726215783826, 27.072052195413733 ], [ 85.946731589304136, 27.071064375107312 ], [ 85.946271810222981, 27.068858049942719 ], [ 85.946540867555314, 27.067727713086072 ], [ 85.947050425669431, 27.067711316429666 ], [ 85.948181150139021, 27.068213229305911 ], [ 85.950473061317382, 27.068223217308685 ], [ 85.951084931257924, 27.067680763357714 ], [ 85.951086585133055, 27.067321591865152 ], [ 85.94831087276458, 27.06631189436132 ], [ 85.947833525194937, 27.065913716957084 ], [ 85.94885829103896, 27.065252415126508 ], [ 85.950518897670349, 27.064457343667584 ], [ 85.952633810935879, 27.06416294670214 ], [ 85.952641243930884, 27.062819651165682 ], [ 85.952408916296008, 27.062407514299991 ], [ 85.951992635299575, 27.061875452152719 ], [ 85.951779372644864, 27.060972613507715 ], [ 85.950815114887689, 27.059121877788584 ], [ 85.95134329730837, 27.058614419619232 ], [ 85.95258738192183, 27.058619884871575 ], [ 85.955338302351549, 27.057528890277467 ], [ 85.956136722930069, 27.056761603740654 ], [ 85.957341174796056, 27.056480859563749 ], [ 85.957015731923661, 27.055489714419764 ], [ 85.954852701594291, 27.055813918010017 ], [ 85.952949591364472, 27.056190519493668 ], [ 85.951894836330837, 27.055750321610446 ], [ 85.951875278515615, 27.055257339120203 ], [ 85.95299173685089, 27.053896707123329 ], [ 85.953579173686933, 27.052539893698452 ], [ 85.953056069805029, 27.051611222585279 ], [ 85.950641820431997, 27.050539790303105 ], [ 85.94885055676707, 27.049935844393929 ], [ 85.948209734568991, 27.04911681108149 ], [ 85.947780948334071, 27.047993314558823 ], [ 85.946307357296291, 27.046269424496018 ], [ 85.944489072243755, 27.045280211121337 ], [ 85.942291818660635, 27.044362819454477 ], [ 85.940948263216626, 27.043600326367539 ], [ 85.9401809865725, 27.042907058611377 ], [ 85.939566459999526, 27.042558144022451 ], [ 85.938762066045001, 27.042086018884959 ], [ 85.935265291105623, 27.041677558496474 ], [ 85.933011850735227, 27.042227878921437 ], [ 85.931499403075179, 27.041596434078315 ], [ 85.9305994638828, 27.040782985629676 ], [ 85.928166246657668, 27.04018845484751 ], [ 85.92551287698052, 27.040530548887887 ], [ 85.923849684764036, 27.041326764299583 ], [ 85.921910278315693, 27.041021610400833 ], [ 85.921197645201744, 27.040825156297501 ], [ 85.920014098353192, 27.04048039843002 ], [ 85.919582663579831, 27.040663217731492 ], [ 85.91735728602572, 27.042498139562611 ], [ 85.916189468527762, 27.04224565515608 ], [ 85.916153673238227, 27.041343325534058 ], [ 85.916169490723576, 27.03861315813441 ], [ 85.915712494181662, 27.038009100707825 ], [ 85.914592725398165, 27.036850837733652 ], [ 85.915415307482306, 27.03606053634195 ], [ 85.916109865782687, 27.035728052584091 ], [ 85.918539306704588, 27.037266729318503 ], [ 85.920231247929166, 27.037212633482625 ], [ 85.921321598600116, 27.037217663457341 ], [ 85.922619148616377, 27.036631955141161 ], [ 85.926105284435209, 27.034445399135279 ], [ 85.928577188308509, 27.034087284360112 ], [ 85.928951314825156, 27.034399542996937 ], [ 85.929738053955077, 27.035110583390463 ], [ 85.930144696789682, 27.034792377458245 ], [ 85.930474343148944, 27.033884513335181 ], [ 85.928942597581226, 27.033244841385169 ], [ 85.928299871493209, 27.031885593463301 ], [ 85.928080705610569, 27.030621870993912 ], [ 85.927453008291991, 27.029057812357678 ], [ 85.927217700264407, 27.027700555561125 ], [ 85.92616040551178, 27.02519884686177 ], [ 85.925137867317915, 27.023486328876629 ], [ 85.925484389678616, 27.023082608877303 ], [ 85.926802449904699, 27.023040604586299 ], [ 85.931632886715306, 27.02325019346182 ], [ 85.935509404511777, 27.022887661158336 ], [ 85.936608329432545, 27.022391445562562 ], [ 85.937770747329523, 27.021834781236009 ], [ 85.938599875665432, 27.021808210414747 ], [ 85.940068063504896, 27.022877946553137 ], [ 85.942134625879817, 27.022584048717988 ], [ 85.943037786486343, 27.021782440000663 ], [ 85.942574498204181, 27.021548461188672 ], [ 85.941504655045037, 27.02110185824904 ], [ 85.9420185542441, 27.020869550399539 ], [ 85.942794513058061, 27.020497930326542 ], [ 85.943626935654208, 27.020663370898944 ], [ 85.944702607396607, 27.021036918244533 ], [ 85.945855241439631, 27.02135441010563 ], [ 85.947005355548981, 27.0217536963886 ], [ 85.950791314914284, 27.02146390041554 ], [ 85.95369822481598, 27.020704402110653 ], [ 85.955310627148208, 27.020505084528054 ], [ 85.957166072679172, 27.020137770466022 ], [ 85.958517794075306, 27.02135924942155 ], [ 85.959133870200674, 27.021098143999893 ], [ 85.958718670203609, 27.019735878812639 ], [ 85.958370384249122, 27.018260424354935 ], [ 85.957466246965851, 27.017226920582345 ], [ 85.956925367748624, 27.016512617405283 ], [ 85.955924691463508, 27.016787867551159 ], [ 85.954089311871428, 27.017902436385839 ], [ 85.953380142092556, 27.019265170126062 ], [ 85.95205868058548, 27.01910656898832 ], [ 85.950947091244188, 27.018613214173797 ], [ 85.950214196136585, 27.018399737477637 ], [ 85.94864135010846, 27.018450243172424 ], [ 85.948220401568847, 27.01806977994886 ], [ 85.947803557589339, 27.017721860922563 ], [ 85.946071433224972, 27.016156426305429 ], [ 85.944348061178516, 27.015965066029537 ], [ 85.942481085287113, 27.015272007818169 ], [ 85.936377539658736, 27.015244540360982 ], [ 85.93274294539026, 27.017287622026004 ], [ 85.93185731909756, 27.015804307389658 ], [ 85.932051192112453, 27.015589469101883 ], [ 85.933769847152405, 27.014954890080048 ], [ 85.934347398509772, 27.014165913407226 ], [ 85.933639198212859, 27.013851558422971 ], [ 85.932619789701107, 27.013425515156598 ], [ 85.932371423344705, 27.012179997904127 ], [ 85.931476801913902, 27.011157108970053 ], [ 85.932513833773555, 27.010429684510825 ], [ 85.933711794247188, 27.01020297591441 ], [ 85.934014903959905, 27.010145613697659 ], [ 85.935542921788453, 27.009413889522875 ], [ 85.936131661759362, 27.009394869509379 ], [ 85.938246774676998, 27.00967363784963 ], [ 85.939901074279476, 27.010248267270981 ], [ 85.940618796724152, 27.009995006739302 ], [ 85.939939124199157, 27.00891229141348 ], [ 85.938129325261684, 27.007644407725934 ], [ 85.935926475123438, 27.007386931116741 ], [ 85.93352634619265, 27.00778769680403 ], [ 85.931708670888497, 27.007112666640865 ], [ 85.930104329286451, 27.006785558201955 ], [ 85.929361820298993, 27.005541693025975 ], [ 85.928846682717165, 27.002956431706821 ], [ 85.927842240920825, 27.002385986886281 ], [ 85.927295670718422, 27.001230537028675 ], [ 85.928380271048184, 27.001195776872521 ], [ 85.929578428475963, 27.001728140296677 ], [ 85.929331520839241, 27.000794515652217 ], [ 85.928976241663975, 27.000473183635222 ], [ 85.927771115297503, 26.999969636669164 ], [ 85.92754630969165, 26.999592588216558 ], [ 85.927839442193601, 26.998785325386734 ], [ 85.92743222738261, 26.998417293656246 ], [ 85.92693569252333, 26.998002725890956 ], [ 85.926707658308658, 26.997620432522751 ], [ 85.926073501074427, 26.995640542557112 ], [ 85.925358980258579, 26.995200927442227 ], [ 85.926036855015013, 26.997253536650987 ], [ 85.925618624262597, 26.999148073530364 ], [ 85.924075355529055, 27.000782715491596 ], [ 85.923655551841591, 27.001009379121342 ], [ 85.921477515226115, 27.002185367967456 ], [ 85.919814967832053, 27.002896566643756 ], [ 85.915167453746278, 27.004489870720363 ], [ 85.914371753652915, 27.006273554798895 ], [ 85.913487229943598, 27.007786169735027 ], [ 85.911673190646582, 27.009282744150994 ], [ 85.911420994026969, 27.008327513907886 ], [ 85.911360382516705, 27.008078971282089 ], [ 85.911282404868018, 27.007543519545152 ], [ 85.911285532751492, 27.007313415063777 ], [ 85.91135265454011, 27.007083810612016 ], [ 85.911404287999687, 27.006396062068291 ], [ 85.911589787316245, 27.005251355653911 ], [ 85.911642484687832, 27.004486863347665 ], [ 85.911734359743889, 27.003973224056153 ], [ 85.91193522148285, 27.003286540323757 ], [ 85.912048655372132, 27.002752714582584 ], [ 85.912160024390687, 27.00237225135902 ], [ 85.912290448496776, 27.002163460192662 ], [ 85.912743898964948, 27.001670574830484 ], [ 85.913088360052257, 27.001368608171219 ], [ 85.913646105378234, 27.001032210512051 ], [ 85.913926012275226, 27.000765927624911 ], [ 85.914034312766375, 27.000633565454223 ], [ 85.914093124709439, 27.000311408747962 ], [ 85.913934462416933, 27.000116174141453 ], [ 85.913837362230709, 26.999503976843414 ], [ 85.913715138251519, 26.999119384777657 ], [ 85.913589875422929, 26.997512027708922 ], [ 85.913586778116837, 26.996289137698398 ], [ 85.913526354567352, 26.996058532288032 ], [ 85.913489429714446, 26.995676942198997 ], [ 85.913543564221641, 26.994894388569207 ], [ 85.913575701020704, 26.994168204291498 ], [ 85.913645138594234, 26.993787428099665 ], [ 85.913643165455596, 26.992487795226054 ], [ 85.913585181799078, 26.992103766143373 ], [ 85.913554828379233, 26.991261967091589 ], [ 85.913477787836541, 26.990726638563387 ], [ 85.913418865275446, 26.990380918408619 ], [ 85.913295325570687, 26.990093505670529 ], [ 85.913051186983125, 26.989324445647185 ], [ 85.91290646256806, 26.989016533491224 ], [ 85.912662324879875, 26.988249785655455 ], [ 85.912517474558058, 26.987959871869691 ], [ 85.912477045900118, 26.98780613612854 ], [ 85.912165536408395, 26.987266740812288 ], [ 85.912128077351099, 26.987188456490742 ], [ 85.914367966557677, 26.987397501269243 ], [ 85.915400485559644, 26.988050901551844 ], [ 85.91610160450108, 26.98848502443434 ], [ 85.917553006272556, 26.9888388835613 ], [ 85.91780154979773, 26.988844089805468 ], [ 85.919164197201894, 26.988915403389626 ], [ 85.920657296591514, 26.988510059193231 ], [ 85.922546532796673, 26.987525799349896 ], [ 85.924278701228388, 26.986182347329304 ], [ 85.925687006018109, 26.984609774698697 ], [ 85.926330328364543, 26.983027231152676 ], [ 85.926508167154623, 26.982131786831303 ], [ 85.927074544287734, 26.982004347614577 ], [ 85.926972691121648, 26.981658378344321 ], [ 85.92695895379569, 26.981143861302826 ], [ 85.92712082401232, 26.980341874865246 ], [ 85.927209879656459, 26.980114647353162 ], [ 85.927648400281953, 26.979411780106489 ], [ 85.927803387895949, 26.979070000833019 ], [ 85.928065859405876, 26.978711038885308 ], [ 85.92819947434873, 26.978366822416831 ], [ 85.928374956883943, 26.978083849690449 ], [ 85.928636688242023, 26.978338963749366 ], [ 85.930905473048085, 26.977385203017946 ], [ 85.932359899279618, 26.975819977046285 ], [ 85.931862755571217, 26.972653861116214 ], [ 85.932963073560245, 26.970403733892056 ], [ 85.933214707196839, 26.969476273282396 ], [ 85.93323383243245, 26.967234236466368 ], [ 85.933729971584796, 26.965417860699802 ], [ 85.933972285423806, 26.962559473461511 ], [ 85.934729252103637, 26.960963162012206 ], [ 85.936073728465544, 26.962333252304063 ], [ 85.936835411252559, 26.96362564464016 ], [ 85.939956078442606, 26.961737187258223 ], [ 85.942532127884249, 26.960333339567569 ], [ 85.942533135138262, 26.960205347260455 ], [ 85.945809554376126, 26.959407468980316 ], [ 85.946450199405433, 26.959306546624816 ], [ 85.946748482392877, 26.959443412659937 ], [ 85.946981260594043, 26.959618900591067 ], [ 85.94721184711841, 26.959965873518058 ], [ 85.947444873535801, 26.960120988837502 ], [ 85.947550233204936, 26.96023685542508 ], [ 85.947909929009199, 26.960508024393505 ], [ 85.947949794684121, 26.960758753300183 ], [ 85.94790592247648, 26.960871304942827 ], [ 85.947581206265852, 26.961270450929703 ], [ 85.946437459440801, 26.962385518894735 ], [ 85.946264102031762, 26.962612119571077 ], [ 85.945919329774938, 26.962896087860145 ], [ 85.945295966346634, 26.963290791137354 ], [ 85.944993312596239, 26.963611194142402 ], [ 85.944904567222352, 26.96391735259715 ], [ 85.944856000491541, 26.964431430763625 ], [ 85.945013641140633, 26.965581079018023 ], [ 85.94500982256875, 26.965923986056225 ], [ 85.945085231719645, 26.966786471587341 ], [ 85.945248133472319, 26.967475849724224 ], [ 85.945347167226544, 26.968166977065607 ], [ 85.945192427828715, 26.96862387108348 ], [ 85.944953263457194, 26.969021391973911 ], [ 85.944476562508612, 26.969647327497285 ], [ 85.944410443477295, 26.969818310664721 ], [ 85.944375297506895, 26.971022889336837 ], [ 85.944288681755779, 26.97113731609079 ], [ 85.943814483653512, 26.971551206657637 ], [ 85.943792361837268, 26.97162776245932 ], [ 85.943747425717561, 26.9718191829906 ], [ 85.943744170128696, 26.972105717978764 ], [ 85.943784723794124, 26.972277515942778 ], [ 85.943888954799149, 26.972508434321355 ], [ 85.944225212162223, 26.972971211781896 ], [ 85.944328566316699, 26.973258498613234 ], [ 85.944325812556144, 26.973488666947333 ], [ 85.944066652393815, 26.973773260273504 ], [ 85.943829742652497, 26.973960989938291 ], [ 85.943743064847297, 26.974075415792868 ], [ 85.943719751413539, 26.974246712827892 ], [ 85.943761180130878, 26.974362077587102 ], [ 85.94416080456341, 26.974881786483422 ], [ 85.944245731365413, 26.974923035333916 ], [ 85.944562556820017, 26.97521195265773 ], [ 85.944983364164216, 26.975752098917781 ], [ 85.945236826146697, 26.975984145061148 ], [ 85.945321751150061, 26.976023079026106 ], [ 85.94549009836976, 26.976236438808883 ], [ 85.945761614481114, 26.976755208800512 ], [ 85.94614161814502, 26.977123557096604 ], [ 85.946284524106886, 26.977697694582332 ], [ 85.946516175442639, 26.977967924646123 ], [ 85.946746823121714, 26.978353206500969 ], [ 85.947230372498268, 26.978990845056899 ], [ 85.947695174359467, 26.979416251594841 ], [ 85.947800596082686, 26.979552365786788 ], [ 85.947883955345617, 26.979724476719014 ], [ 85.947923194184796, 26.980011326474028 ], [ 85.947985432590144, 26.980185499579022 ], [ 85.948195085318389, 26.980530034411686 ], [ 85.948405175122957, 26.980820387072413 ], [ 85.948806927379565, 26.981150551448025 ], [ 85.949143560664254, 26.981575019980653 ], [ 85.949268413396567, 26.981862432718742 ], [ 85.949349332766531, 26.982264711085747 ], [ 85.949315625730435, 26.983354237067488 ], [ 85.949435782140938, 26.98404330133684 ], [ 85.949951804667364, 26.985599420652989 ], [ 85.949991294420727, 26.98588626950874 ], [ 85.95021712166988, 26.986691202164309 ], [ 85.950235737882451, 26.986921493707143 ], [ 85.950402020231422, 26.987324335956487 ], [ 85.950465385502184, 26.987383455471786 ], [ 85.950548745664491, 26.987555565504636 ], [ 85.950693593288293, 26.987958219793256 ], [ 85.95082119978116, 26.988017842935506 ], [ 85.950970240999141, 26.988039279459315 ], [ 85.951141531738813, 26.988002162148916 ], [ 85.951442622446791, 26.9878149325138 ], [ 85.951869626201812, 26.987800004469705 ], [ 85.952294378024646, 26.987997244590929 ], [ 85.953332477393701, 26.988695386737049 ], [ 85.95367286539755, 26.988794882748891 ], [ 85.95403300007672, 26.989068302750184 ], [ 85.95464941435165, 26.989303042398717 ], [ 85.95547942403482, 26.98952353659763 ], [ 85.955891492551132, 26.989598786566432 ], [ 85.956246319361412, 26.989664599824209 ], [ 85.956542775801609, 26.989878897612243 ], [ 85.956924530468712, 26.990129882829081 ], [ 85.957643922077182, 26.990710591747927 ], [ 85.95806855069128, 26.990923581005063 ], [ 85.958578477532285, 26.991139381580126 ], [ 85.958748703460572, 26.991179005334232 ], [ 85.959258256178657, 26.991433242542598 ], [ 85.959598958050094, 26.991530489320269 ], [ 85.960278298720823, 26.991880719634764 ], [ 85.960764787120695, 26.992285940622423 ], [ 85.960912201443591, 26.992478801886648 ], [ 85.961165913440936, 26.992692786706471 ], [ 85.961292456021681, 26.992826838725648 ], [ 85.961438929641304, 26.993096379899669 ], [ 85.961542348547766, 26.99338372968441 ], [ 85.961541407844493, 26.993498782374786 ], [ 85.961453290205668, 26.99372601078619 ], [ 85.960915917491434, 26.994028911853434 ], [ 85.960722189269291, 26.9941786446592 ], [ 85.960397600764054, 26.994559792275936 ], [ 85.960311923018196, 26.994595286288586 ], [ 85.960203622527104, 26.994729835639419 ], [ 85.959750672088546, 26.995125855541517 ], [ 85.959641559498834, 26.995316836298514 ], [ 85.959316780334859, 26.995715981386013 ], [ 85.959227660837996, 26.996058324541877 ], [ 85.959203032578046, 26.996344734522609 ], [ 85.959199713136456, 26.996633521442959 ], [ 85.959240643622763, 26.996805193500222 ], [ 85.959471729277482, 26.997149918092362 ], [ 85.9599148481974, 26.997613507651408 ], [ 85.960126566695692, 26.99776849796342 ], [ 85.960464325047155, 26.998116158880862 ], [ 85.960845832397411, 26.998367206151727 ], [ 85.961204839311847, 26.998735367386359 ], [ 85.961287073508061, 26.999002155699202 ], [ 85.96130468876197, 26.999347500831732 ], [ 85.96127674285907, 26.999920385545238 ], [ 85.961177120041157, 27.000312348551972 ], [ 85.961135810035898, 27.000524078741591 ], [ 85.961067811396674, 27.000864234717312 ], [ 85.960629285375205, 27.001887634473064 ], [ 85.960581846409184, 27.002286597895136 ], [ 85.960600713535882, 27.002458207898371 ], [ 85.960534093575575, 27.002685623371292 ], [ 85.960358857457891, 27.003081458909946 ], [ 85.959925839856851, 27.003703208933132 ], [ 85.959900023576722, 27.004045990064583 ], [ 85.959938636479478, 27.004332838920334 ], [ 85.960000374855156, 27.0045047627911 ], [ 85.960769306273733, 27.005832592481738 ], [ 85.961055437460971, 27.006694332465031 ], [ 85.961092173453778, 27.007152605161821 ], [ 85.960934240521112, 27.007896035067176 ], [ 85.960950917769708, 27.008239129166896 ], [ 85.96109539037127, 27.008583101016484 ], [ 85.961027894459733, 27.00886919892838 ], [ 85.960984210212871, 27.008963626294133 ], [ 85.960555072338423, 27.009303400952263 ], [ 85.960423269553417, 27.009663428610736 ], [ 85.960399707004171, 27.009834724746383 ], [ 85.960438570821054, 27.010121574501454 ], [ 85.960521430054371, 27.010293623379596 ], [ 85.960732212346045, 27.010412553997924 ], [ 85.960919743257989, 27.01070046856438 ], [ 85.960960610790949, 27.010815835122287 ], [ 85.961020909333001, 27.011102808985413 ], [ 85.960908163434169, 27.011616448276925 ], [ 85.961214915449318, 27.012536995706569 ], [ 85.961212723772519, 27.012708416849648 ], [ 85.961038677473653, 27.01305013316977 ], [ 85.961052538008346, 27.013621020462608 ], [ 85.961008666700081, 27.013735758386076 ], [ 85.960813624551008, 27.014020916493962 ], [ 85.960535156588321, 27.014206083057047 ], [ 85.960469537586675, 27.014359068753663 ], [ 85.960467283855792, 27.014530490796119 ], [ 85.960379539440567, 27.014757717408884 ], [ 85.960206808867213, 27.014986632071441 ], [ 85.960220731455991, 27.01555751756564 ], [ 85.959959881445172, 27.016013658841018 ], [ 85.959914694411282, 27.01624120112001 ], [ 85.959804641118296, 27.016526923110291 ], [ 85.959757201252955, 27.01692594858639 ], [ 85.959515407228992, 27.017571699134464 ], [ 85.960080567563296, 27.018227899942929 ], [ 85.960412322860691, 27.018862097647229 ], [ 85.960556545447389, 27.019208381684393 ], [ 85.960869556826765, 27.019650658827743 ], [ 85.961057087738766, 27.019938636347547 ], [ 85.961604320750325, 27.020328485919492 ], [ 85.96301661408603, 27.02118499537653 ], [ 85.96386193043287, 27.021520604319846 ], [ 85.964284120053321, 27.021735717803779 ], [ 85.965044575249522, 27.022050514361013 ], [ 85.965697416146384, 27.02249754808156 ], [ 85.965990933563262, 27.022806526847546 ], [ 85.966492353604508, 27.023480348305895 ], [ 85.966723004880919, 27.023712143535136 ], [ 85.966996276492125, 27.02392625336239 ], [ 85.96722698982262, 27.024176110814437 ], [ 85.96770741221502, 27.024813687316339 ], [ 85.967894130129139, 27.025157970335499 ], [ 85.968269818788826, 27.025677431015595 ], [ 85.968605516766218, 27.026025092832356 ], [ 85.969193927580875, 27.026530308062888 ], [ 85.969425706622076, 27.02666511282456 ], [ 85.969636048240091, 27.026840349841564 ], [ 85.970307446892832, 27.027497364547287 ], [ 85.970537722247684, 27.02776753165773 ], [ 85.970978904002266, 27.028154316299549 ], [ 85.971273736245394, 27.028350491609388 ], [ 85.971841463278736, 27.02881495981768 ], [ 85.972093989054599, 27.028990510702272 ], [ 85.972685279536563, 27.029283619821513 ], [ 85.973106654360492, 27.029555227664957 ], [ 85.973782057747258, 27.029889520882705 ], [ 85.974182185806796, 27.030179002088857 ], [ 85.974915571051383, 27.030989816388399 ], [ 85.97512585241401, 27.031144806700354 ], [ 85.97529345138787, 27.031337790274051 ], [ 85.975608465583946, 27.031608585119557 ], [ 85.975901481172457, 27.031976244525822 ], [ 85.976322293013311, 27.032286225149846 ], [ 85.97676328860581, 27.032693194442686 ], [ 85.977754457132448, 27.033278096955655 ], [ 85.977839008012893, 27.03329666010751 ], [ 85.978407923066413, 27.033666322330475 ], [ 85.979164246722462, 27.034344149422225 ], [ 85.980106410542703, 27.035445316382493 ], [ 85.980631267226499, 27.035947717597082 ], [ 85.980672821850533, 27.036024774327814 ], [ 85.98134365572156, 27.036720035907308 ], [ 85.981469009382863, 27.036892397753718 ], [ 85.98182589207056, 27.037240184577911 ] ] ] } },
{ "type": "Feature", "properties": { "Physiography": "Chure Hillslopes", "subdivision": "Pushpawalpur", "Area_sqkm": 67.142 }, "geometry": { "type": "Polygon", "coordinates": [ [ [ 86.02517887734075, 27.020383585411992 ], [ 86.024669385777315, 27.020265024419928 ], [ 86.024414045086246, 27.020263208664744 ], [ 86.024158140512782, 27.020320136503187 ], [ 86.023818060980432, 27.020317755966232 ], [ 86.023392992592051, 27.020276439665679 ], [ 86.023053226027969, 27.020197378319608 ], [ 86.022714025144865, 27.02006188466811 ], [ 86.022164043768839, 27.01967678447869 ], [ 86.021655617016791, 27.01940473776034 ], [ 86.021486266140471, 27.019326868031726 ], [ 86.020976461608825, 27.019210494219806 ], [ 86.02063606910832, 27.019208113682907 ], [ 86.019953466553375, 27.019451579568624 ], [ 86.019526897176604, 27.019545625616786 ], [ 86.018845923315439, 27.019558925866477 ], [ 86.018249690094137, 27.019613471369269 ], [ 86.017738943959898, 27.019609901912872 ], [ 86.016886116375986, 27.019795682720996 ], [ 86.016119279506142, 27.019867100627891 ], [ 86.015863749055598, 27.019921715379439 ], [ 86.015180961237832, 27.020147058786961 ], [ 86.014840442830518, 27.020126616926461 ], [ 86.014585541014412, 27.02006618078633 ], [ 86.013992314266488, 27.019737137880156 ], [ 86.013398711596949, 27.019484775783042 ], [ 86.013080758377555, 27.019290785854707 ], [ 86.012680132986361, 27.018866006152507 ], [ 86.012510783009304, 27.018749762744051 ], [ 86.012341119164773, 27.018671891216798 ], [ 86.012170766430359, 27.01867070139798 ], [ 86.012085592311507, 27.018688136785102 ], [ 86.011828684081365, 27.018860053461196 ], [ 86.011487852705898, 27.018914043175641 ], [ 86.011444983255615, 27.018952040034605 ], [ 86.011401108349958, 27.019105274846765 ], [ 86.011505213448288, 27.01941281198043 ], [ 86.011483091631987, 27.019489365084155 ], [ 86.011397035266555, 27.019642225773396 ], [ 86.011161627412889, 27.019773709294839 ], [ 86.011054325182442, 27.019908320699756 ], [ 86.010859154428658, 27.020367213936936 ], [ 86.01075154012932, 27.020499575208362 ], [ 86.010580874426751, 27.020536756371428 ], [ 86.010240984653876, 27.020477943529045 ], [ 86.009838668514874, 27.020206585700464 ], [ 86.009414101055484, 27.020106586960935 ], [ 86.009158322388771, 27.020143141288315 ], [ 86.008752059073061, 27.020370426357772 ], [ 86.008687816052372, 27.020446730346009 ], [ 86.008259867097365, 27.020730259760114 ], [ 86.007683125140545, 27.020994663938666 ], [ 86.007426218709043, 27.02116658151408 ], [ 86.006572887498123, 27.021447165609572 ], [ 86.006166373268286, 27.021694698283397 ], [ 86.005887905305599, 27.021920611868609 ], [ 86.005631624810519, 27.02201578568156 ], [ 86.005120754568168, 27.022030275750012 ], [ 86.004696502775005, 27.021894155262771 ], [ 86.003276455382093, 27.02115532275252 ], [ 86.00293738040574, 27.020999518543306 ], [ 86.002767215632161, 27.020980204447596 ], [ 86.00174553810092, 27.020991060307551 ], [ 86.000807345739361, 27.021214525006485 ], [ 86.000465386599103, 27.021385877800185 ], [ 86.000401206531762, 27.021462119734338 ], [ 86.000059686266468, 27.021574729833731 ], [ 85.999695666464618, 27.021858696324159 ], [ 85.999546059565603, 27.021934375275237 ], [ 85.999352581358266, 27.022163101077695 ], [ 85.999028988415773, 27.022677548870433 ], [ 85.998451931692102, 27.022980324030925 ], [ 85.998195337329491, 27.023149928519445 ], [ 85.997768642945346, 27.023243913412898 ], [ 85.997551983506355, 27.023285218921501 ], [ 85.996747962775373, 27.023360697321095 ], [ 85.996236528650684, 27.023467616435312 ], [ 85.995829765305359, 27.023708399607926 ], [ 85.995679282455058, 27.023840447911084 ], [ 85.995102102522594, 27.024118351092113 ], [ 85.994780953969723, 27.02432139011853 ], [ 85.994013175497287, 27.024539294235694 ], [ 85.993843135731083, 27.024538040564153 ], [ 85.993164791522361, 27.024393416874489 ], [ 85.992910075868338, 27.024391601119305 ], [ 85.992483816761819, 27.024478710604797 ], [ 85.991544435480819, 27.024828475064282 ], [ 85.991373079989103, 27.02494008690303 ], [ 85.991114858731351, 27.025184185020521 ], [ 85.9910294957524, 27.025219555824378 ], [ 85.990427875520766, 27.025725248601248 ], [ 85.989699399740175, 27.026191568538138 ], [ 85.989291384522005, 27.026527094742733 ], [ 85.988862621669796, 27.026826372393487 ], [ 85.98838873653574, 27.027314820441973 ], [ 85.988021024968134, 27.02782201780451 ], [ 85.987504269484475, 27.028348585920753 ], [ 85.98705056810212, 27.028931964062735 ], [ 85.986898957487028, 27.029158815653261 ], [ 85.986563161482309, 27.030467253905499 ], [ 85.98598003425451, 27.031223361721402 ], [ 85.985935474955738, 27.031374224090655 ], [ 85.985909720729694, 27.031755376204046 ], [ 85.985924143348086, 27.03229020290388 ], [ 85.985854830781932, 27.032747722858176 ], [ 85.985744839543031, 27.033033507801804 ], [ 85.985636725214022, 27.033183866543993 ], [ 85.985443497920869, 27.0333539737602 ], [ 85.985187654502056, 27.033426586881944 ], [ 85.984760519444308, 27.033613000821163 ], [ 85.983947053908309, 27.034099005379346 ], [ 85.983520044757256, 27.034265169915557 ], [ 85.98311365733349, 27.034487830609919 ], [ 85.982963925427043, 27.034581507031817 ], [ 85.982512349170804, 27.035015959969883 ], [ 85.982360741253729, 27.035242812459728 ], [ 85.982316493124529, 27.035395859311109 ], [ 85.982353040257181, 27.035854132007898 ], [ 85.982453456287658, 27.036312841781012 ], [ 85.982448759965848, 27.036694120700474 ], [ 85.982362018307924, 27.036846979591019 ], [ 85.981912447566344, 27.03710769739979 ], [ 85.98182589207056, 27.037240184577911 ], [ 85.981469009382863, 27.036892397753718 ], [ 85.98134365572156, 27.036720035907308 ], [ 85.980672821850533, 27.036024774327814 ], [ 85.980631267226499, 27.035947717597082 ], [ 85.980106410542703, 27.035445316382493 ], [ 85.979164246722462, 27.034344149422225 ], [ 85.978407923066413, 27.033666322330475 ], [ 85.977839008012893, 27.03329666010751 ], [ 85.977754457132448, 27.033278096955655 ], [ 85.97676328860581, 27.032693194442686 ], [ 85.976322293013311, 27.032286225149846 ], [ 85.975901481172457, 27.031976244525822 ], [ 85.975608465583946, 27.031608585119557 ], [ 85.97529345138787, 27.031337790274051 ], [ 85.97512585241401, 27.031144806700354 ], [ 85.974915571051383, 27.030989816388399 ], [ 85.974182185806796, 27.030179002088857 ], [ 85.973782057747258, 27.029889520882705 ], [ 85.973106654360492, 27.029555227664957 ], [ 85.972685279536563, 27.029283619821513 ], [ 85.972093989054599, 27.028990510702272 ], [ 85.971841463278736, 27.02881495981768 ], [ 85.971273736245394, 27.028350491609388 ], [ 85.970978904002266, 27.028154316299549 ], [ 85.970537722247684, 27.02776753165773 ], [ 85.970307446892832, 27.027497364547287 ], [ 85.969636048240091, 27.026840349841564 ], [ 85.969425706622076, 27.02666511282456 ], [ 85.969193927580875, 27.026530308062888 ], [ 85.968605516766218, 27.026025092832356 ], [ 85.968269818788826, 27.025677431015595 ], [ 85.967894130129139, 27.025157970335499 ], [ 85.96770741221502, 27.024813687316339 ], [ 85.96722698982262, 27.024176110814437 ], [ 85.966996276492125, 27.02392625336239 ], [ 85.966723004880919, 27.023712143535136 ], [ 85.966492353604508, 27.023480348305895 ], [ 85.965990933563262, 27.022806526847546 ], [ 85.965697416146384, 27.02249754808156 ], [ 85.965044575249522, 27.022050514361013 ], [ 85.964284120053321, 27.021735717803779 ], [ 85.96386193043287, 27.021520604319846 ], [ 85.96301661408603, 27.02118499537653 ], [ 85.961604320750325, 27.020328485919492 ], [ 85.961057087738766, 27.019938636347547 ], [ 85.960869556826765, 27.019650658827743 ], [ 85.960556545447389, 27.019208381684393 ], [ 85.960412322860691, 27.018862097647229 ], [ 85.960080567563296, 27.018227899942929 ], [ 85.959515407228992, 27.017571699134464 ], [ 85.959757201252955, 27.01692594858639 ], [ 85.959804641118296, 27.016526923110291 ], [ 85.959914694411282, 27.01624120112001 ], [ 85.959959881445172, 27.016013658841018 ], [ 85.960220731455991, 27.01555751756564 ], [ 85.960206808867213, 27.014986632071441 ], [ 85.960379539440567, 27.014757717408884 ], [ 85.960467283855792, 27.014530490796119 ], [ 85.960469537586675, 27.014359068753663 ], [ 85.960535156588321, 27.014206083057047 ], [ 85.960813624551008, 27.014020916493962 ], [ 85.961008666700081, 27.013735758386076 ], [ 85.961052538008346, 27.013621020462608 ], [ 85.961038677473653, 27.01305013316977 ], [ 85.961212723772519, 27.012708416849648 ], [ 85.961214915449318, 27.012536995706569 ], [ 85.960908163434169, 27.011616448276925 ], [ 85.961020909333001, 27.011102808985413 ], [ 85.960960610790949, 27.010815835122287 ], [ 85.960919743257989, 27.01070046856438 ], [ 85.960732212346045, 27.010412553997924 ], [ 85.960521430054371, 27.010293623379596 ], [ 85.960438570821054, 27.010121574501454 ], [ 85.960399707004171, 27.009834724746383 ], [ 85.960423269553417, 27.009663428610736 ], [ 85.960555072338423, 27.009303400952263 ], [ 85.960984210212871, 27.008963626294133 ], [ 85.961027894459733, 27.00886919892838 ], [ 85.96109539037127, 27.008583101016484 ], [ 85.960950917769708, 27.008239129166896 ], [ 85.960934240521112, 27.007896035067176 ], [ 85.961092173453778, 27.007152605161821 ], [ 85.961055437460971, 27.006694332465031 ], [ 85.960769306273733, 27.005832592481738 ], [ 85.960000374855156, 27.0045047627911 ], [ 85.959938636479478, 27.004332838920334 ], [ 85.959900023576722, 27.004045990064583 ], [ 85.959925839856851, 27.003703208933132 ], [ 85.960358857457891, 27.003081458909946 ], [ 85.960534093575575, 27.002685623371292 ], [ 85.960600713535882, 27.002458207898371 ], [ 85.960581846409184, 27.002286597895136 ], [ 85.960629285375205, 27.001887634473064 ], [ 85.961067811396674, 27.000864234717312 ], [ 85.961135810035898, 27.000524078741591 ], [ 85.961177120041157, 27.000312348551972 ], [ 85.96127674285907, 26.999920385545238 ], [ 85.96130468876197, 26.999347500831732 ], [ 85.961287073508061, 26.999002155699202 ], [ 85.961204839311847, 26.998735367386359 ], [ 85.960845832397411, 26.998367206151727 ], [ 85.960464325047155, 26.998116158880862 ], [ 85.960126566695692, 26.99776849796342 ], [ 85.9599148481974, 26.997613507651408 ], [ 85.959471729277482, 26.997149918092362 ], [ 85.959240643622763, 26.996805193500222 ], [ 85.959199713136456, 26.996633521442959 ], [ 85.959203032578046, 26.996344734522609 ], [ 85.959227660837996, 26.996058324541877 ], [ 85.959316780334859, 26.995715981386013 ], [ 85.959641559498834, 26.995316836298514 ], [ 85.959750672088546, 26.995125855541517 ], [ 85.960203622527104, 26.994729835639419 ], [ 85.960311923018196, 26.994595286288586 ], [ 85.960397600764054, 26.994559792275936 ], [ 85.960722189269291, 26.9941786446592 ], [ 85.960915917491434, 26.994028911853434 ], [ 85.961453290205668, 26.99372601078619 ], [ 85.961541407844493, 26.993498782374786 ], [ 85.961542348547766, 26.99338372968441 ], [ 85.961438929641304, 26.993096379899669 ], [ 85.961292456021681, 26.992826838725648 ], [ 85.961165913440936, 26.992692786706471 ], [ 85.960912201443591, 26.992478801886648 ], [ 85.960764787120695, 26.992285940622423 ], [ 85.960278298720823, 26.991880719634764 ], [ 85.959598958050094, 26.991530489320269 ], [ 85.959258256178657, 26.991433242542598 ], [ 85.958748703460572, 26.991179005334232 ], [ 85.958578477532285, 26.991139381580126 ], [ 85.95806855069128, 26.990923581005063 ], [ 85.957643922077182, 26.990710591747927 ], [ 85.956924530468712, 26.990129882829081 ], [ 85.956542775801609, 26.989878897612243 ], [ 85.956246319361412, 26.989664599824209 ], [ 85.955891492551132, 26.989598786566432 ], [ 85.95547942403482, 26.98952353659763 ], [ 85.95464941435165, 26.989303042398717 ], [ 85.95403300007672, 26.989068302750184 ], [ 85.95367286539755, 26.988794882748891 ], [ 85.953332477393701, 26.988695386737049 ], [ 85.952294378024646, 26.987997244590929 ], [ 85.951869626201812, 26.987800004469705 ], [ 85.951442622446791, 26.9878149325138 ], [ 85.951141531738813, 26.988002162148916 ], [ 85.950970240999141, 26.988039279459315 ], [ 85.95082119978116, 26.988017842935506 ], [ 85.950693593288293, 26.987958219793256 ], [ 85.950548745664491, 26.987555565504636 ], [ 85.950465385502184, 26.987383455471786 ], [ 85.950402020231422, 26.987324335956487 ], [ 85.950235737882451, 26.986921493707143 ], [ 85.95021712166988, 26.986691202164309 ], [ 85.949991294420727, 26.98588626950874 ], [ 85.949951804667364, 26.985599420652989 ], [ 85.949435782140938, 26.98404330133684 ], [ 85.949315625730435, 26.983354237067488 ], [ 85.949349332766531, 26.982264711085747 ], [ 85.949268413396567, 26.981862432718742 ], [ 85.949143560664254, 26.981575019980653 ], [ 85.948806927379565, 26.981150551448025 ], [ 85.948405175122957, 26.980820387072413 ], [ 85.948195085318389, 26.980530034411686 ], [ 85.947985432590144, 26.980185499579022 ], [ 85.947923194184796, 26.980011326474028 ], [ 85.947883955345617, 26.979724476719014 ], [ 85.947800596082686, 26.979552365786788 ], [ 85.947695174359467, 26.979416251594841 ], [ 85.947230372498268, 26.978990845056899 ], [ 85.946746823121714, 26.978353206500969 ], [ 85.946516175442639, 26.977967924646123 ], [ 85.946284524106886, 26.977697694582332 ], [ 85.94614161814502, 26.977123557096604 ], [ 85.945761614481114, 26.976755208800512 ], [ 85.94549009836976, 26.976236438808883 ], [ 85.945321751150061, 26.976023079026106 ], [ 85.945236826146697, 26.975984145061148 ], [ 85.944983364164216, 26.975752098917781 ], [ 85.944562556820017, 26.97521195265773 ], [ 85.944245731365413, 26.974923035333916 ], [ 85.94416080456341, 26.974881786483422 ], [ 85.943761180130878, 26.974362077587102 ], [ 85.943719751413539, 26.974246712827892 ], [ 85.943743064847297, 26.974075415792868 ], [ 85.943829742652497, 26.973960989938291 ], [ 85.944066652393815, 26.973773260273504 ], [ 85.944325812556144, 26.973488666947333 ], [ 85.944328566316699, 26.973258498613234 ], [ 85.944225212162223, 26.972971211781896 ], [ 85.943888954799149, 26.972508434321355 ], [ 85.943784723794124, 26.972277515942778 ], [ 85.943744170128696, 26.972105717978764 ], [ 85.943747425717561, 26.9718191829906 ], [ 85.943792361837268, 26.97162776245932 ], [ 85.943814483653512, 26.971551206657637 ], [ 85.944288681755779, 26.97113731609079 ], [ 85.944375297506895, 26.971022889336837 ], [ 85.944410443477295, 26.969818310664721 ], [ 85.944476562508612, 26.969647327497285 ], [ 85.944953263457194, 26.969021391973911 ], [ 85.945192427828715, 26.96862387108348 ], [ 85.945347167226544, 26.968166977065607 ], [ 85.945248133472319, 26.967475849724224 ], [ 85.945085231719645, 26.966786471587341 ], [ 85.94500982256875, 26.965923986056225 ], [ 85.945013641140633, 26.965581079018023 ], [ 85.944856000491541, 26.964431430763625 ], [ 85.944904567222352, 26.96391735259715 ], [ 85.944993312596239, 26.963611194142402 ], [ 85.945295966346634, 26.963290791137354 ], [ 85.945919329774938, 26.962896087860145 ], [ 85.946264102031762, 26.962612119571077 ], [ 85.946437459440801, 26.962385518894735 ], [ 85.947581206265852, 26.961270450929703 ], [ 85.94790592247648, 26.960871304942827 ], [ 85.947949794684121, 26.960758753300183 ], [ 85.947909929009199, 26.960508024393505 ], [ 85.947550233204936, 26.96023685542508 ], [ 85.947444873535801, 26.960120988837502 ], [ 85.94721184711841, 26.959965873518058 ], [ 85.946981260594043, 26.959618900591067 ], [ 85.946748482392877, 26.959443412659937 ], [ 85.946450199405433, 26.959306546624816 ], [ 85.946858085119516, 26.959242291013425 ], [ 85.94782323591528, 26.958554111688727 ], [ 85.950069170444635, 26.957480508414392 ], [ 85.95191739882074, 26.956192393310516 ], [ 85.955296512101995, 26.954967241475174 ], [ 85.957917642456039, 26.953966916829643 ], [ 85.960170705106179, 26.953595396582784 ], [ 85.965297025481334, 26.952024085717653 ], [ 85.966542396142302, 26.950394547476549 ], [ 85.967966459061302, 26.948373066913462 ], [ 85.969761715768982, 26.947443550426442 ], [ 85.97223391912047, 26.946806106126644 ], [ 85.975597718543327, 26.945855401331983 ], [ 85.977183193917995, 26.946460549650624 ], [ 85.979847166742331, 26.94700093603285 ], [ 85.980740705375069, 26.946187744793747 ], [ 85.981227191976245, 26.945745003594084 ], [ 85.981276082467275, 26.945700509047356 ], [ 85.982909840383229, 26.944801637364378 ], [ 85.985535806455857, 26.943597560520573 ], [ 85.987548678594464, 26.943111368900929 ], [ 85.988508447775928, 26.942248219661394 ], [ 85.990042276201052, 26.940931312381394 ], [ 85.992316387762116, 26.939873311651581 ], [ 85.994221196833735, 26.938776449802901 ], [ 85.995145806554774, 26.937104597000541 ], [ 85.995248408866075, 26.935817371337976 ], [ 85.995348698989801, 26.935395943453386 ], [ 85.996074528929967, 26.93234591894435 ], [ 86.006093016397415, 26.927428949121293 ], [ 86.007056038469727, 26.927730943659867 ], [ 86.007051600256773, 26.92776925258778 ], [ 86.007187199130328, 26.928092851825625 ], [ 86.007463031145278, 26.928435575399703 ], [ 86.007664252617815, 26.928592626985107 ], [ 86.008358653534742, 26.928852427473203 ], [ 86.009742890349514, 26.92966994181063 ], [ 86.010977079591612, 26.930630749722809 ], [ 86.011474127071267, 26.931187021939763 ], [ 86.012354431105734, 26.931960342107971 ], [ 86.012884228730172, 26.932293445506957 ], [ 86.013113944699285, 26.932518430080222 ], [ 86.013322407608769, 26.932856089504867 ], [ 86.01369540276329, 26.933743143040601 ], [ 86.014474838402293, 26.934865554067187 ], [ 86.014955567467609, 26.935712736531968 ], [ 86.015224213804345, 26.936010151662174 ], [ 86.01566814122549, 26.936633729131927 ], [ 86.016127570465756, 26.937065635156273 ], [ 86.016329347726639, 26.937493474392511 ], [ 86.016986555789117, 26.938276477689271 ], [ 86.018851270755022, 26.940062911930966 ], [ 86.019238650755995, 26.94032058189697 ], [ 86.020988652080405, 26.941047984772183 ], [ 86.02162393438141, 26.941492392437624 ], [ 86.022228402803592, 26.942114784585272 ], [ 86.022675454510818, 26.94271355212959 ], [ 86.023471133020166, 26.944009635332179 ], [ 86.024276762659554, 26.944707836834368 ], [ 86.025110765385421, 26.945214618704597 ], [ 86.025609070133896, 26.945416609107667 ], [ 86.027977177380421, 26.946150458408567 ], [ 86.028998848616368, 26.946430513695645 ], [ 86.029716750028456, 26.946570825978426 ], [ 86.030252674815074, 26.946793377853396 ], [ 86.030944949706566, 26.947165793836859 ], [ 86.032194264846225, 26.94806342174104 ], [ 86.032485032099885, 26.948311405880474 ], [ 86.033649232476762, 26.949303084329529 ], [ 86.033957933348518, 26.949677494136324 ], [ 86.033967609282399, 26.950133265785439 ], [ 86.033673881421407, 26.950882693348888 ], [ 86.03302420438132, 26.951482940297581 ], [ 86.032376144343687, 26.952484774924756 ], [ 86.032095156447269, 26.953658414710674 ], [ 86.03211714336345, 26.954105250577754 ], [ 86.032336476522232, 26.954693450948298 ], [ 86.032286981678794, 26.954778879578612 ], [ 86.032108441408241, 26.954901742084928 ], [ 86.031717930825891, 26.95486292593273 ], [ 86.03099664881745, 26.954957278653751 ], [ 86.030718620629045, 26.955045640911464 ], [ 86.030546453038767, 26.955195624631415 ], [ 86.030348846888671, 26.955591336061957 ], [ 86.030305343407974, 26.956003985547966 ], [ 86.030439441293197, 26.956374890650409 ], [ 86.030599606372675, 26.956524942719739 ], [ 86.031046916188757, 26.956733306702461 ], [ 86.031113595505076, 26.956740495078634 ], [ 86.031180773052483, 26.956722997637485 ], [ 86.031701774291605, 26.956374539010824 ], [ 86.031990359761153, 26.956453285590044 ], [ 86.032172581005568, 26.956639584414518 ], [ 86.032283938332739, 26.95675313971384 ], [ 86.032484964649825, 26.957248598070407 ], [ 86.032538063124377, 26.958099584717786 ], [ 86.03251781372137, 26.958266444439118 ], [ 86.032310707007525, 26.958635031958011 ], [ 86.032290709418021, 26.958650719039952 ], [ 86.031888881617306, 26.958979619851391 ], [ 86.031472054725157, 26.959317456444865 ], [ 86.030552853598408, 26.95973983942207 ], [ 86.029532342503273, 26.96074816993837 ], [ 86.028554209822062, 26.961359659460641 ], [ 86.028072632684882, 26.96209864575701 ], [ 86.027465317870735, 26.963028613709639 ], [ 86.027386259222681, 26.963294276955708 ], [ 86.027420563416513, 26.963511132449526 ], [ 86.027441120391757, 26.963610561910627 ], [ 86.027389188353368, 26.963727550866963 ], [ 86.026826693644807, 26.964019200367261 ], [ 86.02645748918286, 26.96413174661393 ], [ 86.02584138248011, 26.964181607486296 ], [ 86.025635408027711, 26.964270407719596 ], [ 86.024936435796349, 26.96443938087566 ], [ 86.024614161277384, 26.964655980958639 ], [ 86.024517972116428, 26.965264548544894 ], [ 86.024609009892572, 26.965914992716819 ], [ 86.024389818828524, 26.967420665694249 ], [ 86.024221146049968, 26.967712885372293 ], [ 86.023625774390609, 26.968351756015693 ], [ 86.023596215082648, 26.968383126582239 ], [ 86.023447978768502, 26.968639351318586 ], [ 86.023397857089321, 26.968751778853175 ], [ 86.023392732684556, 26.968839769685928 ], [ 86.023548951486703, 26.969265046719784 ], [ 86.023608627689669, 26.969427908002444 ], [ 86.024047121335116, 26.969972428622782 ], [ 86.024405693871245, 26.970223099972088 ], [ 86.024572790117418, 26.970440957323888 ], [ 86.024635405343702, 26.970522514321601 ], [ 86.024544600495062, 26.970754305953449 ], [ 86.024370682800964, 26.970920037010728 ], [ 86.02332511176553, 26.971928176868175 ], [ 86.023227373052237, 26.972022230111008 ], [ 86.023156377832265, 26.972260894452859 ], [ 86.023171620643211, 26.972466376969635 ], [ 86.023219049716602, 26.972588492129432 ], [ 86.023264104548332, 26.972654234339814 ], [ 86.023557186687583, 26.972859346331006 ], [ 86.024183342547758, 26.973301442708191 ], [ 86.024591468384074, 26.973678790639042 ], [ 86.024781375336318, 26.973926022935302 ], [ 86.024808178185708, 26.974217246151341 ], [ 86.024680436792778, 26.974647331024414 ], [ 86.024001439667586, 26.975779841571182 ], [ 86.023934559799784, 26.976379534530167 ], [ 86.023955342507804, 26.97765223415098 ], [ 86.024134423278099, 26.97853347079473 ], [ 86.024088039230776, 26.979205472001183 ], [ 86.023896245475896, 26.979583247115613 ], [ 86.023492976042917, 26.980015887895775 ], [ 86.023286932341762, 26.980440908619471 ], [ 86.023353043279087, 26.9806940747211 ], [ 86.023619374730288, 26.981131413621767 ], [ 86.023731161039734, 26.981563126289302 ], [ 86.023630415853063, 26.982006899025009 ], [ 86.023704085692145, 26.982368428571135 ], [ 86.024054465296103, 26.982876263561423 ], [ 86.024685491049524, 26.983516905892714 ], [ 86.02482596970907, 26.983727701674354 ], [ 86.025039860998163, 26.984552693973512 ], [ 86.025158402204909, 26.984776925804226 ], [ 86.025597335624639, 26.98521320528954 ], [ 86.025640325585698, 26.985380440932488 ], [ 86.02552764443891, 26.985817399414884 ], [ 86.02557800444157, 26.986142621051158 ], [ 86.0261319851557, 26.98652097173931 ], [ 86.026850508007556, 26.986839580573132 ], [ 86.027601842158958, 26.987032076707806 ], [ 86.028199949592192, 26.987074519873829 ], [ 86.02844935647795, 26.986954409329371 ], [ 86.028666963814885, 26.986434710325739 ], [ 86.028843319603311, 26.986244168443761 ], [ 86.029121846022747, 26.986146807450666 ], [ 86.029526671303472, 26.986002890637451 ], [ 86.029798763887868, 26.985806224291309 ], [ 86.029945493817593, 26.985841098662888 ], [ 86.030081598116851, 26.986011273329154 ], [ 86.030078094311818, 26.986200818749126 ], [ 86.02986691721253, 26.986966433424129 ], [ 86.02989146902911, 26.987370460995635 ], [ 86.0307004585801, 26.988698229531622 ], [ 86.030611965019659, 26.988851089321543 ], [ 86.030178146112064, 26.988927012891452 ], [ 86.029952548193023, 26.989058621420327 ], [ 86.029864357708163, 26.989795803652839 ], [ 86.029882721207912, 26.990156959076046 ], [ 86.02967586720689, 26.990444366418103 ], [ 86.029508199883651, 26.990540230020201 ], [ 86.029355779868069, 26.990717399705829 ], [ 86.029393266804675, 26.991130551020149 ], [ 86.02950699567549, 26.991343408075238 ], [ 86.030068853655564, 26.991570708433414 ], [ 86.030680516749328, 26.99190881482707 ], [ 86.03100927276796, 26.992411962488859 ], [ 86.031073631802769, 26.992764370090811 ], [ 86.030988762558138, 26.993048092861727 ], [ 86.030665484382496, 26.993442987697108 ], [ 86.03042556726848, 26.993924191610688 ], [ 86.030418686464486, 26.994280657906756 ], [ 86.030320505278837, 26.994611690139664 ], [ 86.029808188008246, 26.995057141032476 ], [ 86.029482269388154, 26.996167221291444 ], [ 86.029350285836983, 26.996245275383444 ], [ 86.029018827319817, 26.996276891468142 ], [ 86.028637437782265, 26.996468242750723 ], [ 86.028286911586918, 26.996926132331225 ], [ 86.028246782407166, 26.997379340878638 ], [ 86.028534044057153, 26.997918360273275 ], [ 86.028590781236801, 26.998198523480482 ], [ 86.028491291520254, 26.998312885482392 ], [ 86.028061155385103, 26.998537795410925 ], [ 86.027952480771091, 26.998649909077983 ], [ 86.027825618027407, 26.99887013707405 ], [ 86.027810119805622, 26.998912881516901 ], [ 86.027815992456226, 26.998962566119758 ], [ 86.028024458063669, 26.999295665022032 ], [ 86.02807075847295, 26.999575764376516 ], [ 86.027978955363608, 26.999681190596391 ], [ 86.027734860843452, 26.999758491945954 ], [ 86.027577318221745, 26.999809298018249 ], [ 86.027334345170971, 27.000091893024432 ], [ 86.027332402609659, 27.000315310058625 ], [ 86.027318401778871, 27.000443798798074 ], [ 86.027360207317088, 27.000520791676024 ], [ 86.027529745254924, 27.000616723627502 ], [ 86.027784709125115, 27.000656850109237 ], [ 86.027848138248601, 27.000715907570452 ], [ 86.02786882023122, 27.000810837663892 ], [ 86.027825574859378, 27.000887266659504 ], [ 86.027675904107639, 27.000983256168354 ], [ 86.027420500463165, 27.000981500668502 ], [ 86.027207340332552, 27.001018369762733 ], [ 86.027014426007611, 27.001188476079619 ], [ 86.026949492298399, 27.001341460876915 ], [ 86.027222635304895, 27.001765302573801 ], [ 86.027730497275172, 27.002132089626173 ], [ 86.02817380325655, 27.002575119512016 ], [ 86.02832102961861, 27.002806289704097 ], [ 86.028319901853877, 27.002941652952188 ], [ 86.028126985730239, 27.003111760168395 ], [ 86.027956632096561, 27.003148877478793 ], [ 86.027700289547454, 27.003262237622664 ], [ 86.027443507224007, 27.003431968917312 ], [ 86.026586666812079, 27.004172886982985 ], [ 86.026330825191963, 27.004229751868024 ], [ 86.025905131766478, 27.004265178430614 ], [ 86.025776145695374, 27.004397414694608 ], [ 86.025753769367611, 27.004550711560796 ], [ 86.025900306839901, 27.004858561662672 ], [ 86.026301745228977, 27.005224599569829 ], [ 86.026427661873356, 27.00545558090181 ], [ 86.026573381851108, 27.005860483525282 ], [ 86.026763354454715, 27.006033283347278 ], [ 86.027209793715542, 27.006074725554583 ], [ 86.027315214539385, 27.006190528289494 ], [ 86.027397884013226, 27.006497940415727 ], [ 86.027204968788965, 27.006706480667901 ], [ 86.027182217438906, 27.006859716379381 ], [ 86.027223395242061, 27.007051824901112 ], [ 86.027477797028496, 27.007168631292643 ], [ 86.02786011827601, 27.007266003977065 ], [ 86.027987099731774, 27.007363873093823 ], [ 86.028028967324076, 27.007440928925178 ], [ 86.02807014602655, 27.007594665565705 ], [ 86.028005151162631, 27.007765648733141 ], [ 86.02787660306717, 27.00787982457291 ], [ 86.027492589273152, 27.008010305337052 ], [ 86.027235368074798, 27.008220657747074 ], [ 86.027273601458603, 27.00875560855502 ], [ 86.027142421012684, 27.009215003620568 ], [ 86.026990559483465, 27.009597529016901 ], [ 86.027073542824837, 27.009866630416582 ], [ 86.027242765995823, 27.010000873094612 ], [ 86.027369622444155, 27.010078491908985 ], [ 86.027688454312795, 27.010139366924136 ], [ 86.027815685783366, 27.01019667697949 ], [ 86.028704680081717, 27.010778077486123 ], [ 86.02878866528107, 27.010932127994124 ], [ 86.028808472211779, 27.011085739627219 ], [ 86.028721479639728, 27.011312967139304 ], [ 86.028548807523123, 27.011618622866365 ], [ 86.028525744104172, 27.011848602340365 ], [ 86.028546301079416, 27.011943531534484 ], [ 86.028757582501441, 27.012098395939688 ], [ 86.028778328336784, 27.01217526470964 ], [ 86.028669711280088, 27.012422739826093 ], [ 86.028349125710236, 27.012612280749408 ], [ 86.02828419379972, 27.012765264647385 ], [ 86.028260315584305, 27.013051675527436 ], [ 86.028217319327894, 27.01311004589752 ], [ 86.027982348550552, 27.013223468994795 ], [ 86.02783205186239, 27.013414199736928 ], [ 86.027851858793099, 27.013567809571327 ], [ 86.028018953240633, 27.01395021535626 ], [ 86.027996201890574, 27.014141886801667 ], [ 86.027782163110714, 27.014311866312482 ], [ 86.027504448789841, 27.014425038495574 ], [ 86.027354965998882, 27.014521028903687 ], [ 86.027097306824885, 27.014787749766469 ], [ 86.026946759222596, 27.015016851490543 ], [ 86.02664353709315, 27.015626228477402 ], [ 86.026450933038404, 27.015798584927779 ], [ 86.026194402528517, 27.015929942542471 ], [ 86.026151468326191, 27.015988312912555 ], [ 86.026064413700055, 27.016215602478724 ], [ 86.02601928782093, 27.016522136855031 ], [ 86.025653137496988, 27.01705658313665 ], [ 86.025605692235615, 27.017667714723984 ], [ 86.02534270720605, 27.018584189070225 ], [ 86.02529751927284, 27.018890785500616 ], [ 86.025291254512638, 27.019655591674393 ], [ 86.025223000462518, 27.02019210372606 ], [ 86.02517887734075, 27.020383585411992 ] ] ] } }
]
}
